-- phpMyAdmin SQL Dump
-- version 4.5.4.1deb2ubuntu2.1
-- http://www.phpmyadmin.net
--
-- Host: localhost
-- Generation Time: Oct 07, 2019 at 11:59 AM
-- Server version: 5.7.27-0ubuntu0.16.04.1
-- PHP Version: 7.1.31-1+ubuntu16.04.1+deb.sury.org+1

SET SQL_MODE = "NO_AUTO_VALUE_ON_ZERO";
SET time_zone = "+00:00";


/*!40101 SET @OLD_CHARACTER_SET_CLIENT=@@CHARACTER_SET_CLIENT */;
/*!40101 SET @OLD_CHARACTER_SET_RESULTS=@@CHARACTER_SET_RESULTS */;
/*!40101 SET @OLD_COLLATION_CONNECTION=@@COLLATION_CONNECTION */;
/*!40101 SET NAMES utf8mb4 */;

--
-- Database: `cars`
--

-- --------------------------------------------------------

--
-- Table structure for table `123specification`
--

CREATE TABLE `123specification` (
  `id` int(11) NOT NULL,
  `name` varchar(255) CHARACTER SET utf8 NOT NULL,
  `ar` varchar(255) CHARACTER SET utf8 NOT NULL,
  `ku` varchar(255) CHARACTER SET utf8 NOT NULL,
  `published` int(11) NOT NULL
) ENGINE=InnoDB DEFAULT CHARSET=latin1;

--
-- Dumping data for table `123specification`
--

INSERT INTO `123specification` (`id`, `name`, `ar`, `ku`, `published`) VALUES
(1, 'Auto', 'Auto', 'Auto', 1),
(2, '3 tear ac', '3 tear ac', '3 tear ac', 1),
(3, '320 speed', '320 السرعة', '320 رفتار۔', 1),
(4, 'Tubeless', 'Tubeless', 'Tubeless', 1),
(5, 'Heavy Body', 'Heavy Body', 'Heavy Body', 1);

-- --------------------------------------------------------

--
-- Table structure for table `aboutus`
--

CREATE TABLE `aboutus` (
  `id` int(11) NOT NULL,
  `description` longtext NOT NULL,
  `image` varchar(255) NOT NULL
) ENGINE=InnoDB DEFAULT CHARSET=latin1;

--
-- Dumping data for table `aboutus`
--

INSERT INTO `aboutus` (`id`, `description`, `image`) VALUES
(1, '<p><strong>Lorem simply dummy is a texted of the printing costed and typesetting industry. Lorem Ipsum has been the industry\'s standard dummy text ever since the 1500s, </strong>when an unknown printer took a galley of type. Lorem simply dummy is a texted of the printing costed and typesetting industry. Lorem Ipsum has been the industry\'s standard dummy text ever since the 1500s, when an unknown printer took a galley of type.when an unknown printer took a galley of type. Lorem simply dummy is a texted of the printing costed and typesetting industry. Lorem Ipsum has been the industry\'s standard dummy text ever since the 1500s, when an unknown printer took a galley of type.</p>', '1568436217.home-2-about.png');

-- --------------------------------------------------------

--
-- Table structure for table `administrators`
--

CREATE TABLE `administrators` (
  `myid` int(10) UNSIGNED NOT NULL,
  `first_name` varchar(255) COLLATE utf8_unicode_ci NOT NULL,
  `last_name` varchar(255) COLLATE utf8_unicode_ci NOT NULL,
  `email` varchar(255) COLLATE utf8_unicode_ci NOT NULL,
  `password` varchar(255) COLLATE utf8_unicode_ci NOT NULL,
  `isActive` tinyint(1) NOT NULL DEFAULT '0',
  `address` varchar(255) COLLATE utf8_unicode_ci NOT NULL,
  `description` longtext CHARACTER SET utf8 NOT NULL,
  `city` varchar(255) COLLATE utf8_unicode_ci NOT NULL,
  `zip` varchar(255) COLLATE utf8_unicode_ci NOT NULL,
  `country` varchar(255) COLLATE utf8_unicode_ci NOT NULL,
  `phone` varchar(255) COLLATE utf8_unicode_ci NOT NULL,
  `image` text COLLATE utf8_unicode_ci NOT NULL,
  `adminType` tinyint(1) NOT NULL,
  `category` varchar(255) COLLATE utf8_unicode_ci NOT NULL,
  `remember_token` varchar(100) COLLATE utf8_unicode_ci DEFAULT NULL,
  `created_at` timestamp NULL DEFAULT NULL,
  `updated_at` timestamp NULL DEFAULT NULL,
  `issubadmin` int(11) NOT NULL COMMENT '1=superAdmin,2=showroomAdmin,3=store,4=company'
) ENGINE=InnoDB DEFAULT CHARSET=utf8 COLLATE=utf8_unicode_ci;

--
-- Dumping data for table `administrators`
--

INSERT INTO `administrators` (`myid`, `first_name`, `last_name`, `email`, `password`, `isActive`, `address`, `description`, `city`, `zip`, `country`, `phone`, `image`, `adminType`, `category`, `remember_token`, `created_at`, `updated_at`, `issubadmin`) VALUES
(1, 'Admin', '', 'car@gmail.com', '$2y$10$K2DV.mc/GEIlRcmMuoCqs.ND214ea2STV/lH5dVn/a/wxhgzJEp3e', 1, 'address', '', 'Nivada', '38000', '218', '123456789', 'resources/views/admin/images/admin_profile/1513671470.fast.jpg', 1, '', 's1xadHo4Yi2cHI3pOfyGyzyvXCI4GoycYLg2cwHElcgB8ZwXVcvV5ZRhSWyy', '0000-00-00 00:00:00', '2019-09-27 01:15:57', 0),
(8, 'Admin', '', 'demo@android.com', '$2y$10$vbQE1Lbu1kXCAILSvaH0uOZ3oA6oZdCf/0kjQB16iGnjc3eTaFBeu', 1, 'address', '', 'Nivada', '38000', '223', '', 'resources/views/admin/images/admin_profile/1513671470.fast.jpg', 1, '', 'resources/views/admin/images/admin_profile/1505132393.1486628854.fast.jpg', NULL, NULL, 0),
(9, 'Admin', '', 'demo@ionic.com', '$2y$10$vbQE1Lbu1kXCAILSvaH0uOZ3oA6oZdCf/0kjQB16iGnjc3eTaFBeu', 1, 'address', '', 'Nivada', '38000', '223', '', 'resources/views/admin/images/admin_profile/1513671470.fast.jpg', 1, '', 'c68im2rP1dzUw7guozSqEbxZHY5ebSGGOprcPezzYDo2ZIvxCaGplhjn5rFP', NULL, NULL, 0),
(23, 'prakash', 'sonule', 'prakash@gmail.com', '$2y$10$DDugbqADUP14v3wh8xwmfejd8eJWErzZaWYp5Lnag7wsztPltj2lK', 0, 'jasodanagar', '', '15', '382445', '99', '7894561230', 'resources/views/admin/images/admin_profile/1563960498.blog-image-real-estate-listing-descriptions.jpg', 1, '', '0s79xe1x4O3OrI3Ee4eNbRyYoPly4KciJ24osQJxh905UAgGINEGHXsygIhK', '2019-07-24 03:58:18', '2019-07-24 07:23:04', 2),
(24, 'akash', 'tsdddd', 'akash@gmail.com', '$2y$10$YGuwUH/t0FXfk1o7TAL9bONfLg1vJa.kyIsfY4tlK2Bvnaci2LlDm', 0, 'dhjfvshjdafvhjadfahjdfvahdfvfhfhhhdfhh', '', '14', '54775', '223', '5764567467667', 'resources/views/admin/images/admin_profile/1563960699.businesspeople-brainstorming-with-creative-ideas-picture-id950560696-1024x512.jpg', 1, '', 'aiqtgFXnuFaUpcYSlp7NwVfE0xCKDCKtQmFaKzoUKEmroIn1Xsw0Nlkxb0Hn', '2019-07-24 04:01:39', '2019-07-24 07:22:59', 2),
(25, 'abbas bhai', 'daruvala', 'daruvala@gmail.com', '$2y$10$xDdmgzSXnS5ADWOnGVwW3u1jWeaZ2FI2fD5AyZoIuPt56efGxPSBm', 0, 'new dubai', '', '12', '693200', '1', '963258741', 'resources/views/admin/images/admin_profile/1564654286.user4.jpeg', 1, '', NULL, '2019-08-01 04:41:26', '0000-00-00 00:00:00', 2),
(28, 'sanvi', 'patel', 'sanvi@gmail.com', '$2y$10$kTuxk9myBry.FWcBwVwzduLikWAg4eOR2n0gdvfRI/O/KzkHYFU..', 0, 'gds', '', '14', '6546', '2', '8795463210', 'resources/views/admin/images/admin_profile/1564660580.laptop4.jpg', 1, '3,5,7,8', 'Bp6poyDivD7syyruF4CT0upzK57lze4s9E5jW6tcW5cRj8kQt0PnlWSHQS7B', '2019-08-01 06:26:20', '2019-08-02 06:01:56', 4),
(29, 'riya', 't', 'riya@gmail.com', '$2y$10$Dz1o9Uk2v7D0LQXGR0Fl/ObB5J9lmO4cRzYIHvVsu3cYe5E1RORey', 0, 'gdsg', 'Global Travels represents the CABGURGAON.COM, which is the first Gurgaon based online booking system of cab rentals in India as the master licensee of GlGlobal Travels represents the CABGURGAON.COM, which is the first Gurgaon based online booking system of cab rentals in India as the master licensee of Global Travels.', '12', '', '12', '', 'resources/views/admin/images/admin_profile/1564663719.wallet1.jpeg', 1, '7,8', 'JCWBC2WZvjdeRP0e4S3oRPwOVgA7q1KQ9w5nmnXm6pHwUf6Itp4gq2rCqZ6s', '2019-08-01 07:18:39', '2019-09-30 23:20:03', 4),
(30, 'hakim bhai', 'potliwala', 'potliwala@gmail.com', '$2y$10$xe8.Q.hnKEglgsep1chrWOXNkdhHaii4uYWDGogmMY.yWTq9yw3DS', 0, 'ghh', '', '11', '45000', '1', '9876541323', '', 1, '', NULL, '2019-08-18 23:16:32', '2019-09-30 23:17:44', 2),
(31, 'heery', '1son', 'car1234@gmail.com', '$2y$10$u1CkMeuqKQ57kz0256jzwe1EL1iG/8nID4GfBhKyEL/S..6928qD2', 0, 'new', 'new', '12', '380015', '16', '9632587410', 'resources/views/admin/images/admin_profile/1568274546.laptop1.jpeg', 1, '', 'iYOaMHchdzgzcwDf1FiZvpickttj5SlKn8CGP8oePTLEy6GmRr9Z1Awv1wUe', '2019-09-12 02:19:06', '2019-09-30 00:34:36', 4),
(32, 'simon', 'smith', 'simonsmith@gmail.com', '$2y$10$kQymI5q3SjaI3HGP04au8O3fAorywdUUyPlEN.tIsXhCyOvWQCfw6', 0, 'america', '', '16', '123123', '4', '9874561230', 'resources/views/admin/images/admin_profile/1568356448.d1.jpg', 1, '3,4', 'sbtqUCSaohIIKVXcID53eNCLfo76mLk7gP3PQhjUh6KINbdWKCgOBf9yRcVq', '2019-09-13 01:04:08', '2019-09-16 00:52:32', 3),
(33, 'Patrik', 'Nash', 'patriknash@gmail.com', '$2y$10$fnDJmUBlDXuLGJJ/3t.2jOrE9VsPxhSc45h07lrj67blZH1y/efNS', 0, 'dubai', '', '12', '456123', '13', '9876543332', 'resources/views/admin/images/admin_profile/1568356849.d2.jpg', 1, '5,6,7', NULL, '2019-09-13 01:10:49', '0000-00-00 00:00:00', 3),
(34, 'Henry', 'Shaw', 'henryshaw@gmail.com', '$2y$10$aB1WQeP/g4IpBX.rMUrZ2eL/Wm77oI8JrBC9eUKN29VMVNnJLCa3O', 0, 'africa', '', '15', '5555555555', '1', '9876543211', 'resources/views/admin/images/admin_profile/1568356983.d4.jpg', 1, '3,8,9,11', NULL, '2019-09-13 01:13:03', '2019-09-16 00:53:39', 3),
(35, 'Metthew', 'Pattern', 'metthewpattern@gmail.com', '$2y$10$/hDmw/2MCW9twkc78zOiO.tJpz73rJ/C8UefKY6sOPwxvIlQgw72O', 0, '04,kerala,dubai', '', '14', '4444444444', '57', '9873216541', 'resources/views/admin/images/admin_profile/1568357127.d3.jpeg', 1, '3,4,5,6', NULL, '2019-09-13 01:15:27', '2019-09-16 23:33:13', 3),
(36, 'priyabrta', 'posta', 'posta@gmail.com', '$2y$10$9BZJHBS2G.WTnmox6hrpnOT.WZ6g7FlkcoRl0zY8wo/3l465TSOLq', 0, 'ahmedabad', 'new', '11', '34444', '20', '7894561320', 'resources/views/admin/images/admin_profile/1568712513.rose-blue-flower-rose-blooms-67636.jpeg', 1, '9', NULL, '2019-09-17 03:58:34', '2019-09-18 00:22:11', 3),
(37, 'jatin', 'bhai', 'jatin@gmail.com', '$2y$10$ttdozBvnZ0Xe6RD2e3tPou8HMeGb.lzuUlBhA2i5PqBJXS3y.NMNW', 0, 'abad', 'abd', '11', '4444', '8', '444444', 'resources/views/admin/images/admin_profile/1569321769.male1.jpeg', 1, '7', NULL, '2019-09-24 05:12:49', '0000-00-00 00:00:00', 3),
(38, 'mahesh', 'bhai', 'mahesh@gmail.com', '$2y$10$Drdz6e1TV3XH.LjbhH5sZ.pPbtwmJ3nRUkeFm8rti9xshHlC0qxkC', 0, 'abad', 'abd', '17', '4444', '17', '4545454', 'resources/views/admin/images/admin_profile/1569321821.male2.jpg', 1, '5', NULL, '2019-09-24 05:13:41', '0000-00-00 00:00:00', 3),
(39, 'Damu', 'bhai', 'don@gmail.com', '$2y$10$9JqLz.wXQjscggF5STAL8.IHgUGM4TULCL27uLVexJwHPEYK1R/0i', 0, 'vadodara', 'vcadodara', '21', '5656', '13', '879789879', 'resources/views/admin/images/admin_profile/1569321892.male3.jpg', 1, '7', NULL, '2019-09-24 05:14:52', '0000-00-00 00:00:00', 3),
(40, 'raju', 'bhai', 'raju@gmail.com', '$2y$10$5a.owHbImFRvswhapqyKieDvYyHR4iZVVr6/zzu5zRA3I2cwa4WMe', 0, 'sdsds', 'sdsd', '10', '45654', '19', '546546546', 'resources/views/admin/images/admin_profile/1569321968.male4.jpg', 1, '7', NULL, '2019-09-24 05:16:08', '0000-00-00 00:00:00', 3),
(41, 'fasino', 'sed', 'fasino@gmail.com', '$2y$10$0Xs9GzSZjxXb6Z8vENnQrerMiHx8R82pAxANNZgIIk5orE4Je5a1K', 0, 'fgfg', 'dfgdfg', '10', '546', '17', '546546', 'resources/views/admin/images/admin_profile/1569322023.male6.jpg', 1, '5,8', NULL, '2019-09-24 05:17:04', '0000-00-00 00:00:00', 3),
(42, 'mukesh', 'bhai', 'mukesh@gmail.com', '$2y$10$p4MAlbtj8RKwcmWvlG07uemlPrLPBKfHhGMmc7KIrakIIlKoOPMg2', 0, 'dsf', 'dsfdsf', '20', '546', '16', '546546', 'resources/views/admin/images/admin_profile/1569325588.male5.jpg', 1, '3', NULL, '2019-09-24 06:16:28', '0000-00-00 00:00:00', 3),
(43, 'jack', 'sparrow', 'jalpa@gmail.com', '$2y$10$D0CCqB.76CBxiYFim4QjSeiulSIcurE9ut/faA0CFGl/neGlsrxVq', 0, 'vfdgd', 'fdgfdg', '19', '567', '14', '657657', 'resources/views/admin/images/admin_profile/1569325938.male1.jpeg', 1, '4', NULL, '2019-09-24 06:22:18', '2019-09-30 23:18:15', 3),
(44, 'hitesh', 'bhai', 'hitesh@gmail.com', '$2y$10$B34RdJVQBxmgjlK.qoP9t.XCW.PVGUFYwwAPjOcYi1gJQFV1YV5z6', 0, 'dfgdg', 'fdgfdgdfg', '21', '567', '', '657657', 'resources/views/admin/images/admin_profile/1569325984.male5.jpg', 1, '3,7', '8Vk489g2cxkDM0DHpbPrTRz9FqPzsWp1S6zP1d2bvMuHyYT81dnaRPAM7OlN', '2019-09-24 06:23:04', '2019-09-30 00:21:49', 3),
(45, 'fgdfg', 'dfghdgh', 'kinnari@gmail.com', '$2y$10$CAm6UUJrs6HFkMjKsQzjS.D80HOmh1NRL1jj4i9.Z4Z468Ol9/egO', 0, 'dfghdgh', 'dfghdgh', '', '789456', '13', '5894564532132', '', 1, '', 'HwH3ccFvwSWWjFSHBqumRYW8FT3nF7BdCkv1GCsGHSmfjP6S4RQxFngzJ3nw', '2019-09-26 07:52:53', '2019-09-30 23:20:18', 2);

-- --------------------------------------------------------

--
-- Table structure for table `ads`
--

CREATE TABLE `ads` (
  `id` int(11) NOT NULL,
  `type` int(11) NOT NULL,
  `name` varchar(255) NOT NULL,
  `description` longtext NOT NULL,
  `fromdate` date NOT NULL,
  `todate` date NOT NULL,
  `published` int(11) NOT NULL,
  `image` varchar(255) NOT NULL
) ENGINE=InnoDB DEFAULT CHARSET=latin1;

--
-- Dumping data for table `ads`
--

INSERT INTO `ads` (`id`, `type`, `name`, `description`, `fromdate`, `todate`, `published`, `image`) VALUES
(1, 1, 'test1', 'test1', '2019-09-05', '2019-09-04', 1, '1568615409.shutterstock1.jpg'),
(2, 1, 'test 2', 'test 2', '2019-09-04', '2019-09-04', 1, '1568616371.shutterstock2.jpg');

-- --------------------------------------------------------

--
-- Table structure for table `car_accessories`
--

CREATE TABLE `car_accessories` (
  `id` int(11) NOT NULL,
  `store_id` int(11) NOT NULL,
  `category_id` int(11) NOT NULL,
  `name` varchar(255) NOT NULL,
  `description` text NOT NULL,
  `price` varchar(255) NOT NULL,
  `size` varchar(255) NOT NULL,
  `model` varchar(255) NOT NULL,
  `color` varchar(255) NOT NULL,
  `specification` longtext NOT NULL,
  `status` tinyint(4) NOT NULL,
  `quantity` int(11) NOT NULL
) ENGINE=InnoDB DEFAULT CHARSET=latin1;

--
-- Dumping data for table `car_accessories`
--

INSERT INTO `car_accessories` (`id`, `store_id`, `category_id`, `name`, `description`, `price`, `size`, `model`, `color`, `specification`, `status`, `quantity`) VALUES
(7, 33, 0, 'Tire Set', 'packages and web page editors now use Lorem Ipsum as their default model text, and a search for \'lorem ipsum\' will uncover many web sites still in their infancy. Various versions have evolved over the years, sometimes by accident, sometimes on purpose (injected humour and the like).', '435435', '400', 'fgdfsg', 'fsdgsfg', 'jbdfgkjsb', 1, 10),
(8, 33, 5, 'Back Light', 'packages and web page editors now use Lorem Ipsum as their default model text, and a search for \'lorem ipsum\' will uncover many web sites still in their infancy. Various versions have evolved over the years, sometimes by accident, sometimes on purpose (injected humour and the like).', '2500', '4000', 'fdhfdh', 'dhjvfj', 'sbdfkghb', 1, 10),
(9, 33, 6, 'Parking Light', 'packages and web page editors now use Lorem Ipsum as their default model text, and a search for \'lorem ipsum\' will uncover many web sites still in their infancy. Various versions have evolved over the years, sometimes by accident, sometimes on purpose (injected humour and the like).', '566', '400', 'thth', 'rthtrh', 'Parking Light', 1, 10),
(10, 33, 7, 'Mirrors', 'gcgh', '50.00', '5', '23', 'black', 'bj', 2, 10),
(11, 32, 3, 'Sound System', 'packages and web page editors now use Lorem Ipsum as their default model text, and a search for \'lorem ipsum\' will uncover many web sites still in their infancy. Various versions have evolved over the years, sometimes by accident, sometimes on purpose (injected humour and the like).', '50000', '90\' cm', 'a1', 'Blue', 'Nothing but good', 1, 20),
(12, 32, 4, 'AC colder', 'packages and web page editors now use Lorem Ipsum as their default model text, and a search for \'lorem ipsum\' will uncover many web sites still in their infancy. Various versions have evolved over the years, sometimes by accident, sometimes on purpose (injected humour and the like).', '100000', '300 cm', 'ac-1', 'black', 'noooo', 1, 110),
(13, 44, 3, 'demo pro', 'dfhdghfgh', '45000', '4500', '2019', 'red', 'kfjbgfskj', 1, 4);

-- --------------------------------------------------------

--
-- Table structure for table `car_accessories_img`
--

CREATE TABLE `car_accessories_img` (
  `id` int(11) NOT NULL,
  `product_id` int(11) NOT NULL,
  `img_name` varchar(255) NOT NULL
) ENGINE=InnoDB DEFAULT CHARSET=latin1;

--
-- Dumping data for table `car_accessories_img`
--

INSERT INTO `car_accessories_img` (`id`, `product_id`, `img_name`) VALUES
(28, 7, '1565701755.download-(5).jpeg'),
(29, 8, '1565702033.maruti-suzuki-eeco-back-light-500x500.jpg'),
(30, 9, '1565702111.download-(9).jpeg'),
(31, 10, '1565702301.wing-mirror.jpeg'),
(32, 10, '1565702301.rear-mirror.jpeg'),
(33, 10, '1565702301.blind-spot-mirrors.jpeg'),
(34, 8, '1565702449.download-(7).jpeg'),
(36, 11, '1568357435.download.jpeg'),
(37, 12, '1568357621.download-(1).jpeg'),
(38, 13, '1569559765.photo-1511919884226-fd3cad34687c.jpeg');

-- --------------------------------------------------------

--
-- Table structure for table `car_brand`
--

CREATE TABLE `car_brand` (
  `id` int(11) NOT NULL,
  `name` varchar(255) NOT NULL,
  `ar` varchar(255) NOT NULL,
  `ku` varchar(255) NOT NULL,
  `description` longtext NOT NULL,
  `status` int(11) NOT NULL
) ENGINE=InnoDB DEFAULT CHARSET=utf8;

--
-- Dumping data for table `car_brand`
--

INSERT INTO `car_brand` (`id`, `name`, `ar`, `ku`, `description`, `status`) VALUES
(1, 'abarth', 'abarth', 'abarth', '', 1),
(2, 'ac', 'ac', 'ac', '', 1),
(3, 'acura', 'acura', 'acura', '', 1),
(4, 'Alfa Romeo', 'Alfa Romeo', 'Alfa Romeo', '', 1),
(5, 'allard', 'allard', 'allard', '', 1),
(6, 'alpina', 'alpina', 'alpina', '', 1),
(7, 'alpine', 'alpine', 'alpine', '', 1),
(8, 'alvis', 'alvis', 'alvis', '', 1),
(9, 'amc', 'amc', 'amc', '', 1),
(10, 'ariel', 'ariel', 'ariel', '', 1),
(11, 'armstrong-siddeley', 'armstrong-siddeley', 'armstrong-siddeley', '', 1),
(12, 'ascari', 'ascari', 'ascari', '', 1),
(13, 'Aston Martin', 'Aston Martin', 'Aston Martin', '', 1),
(14, 'audi', 'audi', 'audi', '', 1),
(15, 'austin', 'austin', 'austin', '', 1),
(16, 'austin-healey', 'austin-healey', 'austin-healey', '', 1),
(17, 'autobianchi', 'autobianchi', 'autobianchi', '', 1),
(18, 'auverland', 'auverland', 'auverland', '', 1),
(19, 'avanti', 'avanti', 'avanti', '', 1),
(20, 'beijing', 'beijing', 'beijing', '', 1),
(21, 'bentley', 'bentley', 'bentley', '', 1),
(22, 'berkeley', 'berkeley', 'berkeley', '', 1),
(23, 'bitter', 'bitter', 'bitter', '', 1),
(24, 'bizzarrini', 'bizzarrini', 'bizzarrini', '', 1),
(25, 'bmw', 'bmw', 'bmw', '', 1),
(26, 'brilliance', 'brilliance', 'brilliance', '', 1),
(27, 'bristol', 'bristol', 'bristol', '', 1),
(28, 'bugatti', 'bugatti', 'bugatti', '', 1),
(29, 'buick', 'buick', 'buick', '', 1),
(30, 'cadillac', 'cadillac', 'cadillac', '', 1),
(31, 'caterham', 'caterham', 'caterham', '', 1),
(32, 'checker', 'checker', 'checker', '', 1),
(33, 'chevrolet', 'chevrolet', 'chevrolet', '', 1),
(34, 'chrysler', 'chrysler', 'chrysler', '', 1),
(35, 'citroen', 'citroen', 'citroen', '', 1),
(36, 'dacia', 'dacia', 'dacia', '', 1),
(37, 'daewoo', 'daewoo', 'daewoo', '', 1),
(38, 'daf', 'daf', 'daf', '', 1),
(39, 'daihatsu', 'daihatsu', 'daihatsu', '', 1),
(40, 'daimler', 'daimler', 'daimler', '', 1),
(41, 'datsun', 'datsun', 'datsun', '', 1),
(42, 'de-tomaso', 'de-tomaso', 'de-tomaso', '', 1),
(43, 'dkw', 'dkw', 'dkw', '', 1),
(44, 'dodge', 'dodge', 'dodge', '', 1),
(45, 'donkervoort', 'donkervoort', 'donkervoort', '', 1),
(46, 'eagle', 'eagle', 'eagle', '', 1),
(47, 'fairthorpe', 'fairthorpe', 'fairthorpe', '', 1),
(48, 'ferrari', 'ferrari', 'ferrari', '', 1),
(49, 'fiat', 'fiat', 'fiat', '', 1),
(50, 'fisker', 'fisker', 'fisker', '', 1),
(51, 'ford', 'ford', 'ford', '', 1),
(52, 'gaz', 'gaz', 'gaz', '', 1),
(53, 'geely', 'geely', 'geely', '', 1),
(54, 'ginetta', 'ginetta', 'ginetta', '', 1),
(55, 'gmc', 'gmc', 'gmc', '', 1),
(56, 'holden', 'holden', 'holden', '', 1),
(57, 'honda', 'honda', 'honda', '', 1),
(58, 'hudson', 'hudson', 'hudson', '', 1),
(59, 'humber', 'humber', 'humber', '', 1),
(60, 'hummer', 'hummer', 'hummer', '', 1),
(61, 'hyundai', 'hyundai', 'hyundai', '', 1),
(62, 'infiniti', 'infiniti', 'infiniti', '', 1),
(63, 'innocenti', 'innocenti', 'innocenti', '', 1),
(64, 'isuzu', 'isuzu', 'isuzu', '', 1),
(65, 'italdesign', 'italdesign', 'italdesign', '', 1),
(66, 'jaguar', 'jaguar', 'jaguar', '', 1),
(67, 'jeep', 'jeep', 'jeep', '', 1),
(68, 'jensen', 'jensen', 'jensen', '', 1),
(69, 'kia', 'kia', 'kia', '', 1),
(70, 'koenigsegg', 'koenigsegg', 'koenigsegg', '', 1),
(71, 'lada', 'lada', 'lada', '', 1),
(72, 'lamborghini', 'lamborghini', 'lamborghini', '', 1),
(73, 'lancia', 'lancia', 'lancia', '', 1),
(74, 'land-rover', 'land-rover', 'land-rover', '', 1),
(75, 'lexus', 'lexus', 'lexus', '', 1),
(76, 'lincoln', 'lincoln', 'lincoln', '', 1),
(77, 'lotec', 'lotec', 'lotec', '', 1),
(78, 'lotus', 'lotus', 'lotus', '', 1),
(79, 'luxgen', 'luxgen', 'luxgen', '', 1),
(80, 'mahindra', 'mahindra', 'mahindra', '', 1),
(81, 'marcos', 'marcos', 'marcos', '', 1),
(82, 'maserati', 'maserati', 'maserati', '', 1),
(83, 'matra-simca', 'matra-simca', 'matra-simca', '', 1),
(84, 'maybach', 'maybach', 'maybach', '', 1),
(85, 'mazda', 'mazda', 'mazda', '', 1),
(86, 'mcc', 'mcc', 'mcc', '', 1),
(87, 'McLaren', 'McLaren', 'McLaren', '', 1),
(88, 'mercedes-benz', 'mercedes-benz', 'mercedes-benz', '', 1),
(89, 'mercury', 'mercury', 'mercury', '', 1),
(90, 'mg', 'mg', 'mg', '', 1),
(91, 'mini', 'mini', 'mini', '', 1),
(92, 'mitsubishi', 'mitsubishi', 'mitsubishi', '', 1),
(93, 'monteverdi', 'monteverdi', 'monteverdi', '', 1),
(94, 'moretti', 'moretti', 'moretti', '', 1),
(95, 'morgan', 'morgan', 'morgan', '', 1),
(96, 'morris', 'morris', 'morris', '', 1),
(97, 'nissan', 'nissan', 'nissan', '', 1),
(98, 'noble', 'noble', 'noble', '', 1),
(99, 'nsu', 'nsu', 'nsu', '', 1),
(100, 'oldsmobile', 'oldsmobile', 'oldsmobile', '', 1),
(101, 'opel', 'opel', 'opel', '', 1),
(102, 'packard', 'packard', 'packard', '', 1),
(103, 'pagani', 'pagani', 'pagani', '', 1),
(104, 'panoz', 'panoz', 'panoz', '', 1),
(105, 'peugeot', 'peugeot', 'peugeot', '', 1),
(106, 'pininfarina', 'pininfarina', 'pininfarina', '', 1),
(107, 'plymouth', 'plymouth', 'plymouth', '', 1),
(108, 'pontiac', 'pontiac', 'pontiac', '', 1),
(109, 'porsche', 'porsche', 'porsche', '', 1),
(110, 'proton', 'proton', 'proton', '', 1),
(111, 'Ram', 'Ram', 'Ram', '', 1),
(112, 'reliant', 'reliant', 'reliant', '', 1),
(113, 'renault', 'renault', 'renault', '', 1),
(114, 'riley', 'riley', 'riley', '', 1),
(115, 'rolls-royce', 'rolls-royce', 'rolls-royce', '', 1),
(116, 'rover', 'rover', 'rover', '', 1),
(117, 'saab', 'saab', 'saab', '', 1),
(118, 'saleen', 'saleen', 'saleen', '', 1),
(119, 'samsung', 'samsung', 'samsung', '', 1),
(120, 'saturn', 'saturn', 'saturn', '', 1),
(121, 'scion', 'scion', 'scion', '', 1),
(122, 'seat', 'seat', 'seat', '', 1),
(123, 'simca', 'simca', 'simca', '', 1),
(124, 'singer', 'singer', 'singer', '', 1),
(125, 'skoda', 'skoda', 'skoda', '', 1),
(126, 'smart', 'smart', 'smart', '', 1),
(127, 'spyker', 'spyker', 'spyker', '', 1),
(128, 'ssangyong', 'ssangyong', 'ssangyong', '', 1),
(129, 'ssc', 'ssc', 'ssc', '', 1),
(130, 'steyr', 'steyr', 'steyr', '', 1),
(131, 'studebaker', 'studebaker', 'studebaker', '', 1),
(132, 'subaru', 'subaru', 'subaru', '', 1),
(133, 'sunbeam', 'sunbeam', 'sunbeam', '', 1),
(134, 'suzuki', 'suzuki', 'suzuki', '', 1),
(135, 'talbot', 'talbot', 'talbot', '', 1),
(136, 'tata', 'tata', 'tata', '', 1),
(137, 'tatra', 'tatra', 'tatra', '', 1),
(138, 'tesla', 'tesla', 'tesla', '', 1),
(139, 'toyota', 'toyota', 'toyota', '', 1),
(140, 'trabant', 'trabant', 'trabant', '', 1),
(141, 'triumph', 'triumph', 'triumph', '', 1),
(142, 'tvr', 'tvr', 'tvr', '', 1),
(143, 'vauxhall', 'vauxhall', 'vauxhall', '', 1),
(144, 'vector', 'vector', 'vector', '', 1),
(145, 'venturi', 'venturi', 'venturi', '', 1),
(146, 'volkswagen', 'volkswagen', 'volkswagen', '', 1),
(147, 'volvo', 'volvo', 'volvo', '', 1),
(148, 'wartburg', 'wartburg', 'wartburg', '', 1),
(149, 'westfield', 'westfield', 'westfield', '', 1),
(150, 'willys-overland', 'willys-overland', 'willys-overland', '', 1),
(151, 'xedos', 'xedos', 'xedos', '', 1),
(152, 'zagato', 'zagato', 'zagato', '', 1),
(153, 'zastava', 'zastava', 'zastava', '', 1),
(154, 'zaz', 'zaz', 'zaz', '', 1),
(155, 'zenvo', 'zenvo', 'zenvo', '', 1),
(156, 'zil', 'zil', 'zil', '', 1);

-- --------------------------------------------------------

--
-- Table structure for table `car_year`
--

CREATE TABLE `car_year` (
  `id` int(11) NOT NULL,
  `year` int(11) NOT NULL
) ENGINE=InnoDB DEFAULT CHARSET=latin1;

--
-- Dumping data for table `car_year`
--

INSERT INTO `car_year` (`id`, `year`) VALUES
(1, 1948),
(2, 1949),
(3, 1950),
(4, 1951),
(5, 1952),
(6, 1953),
(7, 1954),
(8, 1955),
(9, 1956),
(10, 1957),
(11, 1958),
(12, 1959),
(13, 1960),
(14, 1961),
(15, 1962),
(16, 1963),
(17, 1964),
(18, 1965),
(19, 1966),
(20, 1967),
(21, 1968),
(22, 1969),
(23, 1970),
(24, 1971),
(25, 1972),
(26, 1973),
(27, 1974),
(28, 1975),
(29, 1976),
(30, 1977),
(31, 1978),
(32, 1979),
(33, 1980),
(34, 1981),
(35, 1982),
(36, 1983),
(37, 1984),
(38, 1985),
(39, 1986),
(40, 1987),
(41, 1988),
(42, 1989),
(43, 1990),
(44, 1991),
(45, 1992),
(46, 1993),
(47, 1994),
(48, 1995),
(49, 1996),
(50, 1997),
(51, 1998),
(52, 1999),
(53, 2000),
(54, 2001),
(55, 2002),
(56, 2003),
(57, 2004),
(58, 2005),
(59, 2006),
(60, 2007),
(61, 2008),
(62, 2009),
(63, 2010),
(64, 2011),
(65, 2012),
(66, 2013),
(67, 2014),
(68, 2015),
(69, 2016),
(70, 2017),
(71, 2018),
(72, 2019);

-- --------------------------------------------------------

--
-- Table structure for table `city`
--

CREATE TABLE `city` (
  `id` int(11) NOT NULL,
  `name` varchar(255) NOT NULL,
  `ar` varchar(255) CHARACTER SET utf8 NOT NULL,
  `ku` varchar(255) CHARACTER SET utf8 NOT NULL
) ENGINE=InnoDB DEFAULT CHARSET=latin1;

--
-- Dumping data for table `city`
--

INSERT INTO `city` (`id`, `name`, `ar`, `ku`) VALUES
(10, 'Ad-Dawr', 'الدور', 'Ad-Dawr'),
(11, 'Afak', 'عفك', 'Afak'),
(12, 'Al-Awja', 'العوجا', 'Al-Awja'),
(13, 'Al Diwaniyah', 'الديوانية', 'Al Diwaniyah'),
(14, 'Al Hillah', 'الحلة', 'Al Hillah'),
(15, 'Al-Qa\'im', 'القائم', 'Al-Qa\'im'),
(16, 'Amarah', 'العمارة', 'Amarah'),
(17, 'Arbil', 'اربيل', 'Arbil'),
(18, 'Baghdad', 'بغداد', 'Baghdad'),
(19, 'Baghdadi', 'البغدادي', 'Baghdadi'),
(20, 'Taji', 'التاجي', 'Taji'),
(21, 'Ad-Dawr', 'الدور', 'Ad-Dawr');

-- --------------------------------------------------------

--
-- Table structure for table `contact_admin`
--

CREATE TABLE `contact_admin` (
  `id` int(11) NOT NULL,
  `name` varchar(255) NOT NULL,
  `userId` int(11) NOT NULL,
  `userType` varchar(255) NOT NULL,
  `email` varchar(255) NOT NULL,
  `subject` varchar(255) NOT NULL,
  `message` longtext NOT NULL
) ENGINE=InnoDB DEFAULT CHARSET=latin1;

--
-- Dumping data for table `contact_admin`
--

INSERT INTO `contact_admin` (`id`, `name`, `userId`, `userType`, `email`, `subject`, `message`) VALUES
(4, 'prakash', 5, '', 'prakash@harmistechnology.com', 'testing', 'testing message');

-- --------------------------------------------------------

--
-- Table structure for table `contact_agent`
--

CREATE TABLE `contact_agent` (
  `id` int(11) NOT NULL,
  `carId` int(11) NOT NULL,
  `userId` int(11) NOT NULL,
  `user_type` int(11) NOT NULL COMMENT '1 = show room admin , 2 = store admin , 3 = Company Admin',
  `firstName` varchar(255) NOT NULL,
  `lastName` varchar(255) NOT NULL,
  `nationality` varchar(255) NOT NULL,
  `email` varchar(255) NOT NULL,
  `phone` varchar(255) NOT NULL,
  `dateFrom` date NOT NULL,
  `dateTo` date NOT NULL
) ENGINE=InnoDB DEFAULT CHARSET=latin1;

--
-- Dumping data for table `contact_agent`
--

INSERT INTO `contact_agent` (`id`, `carId`, `userId`, `user_type`, `firstName`, `lastName`, `nationality`, `email`, `phone`, `dateFrom`, `dateTo`) VALUES
(9, 0, 23, 1, 'chotu bhai', 'Don', 'indian', 'chotudon@gmail.com', '789456123', '2019-07-30', '2019-08-01'),
(10, 0, 23, 1, 'chotu bhai', 'Don', 'indian', 'chotudon@gmail.com', '789456123', '2019-07-30', '2019-08-01'),
(11, 0, 24, 2, 'chotu bhai', 'Don', 'indian', 'chotudon@gmail.com', '789456123', '2019-07-30', '2019-08-01'),
(12, 2, 8, 1, 'chotu bhai', 'Don', 'indian', 'chotudon@gmail.com', '789456123', '2019-07-30', '2019-08-01'),
(13, 2, 8, 1, 'chotu bhai', 'Don', 'indian', 'chotudon@gmail.com', '789456123', '2019-07-30', '2019-08-01'),
(14, 41, 12, 1, 'carlocal', 'carlocal', 'India', 'carlocal@gmail.com', '9865323652', '0000-00-00', '0000-00-00'),
(15, 41, 12, 1, 'carlocal', 'carlocal', 'India', 'carlocal@gmail.com', '9865323652', '0000-00-00', '0000-00-00'),
(16, 41, 12, 1, 'carlocal', 'carlocal', 'India', 'carlocal@gmail.com', '9865323652', '2019-09-17', '2019-09-28'),
(17, 41, 12, 1, 'carlocal', 'carlocal', 'India', 'carlocal@gmail.com', '9865323652', '2019-09-17', '2019-09-28'),
(18, 2, 8, 1, 'chotu bhai', 'Don', 'indian', 'chotudon@gmail.com', '789456123', '2019-07-30', '2019-08-01'),
(19, 2, 8, 1, 'chotu bhai', 'Don', 'indian', 'chotudon@gmail.com', '789456123', '2019-07-30', '2019-08-01'),
(20, 41, 12, 1, 'carlocal', 'carlocal', 'India', 'carlocal@gmail.com', '9865323652', '2019-09-17', '2019-09-28'),
(21, 2, 8, 1, 'chotu bhai', 'Don', 'indian', 'chotudon@gmail.com', '789456123', '2019-07-30', '2019-08-01'),
(22, 41, 12, 1, 'carlocal', 'carlocal', 'India', 'carlocal@gmail.com', '9865323652', '2019-09-17', '2019-09-28'),
(23, 41, 16, 1, 'carloc', 'patel', 'Afghan', 'carloc@gmail.com', '9898989898', '2030-09-16', '2022-09-16'),
(36, 44, 4, 3, 'heery', 'son', '1', 'herry@gmail.com', '9632587410', '2017-06-01', '2019-06-01'),
(37, 39, 15, 3, 'sandip', 'hawlett', '2', 'sandip1@gmail.com', '78755555', '2017-06-01', '2019-06-01'),
(38, 39, 15, 3, 'Nancy', 'hawlett', '1', 'nancyhawlett@gmail.com', '7845127845', '2017-06-01', '2019-06-01'),
(39, 54, 12, 1, 'carlocal', 'olpoo', 'Dubai', 'carlocal@gmail.com', '9865323652', '2019-12-21', '2023-09-21'),
(40, 39, 12, 1, 'carlocal', 'olpoo', 'India', 'carlocal@gmail.com', '9865323652', '2023-09-26', '2024-12-31'),
(41, 39, 12, 1, 'carlocal', 'olpoo', 'India', 'carlocal@gmail.com', '9865323652', '2019-09-30', '2019-09-30'),
(42, 64, 15, 3, 'hello', 'urvi', '1', 'herry@gmail.com', '9632587410', '2019-09-18', '2019-09-27'),
(43, 64, 15, 3, 'Nancy', 'hawlett', '1', 'car@gmail.com', '7845127845', '2019-10-03', '2019-10-26'),
(44, 39, 12, 1, 'carlocal', 'olpoo', 'India', 'carlocal@gmail.com', '9865323652', '2019-10-02', '2019-10-02'),
(45, 39, 12, 1, 'carlocal', 'olpoo', 'India', 'carlocal@gmail.com', '9865323652', '2019-10-02', '2019-10-02'),
(46, 39, 12, 1, 'carlocal', 'zfgg', 'India', 'carlocal@gmail.com', '9865323652', '2019-10-02', '2019-10-02');

-- --------------------------------------------------------

--
-- Table structure for table `contact_us`
--

CREATE TABLE `contact_us` (
  `id` int(11) NOT NULL,
  `name` varchar(255) NOT NULL,
  `email` varchar(255) NOT NULL,
  `message` longtext,
  `created_date` timestamp NOT NULL DEFAULT CURRENT_TIMESTAMP
) ENGINE=InnoDB DEFAULT CHARSET=latin1;

--
-- Dumping data for table `contact_us`
--

INSERT INTO `contact_us` (`id`, `name`, `email`, `message`, `created_date`) VALUES
(1, 'HITESH', 'hp@gmail.com', 'car sell', '2019-09-18 07:59:17');

-- --------------------------------------------------------

--
-- Table structure for table `countries`
--

CREATE TABLE `countries` (
  `countries_id` int(11) NOT NULL,
  `countries_name` varchar(255) COLLATE utf8_unicode_ci NOT NULL,
  `countries_iso_code_2` char(2) COLLATE utf8_unicode_ci NOT NULL,
  `countries_iso_code_3` char(3) COLLATE utf8_unicode_ci NOT NULL,
  `address_format_id` int(11) NOT NULL
) ENGINE=InnoDB DEFAULT CHARSET=utf8 COLLATE=utf8_unicode_ci;

--
-- Dumping data for table `countries`
--

INSERT INTO `countries` (`countries_id`, `countries_name`, `countries_iso_code_2`, `countries_iso_code_3`, `address_format_id`) VALUES
(1, 'Afghanistan', 'AF', 'AFG', 1),
(2, 'Albania', 'AL', 'ALB', 1),
(3, 'Algeria', 'DZ', 'DZA', 1),
(4, 'American Samoa', 'AS', 'ASM', 1),
(5, 'Andorra', 'AD', 'AND', 1),
(6, 'Angola', 'AO', 'AGO', 1),
(7, 'Anguilla', 'AI', 'AIA', 1),
(8, 'Antarctica', 'AQ', 'ATA', 1),
(9, 'Antigua and Barbuda', 'AG', 'ATG', 1),
(10, 'Argentina', 'AR', 'ARG', 1),
(11, 'Armenia', 'AM', 'ARM', 1),
(12, 'Aruba', 'AW', 'ABW', 1),
(13, 'Australia', 'AU', 'AUS', 1),
(14, 'Austria', 'AT', 'AUT', 5),
(15, 'Azerbaijan', 'AZ', 'AZE', 1),
(16, 'Bahamas', 'BS', 'BHS', 1),
(17, 'Bahrain', 'BH', 'BHR', 1),
(18, 'Bangladesh', 'BD', 'BGD', 1),
(19, 'Barbados', 'BB', 'BRB', 1),
(20, 'Belarus', 'BY', 'BLR', 1),
(21, 'Belgium', 'BE', 'BEL', 1),
(22, 'Belize', 'BZ', 'BLZ', 1),
(23, 'Benin', 'BJ', 'BEN', 1),
(24, 'Bermuda', 'BM', 'BMU', 1),
(25, 'Bhutan', 'BT', 'BTN', 1),
(26, 'Bolivia', 'BO', 'BOL', 1),
(27, 'Bosnia and Herzegowina', 'BA', 'BIH', 1),
(28, 'Botswana', 'BW', 'BWA', 1),
(29, 'Bouvet Island', 'BV', 'BVT', 1),
(30, 'Brazil', 'BR', 'BRA', 1),
(31, 'British Indian Ocean Territory', 'IO', 'IOT', 1),
(32, 'Brunei Darussalam', 'BN', 'BRN', 1),
(33, 'Bulgaria', 'BG', 'BGR', 1),
(34, 'Burkina Faso', 'BF', 'BFA', 1),
(35, 'Burundi', 'BI', 'BDI', 1),
(36, 'Cambodia', 'KH', 'KHM', 1),
(37, 'Cameroon', 'CM', 'CMR', 1),
(38, 'Canada', 'CA', 'CAN', 1),
(39, 'Cape Verde', 'CV', 'CPV', 1),
(40, 'Cayman Islands', 'KY', 'CYM', 1),
(41, 'Central African Republic', 'CF', 'CAF', 1),
(42, 'Chad', 'TD', 'TCD', 1),
(43, 'Chile', 'CL', 'CHL', 1),
(44, 'China', 'CN', 'CHN', 1),
(45, 'Christmas Island', 'CX', 'CXR', 1),
(46, 'Cocos (Keeling) Islands', 'CC', 'CCK', 1),
(47, 'Colombia', 'CO', 'COL', 1),
(48, 'Comoros', 'KM', 'COM', 1),
(49, 'Congo', 'CG', 'COG', 1),
(50, 'Cook Islands', 'CK', 'COK', 1),
(51, 'Costa Rica', 'CR', 'CRI', 1),
(52, 'Cote D\'Ivoire', 'CI', 'CIV', 1),
(53, 'Croatia', 'HR', 'HRV', 1),
(54, 'Cuba', 'CU', 'CUB', 1),
(55, 'Cyprus', 'CY', 'CYP', 1),
(56, 'Czech Republic', 'CZ', 'CZE', 1),
(57, 'Denmark', 'DK', 'DNK', 1),
(58, 'Djibouti', 'DJ', 'DJI', 1),
(59, 'Dominica', 'DM', 'DMA', 1),
(60, 'Dominican Republic', 'DO', 'DOM', 1),
(61, 'East Timor', 'TP', 'TMP', 1),
(62, 'Ecuador', 'EC', 'ECU', 1),
(63, 'Egypt', 'EG', 'EGY', 1),
(64, 'El Salvador', 'SV', 'SLV', 1),
(65, 'Equatorial Guinea', 'GQ', 'GNQ', 1),
(66, 'Eritrea', 'ER', 'ERI', 1),
(67, 'Estonia', 'EE', 'EST', 1),
(68, 'Ethiopia', 'ET', 'ETH', 1),
(69, 'Falkland Islands (Malvinas)', 'FK', 'FLK', 1),
(70, 'Faroe Islands', 'FO', 'FRO', 1),
(71, 'Fiji', 'FJ', 'FJI', 1),
(72, 'Finland', 'FI', 'FIN', 1),
(73, 'France', 'FR', 'FRA', 1),
(74, 'France, Metropolitan', 'FX', 'FXX', 1),
(75, 'French Guiana', 'GF', 'GUF', 1),
(76, 'French Polynesia', 'PF', 'PYF', 1),
(77, 'French Southern Territories', 'TF', 'ATF', 1),
(78, 'Gabon', 'GA', 'GAB', 1),
(79, 'Gambia', 'GM', 'GMB', 1),
(80, 'Georgia', 'GE', 'GEO', 1),
(81, 'Germany', 'DE', 'DEU', 5),
(82, 'Ghana', 'GH', 'GHA', 1),
(83, 'Gibraltar', 'GI', 'GIB', 1),
(84, 'Greece', 'GR', 'GRC', 1),
(85, 'Greenland', 'GL', 'GRL', 1),
(86, 'Grenada', 'GD', 'GRD', 1),
(87, 'Guadeloupe', 'GP', 'GLP', 1),
(88, 'Guam', 'GU', 'GUM', 1),
(89, 'Guatemala', 'GT', 'GTM', 1),
(90, 'Guinea', 'GN', 'GIN', 1),
(91, 'Guinea-bissau', 'GW', 'GNB', 1),
(92, 'Guyana', 'GY', 'GUY', 1),
(93, 'Haiti', 'HT', 'HTI', 1),
(94, 'Heard and Mc Donald Islands', 'HM', 'HMD', 1),
(95, 'Honduras', 'HN', 'HND', 1),
(96, 'Hong Kong', 'HK', 'HKG', 1),
(97, 'Hungary', 'HU', 'HUN', 1),
(98, 'Iceland', 'IS', 'ISL', 1),
(99, 'India', 'IN', 'IND', 1),
(100, 'Indonesia', 'ID', 'IDN', 1),
(101, 'Iran (Islamic Republic of)', 'IR', 'IRN', 1),
(102, 'Iraq', 'IQ', 'IRQ', 1),
(103, 'Ireland', 'IE', 'IRL', 1),
(104, 'Israel', 'IL', 'ISR', 1),
(105, 'Italy', 'IT', 'ITA', 1),
(106, 'Jamaica', 'JM', 'JAM', 1),
(107, 'Japan', 'JP', 'JPN', 1),
(108, 'Jordan', 'JO', 'JOR', 1),
(109, 'Kazakhstan', 'KZ', 'KAZ', 1),
(110, 'Kenya', 'KE', 'KEN', 1),
(111, 'Kiribati', 'KI', 'KIR', 1),
(112, 'Korea, Democratic People\'s Republic of', 'KP', 'PRK', 1),
(113, 'Korea, Republic of', 'KR', 'KOR', 1),
(114, 'Kuwait', 'KW', 'KWT', 1),
(115, 'Kyrgyzstan', 'KG', 'KGZ', 1),
(116, 'Lao People\'s Democratic Republic', 'LA', 'LAO', 1),
(117, 'Latvia', 'LV', 'LVA', 1),
(118, 'Lebanon', 'LB', 'LBN', 1),
(119, 'Lesotho', 'LS', 'LSO', 1),
(120, 'Liberia', 'LR', 'LBR', 1),
(121, 'Libyan Arab Jamahiriya', 'LY', 'LBY', 1),
(122, 'Liechtenstein', 'LI', 'LIE', 1),
(123, 'Lithuania', 'LT', 'LTU', 1),
(124, 'Luxembourg', 'LU', 'LUX', 1),
(125, 'Macau', 'MO', 'MAC', 1),
(126, 'Macedonia, The Former Yugoslav Republic of', 'MK', 'MKD', 1),
(127, 'Madagascar', 'MG', 'MDG', 1),
(128, 'Malawi', 'MW', 'MWI', 1),
(129, 'Malaysia', 'MY', 'MYS', 1),
(130, 'Maldives', 'MV', 'MDV', 1),
(131, 'Mali', 'ML', 'MLI', 1),
(132, 'Malta', 'MT', 'MLT', 1),
(133, 'Marshall Islands', 'MH', 'MHL', 1),
(134, 'Martinique', 'MQ', 'MTQ', 1),
(135, 'Mauritania', 'MR', 'MRT', 1),
(136, 'Mauritius', 'MU', 'MUS', 1),
(137, 'Mayotte', 'YT', 'MYT', 1),
(138, 'Mexico', 'MX', 'MEX', 1),
(139, 'Micronesia, Federated States of', 'FM', 'FSM', 1),
(140, 'Moldova, Republic of', 'MD', 'MDA', 1),
(141, 'Monaco', 'MC', 'MCO', 1),
(142, 'Mongolia', 'MN', 'MNG', 1),
(143, 'Montserrat', 'MS', 'MSR', 1),
(144, 'Morocco', 'MA', 'MAR', 1),
(145, 'Mozambique', 'MZ', 'MOZ', 1),
(146, 'Myanmar', 'MM', 'MMR', 1),
(147, 'Namibia', 'NA', 'NAM', 1),
(148, 'Nauru', 'NR', 'NRU', 1),
(149, 'Nepal', 'NP', 'NPL', 1),
(150, 'Netherlands', 'NL', 'NLD', 1),
(151, 'Netherlands Antilles', 'AN', 'ANT', 1),
(152, 'New Caledonia', 'NC', 'NCL', 1),
(153, 'New Zealand', 'NZ', 'NZL', 1),
(154, 'Nicaragua', 'NI', 'NIC', 1),
(155, 'Niger', 'NE', 'NER', 1),
(156, 'Nigeria', 'NG', 'NGA', 1),
(157, 'Niue', 'NU', 'NIU', 1),
(158, 'Norfolk Island', 'NF', 'NFK', 1),
(159, 'Northern Mariana Islands', 'MP', 'MNP', 1),
(160, 'Norway', 'NO', 'NOR', 1),
(161, 'Oman', 'OM', 'OMN', 1),
(162, 'Pakistan', 'PK', 'PAK', 1),
(163, 'Palau', 'PW', 'PLW', 1),
(164, 'Panama', 'PA', 'PAN', 1),
(165, 'Papua New Guinea', 'PG', 'PNG', 1),
(166, 'Paraguay', 'PY', 'PRY', 1),
(167, 'Peru', 'PE', 'PER', 1),
(168, 'Philippines', 'PH', 'PHL', 1),
(169, 'Pitcairn', 'PN', 'PCN', 1),
(170, 'Poland', 'PL', 'POL', 1),
(171, 'Portugal', 'PT', 'PRT', 1),
(172, 'Puerto Rico', 'PR', 'PRI', 1),
(173, 'Qatar', 'QA', 'QAT', 1),
(174, 'Reunion', 'RE', 'REU', 1),
(175, 'Romania', 'RO', 'ROM', 1),
(176, 'Russian Federation', 'RU', 'RUS', 1),
(177, 'Rwanda', 'RW', 'RWA', 1),
(178, 'Saint Kitts and Nevis', 'KN', 'KNA', 1),
(179, 'Saint Lucia', 'LC', 'LCA', 1),
(180, 'Saint Vincent and the Grenadines', 'VC', 'VCT', 1),
(181, 'Samoa', 'WS', 'WSM', 1),
(182, 'San Marino', 'SM', 'SMR', 1),
(183, 'Sao Tome and Principe', 'ST', 'STP', 1),
(184, 'Saudi Arabia', 'SA', 'SAU', 1),
(185, 'Senegal', 'SN', 'SEN', 1),
(186, 'Seychelles', 'SC', 'SYC', 1),
(187, 'Sierra Leone', 'SL', 'SLE', 1),
(188, 'Singapore', 'SG', 'SGP', 4),
(189, 'Slovakia (Slovak Republic)', 'SK', 'SVK', 1),
(190, 'Slovenia', 'SI', 'SVN', 1),
(191, 'Solomon Islands', 'SB', 'SLB', 1),
(192, 'Somalia', 'SO', 'SOM', 1),
(193, 'South Africa', 'ZA', 'ZAF', 1),
(194, 'South Georgia and the South Sandwich Islands', 'GS', 'SGS', 1),
(195, 'Spain', 'ES', 'ESP', 3),
(196, 'Sri Lanka', 'LK', 'LKA', 1),
(197, 'St. Helena', 'SH', 'SHN', 1),
(198, 'St. Pierre and Miquelon', 'PM', 'SPM', 1),
(199, 'Sudan', 'SD', 'SDN', 1),
(200, 'Suriname', 'SR', 'SUR', 1),
(201, 'Svalbard and Jan Mayen Islands', 'SJ', 'SJM', 1),
(202, 'Swaziland', 'SZ', 'SWZ', 1),
(203, 'Sweden', 'SE', 'SWE', 1),
(204, 'Switzerland', 'CH', 'CHE', 1),
(205, 'Syrian Arab Republic', 'SY', 'SYR', 1),
(206, 'Taiwan', 'TW', 'TWN', 1),
(207, 'Tajikistan', 'TJ', 'TJK', 1),
(208, 'Tanzania, United Republic of', 'TZ', 'TZA', 1),
(209, 'Thailand', 'TH', 'THA', 1),
(210, 'Togo', 'TG', 'TGO', 1),
(211, 'Tokelau', 'TK', 'TKL', 1),
(212, 'Tonga', 'TO', 'TON', 1),
(213, 'Trinidad and Tobago', 'TT', 'TTO', 1),
(214, 'Tunisia', 'TN', 'TUN', 1),
(215, 'Turkey', 'TR', 'TUR', 1),
(216, 'Turkmenistan', 'TM', 'TKM', 1),
(217, 'Turks and Caicos Islands', 'TC', 'TCA', 1),
(218, 'Tuvalu', 'TV', 'TUV', 1),
(219, 'Uganda', 'UG', 'UGA', 1),
(220, 'Ukraine', 'UA', 'UKR', 1),
(221, 'United Arab Emirates', 'AE', 'ARE', 1),
(222, 'United Kingdom', 'GB', 'GBR', 1),
(223, 'United States', 'US', 'USA', 2),
(224, 'United States Minor Outlying Islands', 'UM', 'UMI', 1),
(225, 'Uruguay', 'UY', 'URY', 1),
(226, 'Uzbekistan', 'UZ', 'UZB', 1),
(227, 'Vanuatu', 'VU', 'VUT', 1),
(228, 'Vatican City State (Holy See)', 'VA', 'VAT', 1),
(229, 'Venezuela', 'VE', 'VEN', 1),
(230, 'Viet Nam', 'VN', 'VNM', 1),
(231, 'Virgin Islands (British)', 'VG', 'VGB', 1),
(232, 'Virgin Islands (U.S.)', 'VI', 'VIR', 1),
(233, 'Wallis and Futuna Islands', 'WF', 'WLF', 1),
(234, 'Western Sahara', 'EH', 'ESH', 1),
(235, 'Yemen', 'YE', 'YEM', 1),
(236, 'Yugoslavia', 'YU', 'YUG', 1),
(237, 'Zaire', 'ZR', 'ZAR', 1),
(238, 'Zambia', 'ZM', 'ZMB', 1),
(239, 'Zimbabwe', 'ZW', 'ZWE', 1);

-- --------------------------------------------------------

--
-- Table structure for table `currencies`
--

CREATE TABLE `currencies` (
  `currencies_id` int(11) NOT NULL,
  `title` varchar(32) COLLATE utf8_unicode_ci NOT NULL,
  `code` char(3) COLLATE utf8_unicode_ci NOT NULL,
  `symbol_left` varchar(12) COLLATE utf8_unicode_ci DEFAULT NULL,
  `symbol_right` varchar(12) COLLATE utf8_unicode_ci DEFAULT NULL,
  `decimal_point` char(1) COLLATE utf8_unicode_ci DEFAULT NULL,
  `thousands_point` char(1) COLLATE utf8_unicode_ci DEFAULT NULL,
  `decimal_places` char(1) COLLATE utf8_unicode_ci DEFAULT NULL,
  `value` float(13,8) DEFAULT NULL,
  `last_updated` datetime DEFAULT NULL
) ENGINE=InnoDB DEFAULT CHARSET=utf8 COLLATE=utf8_unicode_ci;

--
-- Dumping data for table `currencies`
--

INSERT INTO `currencies` (`currencies_id`, `title`, `code`, `symbol_left`, `symbol_right`, `decimal_point`, `thousands_point`, `decimal_places`, `value`, `last_updated`) VALUES
(1, 'U.S. Dollar', 'USD', '$', NULL, '.', '.', '2', NULL, '2017-02-09 00:00:00'),
(2, 'Euro', 'EUR', NULL, '€', '.', '.', '2', NULL, NULL);

-- --------------------------------------------------------

--
-- Table structure for table `customers`
--

CREATE TABLE `customers` (
  `customers_id` int(11) NOT NULL,
  `customers_gender` char(1) COLLATE utf8_unicode_ci DEFAULT '0',
  `customers_firstname` varchar(255) COLLATE utf8_unicode_ci NOT NULL,
  `customers_lastname` varchar(255) COLLATE utf8_unicode_ci DEFAULT NULL,
  `company_name` varchar(255) COLLATE utf8_unicode_ci NOT NULL,
  `title_name` varchar(255) COLLATE utf8_unicode_ci NOT NULL,
  `countries_name` varchar(255) COLLATE utf8_unicode_ci NOT NULL,
  `customers_dob` varchar(255) COLLATE utf8_unicode_ci NOT NULL,
  `email` varchar(255) COLLATE utf8_unicode_ci NOT NULL,
  `user_name` varchar(255) COLLATE utf8_unicode_ci NOT NULL,
  `customers_default_address_id` int(11) DEFAULT NULL,
  `customers_telephone` varchar(255) COLLATE utf8_unicode_ci NOT NULL,
  `customers_fax` varchar(255) COLLATE utf8_unicode_ci DEFAULT NULL,
  `password` varchar(60) COLLATE utf8_unicode_ci NOT NULL,
  `customers_newsletter` char(1) COLLATE utf8_unicode_ci DEFAULT NULL,
  `isActive` tinyint(1) NOT NULL DEFAULT '1',
  `fb_id` varchar(255) COLLATE utf8_unicode_ci DEFAULT NULL,
  `google_id` varchar(255) COLLATE utf8_unicode_ci DEFAULT NULL,
  `customers_picture` mediumtext COLLATE utf8_unicode_ci NOT NULL,
  `created_at` int(100) NOT NULL,
  `updated_at` int(100) NOT NULL,
  `is_seen` tinyint(1) NOT NULL DEFAULT '0',
  `remember_token` varchar(255) COLLATE utf8_unicode_ci NOT NULL
) ENGINE=InnoDB DEFAULT CHARSET=utf8 COLLATE=utf8_unicode_ci;

--
-- Dumping data for table `customers`
--

INSERT INTO `customers` (`customers_id`, `customers_gender`, `customers_firstname`, `customers_lastname`, `company_name`, `title_name`, `countries_name`, `customers_dob`, `email`, `user_name`, `customers_default_address_id`, `customers_telephone`, `customers_fax`, `password`, `customers_newsletter`, `isActive`, `fb_id`, `google_id`, `customers_picture`, `created_at`, `updated_at`, `is_seen`, `remember_token`) VALUES
(1, NULL, 'harmis', 'harmis', 'harmistest new', 'harmistest title', 'India', '', 'harmistest@gmail.com', '', NULL, '5452132123211', NULL, '$2y$10$GpsgFS4HG04M8e8xdFidLOie8gZ2IpIuBkww98jkfB/0qHYgLY4nu', NULL, 1, NULL, NULL, 'resources/assets/images/user_profile/default_user.png', 19, 19, 0, 'KHhBzGINzlpTOmNP1DRka1gKyjTJEhhRbRs5TgacFchUBDzTJ8gnnGuIZyU2'),
(2, NULL, 'test', 'test', 'test', 'test', 'Afghanistan', '', 'test@gmail.com', '', NULL, '', NULL, '$2y$10$B0vsSXQai8KCq.Tdp4SbD.9W4Nh6XRx/7ltQhgB4is/f.MIJvNacm', NULL, 1, NULL, NULL, 'resources/assets/images/user_profile/default_user.png', 19, 19, 0, '8kRXrVrSbi16RLYsOIbw32kTMTE2A7PZ76th5BgQrhJz7YWAI9cSmL65X72X'),
(3, NULL, 'demo', 'demo', 'demo123456', 'demo123', 'Canada', '', 'demo@gmail.com', '', NULL, '', NULL, '$2y$10$8N0FlkUdNOZRr0eb79mJBukWnBExjuksmb0/qA4RIlcLgHhQJzkAy', NULL, 1, NULL, NULL, 'resources/assets/images/user_profile/default_user.png', 19, 19, 0, 'UFfULVxIpeSg5qcCp1GONw4fL0rtijDrVSH6HZCbSTnRHvI1AoNIo6bGOqzo'),
(4, NULL, 'dddd', 'dddd', 'ccccc', 'aaaa', 'Cocos (Keeling) Islands', '', 'ddd@gmail.com', '', NULL, '787987889', NULL, '$2y$10$25wMKPnlDG1LaLjYFklVQ.vRfG1rzZcxUPQMgcYp8mU18A.f8qCbq', NULL, 1, NULL, NULL, 'resources/assets/images/user_profile/default_user.png', 19, 19, 0, ''),
(5, NULL, 'harmis', 'harmis123', 'harmis technology', 'new test', 'India', '', 'urvisha@harmistechnology.com', '', NULL, '', NULL, '$2y$10$RQZRpw2BvXMkx2a0YfSCyeGLzirwXQch5/1jexW/FXoWRGcK0hPiu', NULL, 1, NULL, NULL, 'resources/assets/images/user_profile/1550835854.googleplus.png', 19, 19, 0, 't0a3qDIP5KzVZNxrqQ9GSwp0OHBHcqp2e06khwXrgCGByhrGuPUaXbnpDl8s');

-- --------------------------------------------------------

--
-- Table structure for table `driverLicense`
--

CREATE TABLE `driverLicense` (
  `id` int(11) NOT NULL,
  `c_agentId` int(11) NOT NULL,
  `license` varchar(255) NOT NULL
) ENGINE=InnoDB DEFAULT CHARSET=latin1;

--
-- Dumping data for table `driverLicense`
--

INSERT INTO `driverLicense` (`id`, `c_agentId`, `license`) VALUES
(20, 9, '1566207496.index.jpeg'),
(21, 10, '1566207937.index.jpeg'),
(22, 11, '1566207998.index.jpeg'),
(23, 13, '1568617782.bugati.jpg'),
(24, 13, '1568617782.download.jpg'),
(25, 13, '1568617783.images.jpg'),
(26, 14, '1568625395.IMG-20190916-WA0000.jpg'),
(27, 15, '1568625578.test.png'),
(28, 16, '1568625797.IMG-20190916-WA0000.jpg'),
(29, 17, '1568625812.test.png'),
(30, 20, '1568626194.test.png'),
(31, 22, '1568626312.IMG-20190916-WA0000.jpg'),
(32, 23, '1568627251.IMG-20190807-WA0000.jpg'),
(42, 36, '1568973017_0_coocker1.jpeg'),
(43, 36, '1568973018_1_speaker5.jpg'),
(44, 36, '1568973018_2_speaker4.jpeg'),
(45, 37, '1568974696_0_wallet7.jpeg'),
(46, 37, '1568974696_1_wallet3.jpg'),
(47, 37, '1568974696_2_user7.jpeg'),
(48, 38, '1568975101_0_wallet3.jpg'),
(49, 38, '1568975101_1_wallet1.jpeg'),
(50, 38, '1568975101_2_user6.jpeg'),
(51, 38, '1568975101_3_user5.jpeg'),
(52, 39, '1569059714.images-(1).jpeg'),
(53, 40, '1569483395.images-(2).jpeg'),
(54, 41, '1569838028.mclaren-mso-600lt-coupe.jpg'),
(55, 42, '1569844083_0_chair4.jpg'),
(56, 42, '1569844083_1_chair3.jpeg'),
(57, 42, '1569844083_2_chair2.jpg'),
(58, 43, '1569935403_0_android.png'),
(59, 43, '1569935403_1_bottle1.jpeg'),
(60, 43, '1569935403_4_chair4.jpg'),
(61, 44, '1570012082.images-(3).jpeg'),
(62, 45, '1570012297.images-(2).jpeg'),
(63, 46, '1570012436.images-(2).jpeg');

-- --------------------------------------------------------

--
-- Table structure for table `fueltype`
--

CREATE TABLE `fueltype` (
  `id` int(11) NOT NULL,
  `name` varchar(255) CHARACTER SET utf8 NOT NULL,
  `ar` varchar(255) CHARACTER SET utf8 NOT NULL,
  `ku` varchar(255) CHARACTER SET utf8 NOT NULL,
  `published` int(11) NOT NULL
) ENGINE=InnoDB DEFAULT CHARSET=latin1;

--
-- Dumping data for table `fueltype`
--

INSERT INTO `fueltype` (`id`, `name`, `ar`, `ku`, `published`) VALUES
(1, 'Petrol', 'Petrol', 'Petrol', 1),
(2, 'Diesel', 'Diesel', 'Diesel', 1),
(3, 'Gas', 'Gas', 'Gas', 1);

-- --------------------------------------------------------

--
-- Table structure for table `get_touch`
--

CREATE TABLE `get_touch` (
  `id` int(11) NOT NULL,
  `title` varchar(255) NOT NULL,
  `description` longtext NOT NULL,
  `address` varchar(255) NOT NULL,
  `phone` varchar(255) NOT NULL,
  `email` varchar(255) NOT NULL
) ENGINE=InnoDB DEFAULT CHARSET=latin1;

--
-- Dumping data for table `get_touch`
--

INSERT INTO `get_touch` (`id`, `title`, `description`, `address`, `phone`, `email`) VALUES
(1, 'Iraq Cars', '<p>Sed do eiusmod temporut labore et dolore magna aliqua. Your perfect place to buy &amp; sell</p>', '804/2 Baghdad, iraq', '+91 0123456789', 'info@contact.com');

-- --------------------------------------------------------

--
-- Table structure for table `homeslide`
--

CREATE TABLE `homeslide` (
  `id` int(11) NOT NULL,
  `title` varchar(255) NOT NULL,
  `image` varchar(255) NOT NULL,
  `description` longtext NOT NULL,
  `titlearabic` varchar(255) CHARACTER SET utf8 NOT NULL,
  `descriptionarabic` longtext CHARACTER SET utf8 NOT NULL,
  `titlekurdish` varchar(255) NOT NULL,
  `descriptionkurdish` longtext NOT NULL
) ENGINE=InnoDB DEFAULT CHARSET=latin1;

--
-- Dumping data for table `homeslide`
--

INSERT INTO `homeslide` (`id`, `title`, `image`, `description`, `titlearabic`, `descriptionarabic`, `titlekurdish`, `descriptionkurdish`) VALUES
(1, 'BOOK A CAR TODAY!', '1568612006.slider-img-1.jpg', '<p>FOR AS LOW AS $10 A DAY PLUS 15% DISCOUNT</p><p>FOR OUR RETURNING CUSTOMERS</p>', 'احجز سيارة اليوم!', '<p>مقابل أقل من 10 دولارات في اليوم بالإضافة إلى خصم 15 ٪</p><p>لعملائنا العائدين</p>', 'TENOD LI KIRIN!', '<p>JI BO JI BO 10 $ A DAY PLN PLUS 15% KIRIN</p><p>JI BO XWARN XWEYN XWEYN</p>'),
(2, 'BOOK A CAR TODAY!', '1568612104.slider-img-2.jpg', '<p>FOR AS LOW AS $10 A DAY PLUS 15% DISCOUNT</p><p>FOR OUR RETURNING CUSTOMERS</p>', 'احجز سيارة اليوم!', '<p>مقابل أقل من 10 دولارات في اليوم بالإضافة إلى خصم 15 ٪</p><p>لعملائنا العائدين</p>', 'TENOD LI KIRIN!', '<p>JI BO JI BO 10 $ A DAY PLN PLUS 15% KIRIN</p><p>JI BO XWARN XWEYN XWEYN</p>'),
(3, 'BOOK A CAR TODAY!', '1568612148.slider-img-3.jpg', '<p>FOR AS LOW AS $10 A DAY PLUS 15% DISCOUNT</p><p>FOR OUR RETURNING CUSTOMERS</p>', 'احجز سيارة اليوم!', '<p>مقابل أقل من 10 دولارات في اليوم بالإضافة إلى خصم 15 ٪</p><p>لعملائنا العائدين</p>', 'TENOD LI KIRIN!', '<p>JI BO JI BO 10 $ A DAY PLN PLUS 15% KIRIN</p><p>JI BO XWARN XWEYN XWEYN</p>'),
(4, 'BOOK A CAR TODAY!', '1568873696.slider-img-4.jpg', '<p>FOR AS LOW AS $10 A DAY PLUS 15% DISCOUNT</p><p>FOR OUR RETURNING CUSTOMERS</p>', 'احجز سيارة اليوم!', '<p>مقابل أقل من 10 دولارات في اليوم بالإضافة إلى خصم 15 ٪</p><p>لعملائنا العائدين</p>', 'TENOD LI KIRIN!', '<p>JI BO JI BO 10 $ A DAY PLN PLUS 15% KIRIN</p><p>JI BO XWARN XWEYN XWEYN</p>');

-- --------------------------------------------------------

--
-- Table structure for table `languages`
--

CREATE TABLE `languages` (
  `languages_id` int(11) NOT NULL,
  `name` varchar(32) COLLATE utf8_unicode_ci NOT NULL,
  `code` char(2) COLLATE utf8_unicode_ci NOT NULL,
  `image` mediumtext COLLATE utf8_unicode_ci,
  `directory` varchar(32) COLLATE utf8_unicode_ci DEFAULT NULL,
  `sort_order` int(3) DEFAULT NULL,
  `direction` varchar(100) COLLATE utf8_unicode_ci NOT NULL,
  `is_default` tinyint(1) DEFAULT '0'
) ENGINE=InnoDB DEFAULT CHARSET=utf8 COLLATE=utf8_unicode_ci;

--
-- Dumping data for table `languages`
--

INSERT INTO `languages` (`languages_id`, `name`, `code`, `image`, `directory`, `sort_order`, `direction`, `is_default`) VALUES
(1, 'English', 'en', 'resources/assets/images/language_flags/1486556365.503984030_english.jpg', 'english', 1, 'ltr', 1);

-- --------------------------------------------------------

--
-- Table structure for table `migrations`
--

CREATE TABLE `migrations` (
  `id` int(10) UNSIGNED NOT NULL,
  `migration` varchar(255) COLLATE utf8mb4_unicode_ci NOT NULL,
  `batch` int(11) NOT NULL
) ENGINE=InnoDB DEFAULT CHARSET=utf8mb4 COLLATE=utf8mb4_unicode_ci;

--
-- Dumping data for table `migrations`
--

INSERT INTO `migrations` (`id`, `migration`, `batch`) VALUES
(1, '2019_05_01_064329_user_group', 1);

-- --------------------------------------------------------

--
-- Table structure for table `notification`
--

CREATE TABLE `notification` (
  `id` int(11) NOT NULL,
  `userId` int(255) NOT NULL,
  `deviceToken` varchar(255) NOT NULL,
  `notification` text NOT NULL,
  `status` int(11) NOT NULL
) ENGINE=InnoDB DEFAULT CHARSET=latin1;

--
-- Dumping data for table `notification`
--

INSERT INTO `notification` (`id`, `userId`, `deviceToken`, `notification`, `status`) VALUES
(1, 0, '123456', 'teeee', 0),
(2, 0, '1222222', 'teeee', 0),
(3, 0, '2332324', 'teeee', 0),
(4, 0, '123456', 'dsfdsfdfsfdsfdsf', 0),
(5, 0, '1222222', 'dsfdsfdfsfdsfdsf', 0),
(6, 0, '2332324', 'dsfdsfdfsfdsfdsf', 0),
(7, 0, '', 'teteet', 0),
(8, 0, '123456', 'sd', 0),
(9, 0, '', 'jhk', 0),
(10, 0, '123456', 'dfg', 0),
(11, 0, '123456', 'dfsf', 0),
(12, 0, '123456', 'gfhgfh', 0),
(13, 0, '123456', 'sds', 0),
(14, 0, '1222222', 'sds', 0),
(15, 0, '2332324', 'sds', 0),
(16, 0, '123456', 'dfgfdg', 0);

-- --------------------------------------------------------

--
-- Table structure for table `orders`
--

CREATE TABLE `orders` (
  `Order_ID` int(11) NOT NULL,
  `User_ID` int(11) NOT NULL,
  `Status` varchar(255) NOT NULL,
  `TotalCount` varchar(255) NOT NULL,
  `Name` varchar(255) NOT NULL,
  `Mobile` varchar(255) NOT NULL,
  `pincode` varchar(255) NOT NULL,
  `address` longtext NOT NULL,
  `city` int(255) NOT NULL,
  `datetime` timestamp NOT NULL DEFAULT CURRENT_TIMESTAMP
) ENGINE=InnoDB DEFAULT CHARSET=latin1;

--
-- Dumping data for table `orders`
--

INSERT INTO `orders` (`Order_ID`, `User_ID`, `Status`, `TotalCount`, `Name`, `Mobile`, `pincode`, `address`, `city`, `datetime`) VALUES
(1, 4, 'Delivered', '4404350', 'edward', '9632587410', '380015', 'new', 12, '2019-09-17 07:50:16'),
(2, 5, 'Delivered', '20', 'hello', '3698521470', 'nehrunagar', 'nehrunagar', 0, '2019-09-17 09:00:45'),
(3, 5, 'Shipping', '20', 'hello', '3698521470', 'nehrunagar', 'nehrunagar', 0, '2019-09-17 09:05:15'),
(4, 5, 'Pending', '20', 'hello', '3698521470', 'nehrunagar', 'nehrunagar', 0, '2019-09-17 09:35:59'),
(5, 16, 'Pending', '400000.0', 'carloc patel', '9898989898', 'Iraq', 'Iraq', 0, '2019-09-17 09:43:38'),
(6, 16, 'Pending', '400000.0', 'carloc patel', '9898989898', 'Iraq', 'Iraq', 0, '2019-09-17 09:50:22'),
(7, 15, 'Pending', '50000', 'Nancy hawlett', '7845127845', '78964563', 'america', 12, '2019-09-17 10:41:11'),
(8, 4, 'Pending', '450000', 'bcxb', '9632587410', '380015', 'new', 17, '2019-09-17 12:31:24'),
(9, 4, 'Pending', '450000', 'jfg', '9632587410', '380015', 'newjgfjf', 19, '2019-09-17 12:32:42'),
(10, 17, 'Pending', '3048045', 'test1', '9789', '879', '87987', 18, '2019-09-17 12:33:24'),
(11, 4, 'Pending', '450000', 'jfg', '9632587410', '380015', 'newjgfjf', 19, '2019-09-17 12:33:44'),
(12, 4, 'Pending', '450000', 'jfg', '9632587410', '380015', 'newjgfjf', 19, '2019-09-17 12:35:34'),
(13, 4, 'Pending', '450000', 'jfg', '9632587410', '380015', 'newjgfjf', 19, '2019-09-17 12:35:54'),
(14, 4, 'Pending', '450000', 'jfg', '9632587410', '380015', 'newjgfjf', 19, '2019-09-17 12:36:00'),
(15, 4, 'Pending', '100000', 'helloma', '9632587410', '380015', '123456', 20, '2019-09-18 04:41:46'),
(16, 15, 'Pending', '970870', 'sandip', '78755555', '7874125', 'ahmedabad', 11, '2019-09-19 04:43:16'),
(17, 15, 'Pending', '435435', 'Nancy hawlett', '7845127845', '78964563', 'america', 12, '2019-09-19 07:21:24'),
(20, 12, 'Pending', '100000.0', 'carlocal olpoo', '9865323652', 'Mosul, Iraq', 'Mosul, Iraq', 0, '2019-09-20 11:55:15'),
(21, 15, 'Pending', '50000', 'Nancy hawlett', '7845127845', '78964563', 'america', 12, '2019-09-20 12:00:19'),
(22, 4, 'Pending', '50000', 'urvi', '9856232653', '380015', 'new', 19, '2019-09-20 12:01:12'),
(23, 15, 'Pending', '150000', 'Nancy hawlett', '7845127845', '78964563', 'america', 12, '2019-09-20 12:54:32'),
(24, 15, 'Pending', '100000', 'Nancy hawlett', '7845127845', '78964563', 'america', 12, '2019-09-20 12:55:06'),
(26, 12, 'Pending', '1035435.0', 'carlocal olpoo', '9865323652', 'Mosul, Iraq', 'Mosul, Iraq', 0, '2019-09-21 05:14:35'),
(27, 12, 'Pending', '635435.0', 'carlocal olpoo', '9865323652', 'Mosul, Iraq', 'Mosul, Iraq', 0, '2019-09-21 05:15:34'),
(28, 12, 'Pending', '635435.0', 'carlocal olpoo', '9865323652', 'Mosul, Iraq', 'Mosul, Iraq', 0, '2019-09-21 05:28:44'),
(29, 12, 'Pending', '150000.0', 'carlocal olpoo', '9865323652', 'Mosul, Iraq', 'Mosul, Iraq', 0, '2019-09-21 09:26:04'),
(30, 15, 'Pending', '300000', 'sandip', '78755555', '7874125', 'ahmedabad', 11, '2019-09-23 04:10:19'),
(31, 15, 'Pending', '100000', 'sandip', '78755555', '7874125', 'B 304/2,harmis technology,\nGopal palace jhansi ki rani BRTS bus stop,\nnear siromani complex', 12, '2019-09-23 05:18:11'),
(33, 19, 'Pending', '250000.0', 'testuser ', '9898989898', 'hello', 'hello', 0, '2019-09-23 09:21:31'),
(34, 19, 'Pending', '250000.0', 'testuser ', '7889788978', 'hello', 'hello', 0, '2019-09-23 09:22:58'),
(35, 19, 'Pending', '250000.0', 'testuser ', '896325410', 'hello', 'hello', 0, '2019-09-23 09:24:15'),
(36, 19, 'Pending', '250000.0', 'testuser ', '9898653265', 'nadiad', 'nadiad', 0, '2019-09-23 10:16:12'),
(37, 21, 'Pending', '150000.0', 'carlive ssss', '9898653265', 'Mosul, Iraq', 'Mosul, Iraq', 0, '2019-09-26 06:57:19'),
(38, 23, 'Pending', '100000', 'ravi', '7845127845', '78964563', 'america', 12, '2019-09-26 12:59:08'),
(39, 17, 'Pending', '1000000', 'prakash', '789456123', '78954', 'bsdjgbjsfbg', 11, '2019-09-27 05:25:36'),
(40, 17, 'Pending', '435435', 'prakash', '7845623123', '78946', 'dvshfjvhdsjvf', 10, '2019-09-27 05:30:32'),
(41, 19, 'Pending', '45000', 'test', '785464132', '7845', 'ljbdfhkgv', 20, '2019-09-27 05:39:21'),
(42, 14, 'Shipping', '90000', 'kinjal', '789456123', '789584', 'jsfbgjkbsk', 12, '2019-09-27 07:47:56'),
(43, 14, 'Pending', '435435', 'kinajal', '785456456', '789456', 'fsbgj', 11, '2019-09-27 07:50:39'),
(44, 14, 'Delivered', '145000', 'kinjal', '789456123', '798456', 'fjkdbshgvb', 17, '2019-09-27 07:51:48'),
(45, 12, 'Pending', '400.0', 'carlocal olpoo', '9865323652', 'Mosul, Iraq', 'Mosul, Iraq', 0, '2019-09-30 09:50:43'),
(46, 12, 'Pending', '45000.0', 'carlocal olpoo', '9865323652', 'Mosul, Iraq', 'Mosul, Iraq', 0, '2019-09-30 10:07:24'),
(47, 12, 'Pending', '185000.0', 'carlocal olpoo', '9865323652', 'Mosul, Iraq', 'Mosul, Iraq', 0, '2019-09-30 10:10:38'),
(48, 12, 'Pending', '90000.0', 'carlocal olpoo', '9865323652', 'Mosul, Iraq', 'Mosul, Iraq', 0, '2019-10-02 10:27:33'),
(49, 12, 'Pending', '566.0', 'carlocal zfgg', '9865323652', 'Mosul, Iraq', 'Mosul, Iraq', 0, '2019-10-02 10:34:22'),
(50, 12, 'Pending', '566.0', 'carlocal zfgg', '9865323652', 'Mosul, Iraq', 'Mosul, Iraq', 0, '2019-10-02 10:40:36'),
(51, 12, 'Pending', '45000.0', 'carlocal zfgg', '9865323652', 'Mosul, Iraq', 'Mosul, Iraq', 0, '2019-10-04 09:46:08');

-- --------------------------------------------------------

--
-- Table structure for table `paymentGatway`
--

CREATE TABLE `paymentGatway` (
  `id` int(11) NOT NULL,
  `ownerid` int(11) NOT NULL,
  `propertyid` int(11) NOT NULL,
  `paymentId` longtext NOT NULL,
  `amount` varchar(255) NOT NULL,
  `customerId` longtext NOT NULL,
  `status` longtext NOT NULL,
  `recipetUrl` longtext NOT NULL,
  `balId` longtext NOT NULL,
  `date` timestamp NOT NULL DEFAULT CURRENT_TIMESTAMP,
  `video` varchar(255) NOT NULL
) ENGINE=InnoDB DEFAULT CHARSET=latin1;

--
-- Dumping data for table `paymentGatway`
--

INSERT INTO `paymentGatway` (`id`, `ownerid`, `propertyid`, `paymentId`, `amount`, `customerId`, `status`, `recipetUrl`, `balId`, `date`, `video`) VALUES
(1, 0, 0, 'ch_1EfM6jGebdXgb90nZvPswGoO', '50', 'cus_F9fRICC4rTN2TQ', 'Payment complete.', 'https://pay.stripe.com/receipts/acct_1Eb63KGebdXgb90n/ch_1EfM6jGebdXgb90nZvPswGoO/rcpt_F9fRMju0FzdBPs8UmKeq83sFH8EXONc', 'txn_1EfM6jGebdXgb90nR2vzvwbQ', '2019-07-13 12:46:09', ''),
(2, 0, 0, 'ch_1EfMESGebdXgb90n5vjL2XgW', '50', 'cus_F9fZNo3NAm9Fby', 'Payment complete.', 'https://pay.stripe.com/receipts/acct_1Eb63KGebdXgb90n/ch_1EfMESGebdXgb90n5vjL2XgW/rcpt_F9fZFMx5mkwpL28d6Ga0awqtC5dXxOh', 'txn_1EfMETGebdXgb90n98vnfIXq', '2019-07-13 12:46:09', ''),
(3, 0, 0, 'ch_1EnKgGGebdXgb90n90KTu9gx', '50', 'cus_FHuVWV49w76uPh', 'Payment complete.', 'https://pay.stripe.com/receipts/acct_1Eb63KGebdXgb90n/ch_1EnKgGGebdXgb90n90KTu9gx/rcpt_FHuVhKXGTQe0HzzzGpMAI5wkVTuapkO', 'txn_1EnKgGGebdXgb90n5dHR6bsG', '2019-07-13 12:46:09', ''),
(4, 1, 0, 'ch_1EvkaqGebdXgb90nFB7kpnHb', '50', 'cus_FQbolfs43kai5t', 'Payment complete.', 'https://pay.stripe.com/receipts/acct_1Eb63KGebdXgb90n/ch_1EvkaqGebdXgb90nFB7kpnHb/rcpt_FQboJjSsPjWZDBPIwaDjCqdgU9vNAj0', 'txn_1EvkaqGebdXgb90nHZjyznrO', '2019-07-13 12:46:09', ''),
(5, 1, 2, 'ch_1Evkh9GebdXgb90nDxejY6nN', '50', 'cus_FQbuGPCEpwOoZW', 'Payment complete.', 'https://pay.stripe.com/receipts/acct_1Eb63KGebdXgb90n/ch_1Evkh9GebdXgb90nDxejY6nN/rcpt_FQbuyRzTgungVgqSjw0DfXN2uY1XGua', 'txn_1Evkh9GebdXgb90nlWycMOsT', '2019-07-13 12:51:20', ''),
(6, 12, 102, 'ch_1EywDXGebdXgb90nPY3lo3Ql', '500', 'cus_FTu1QKzyzpwzIc', 'Payment complete.', 'https://pay.stripe.com/receipts/acct_1Eb63KGebdXgb90n/ch_1EywDXGebdXgb90nPY3lo3Ql/rcpt_FTu1my9K0uWBHWkVDqdjJhUSyEl2tzc', 'txn_1EywDXGebdXgb90nnRZPlXCx', '2019-07-22 07:45:56', 'http://192.168.1.20/realestate/public/templateVideo/20190516.180301_10_A_GardenHill_10.mp4'),
(7, 12, 102, 'ch_1EywEzGebdXgb90ndL7U5NeI', '500', 'cus_FTu3lQgvPwLZoR', 'Payment complete.', 'https://pay.stripe.com/receipts/acct_1Eb63KGebdXgb90n/ch_1EywEzGebdXgb90ndL7U5NeI/rcpt_FTu3ztlz1JR2DjCYq4on60dkelcRBtg', 'txn_1EywEzGebdXgb90n8tLOgHSO', '2019-07-22 07:47:26', 'public/templateVideo/20190516.180301_10_A_GardenHill_10.mp4'),
(8, 12, 102, 'ch_1EywGvGebdXgb90nX33QZtiA', '500', 'cus_FTu5E46rKdCNO9', 'Payment complete.', 'https://pay.stripe.com/receipts/acct_1Eb63KGebdXgb90n/ch_1EywGvGebdXgb90nX33QZtiA/rcpt_FTu5t0uwXRUcV7jBv5osJTQs7v0Ad63', 'txn_1EywGvGebdXgb90neKruwiBs', '2019-07-22 07:49:25', '20190516.180301_10_A_GardenHill_10.mp4');

-- --------------------------------------------------------

--
-- Table structure for table `pdf_report`
--

CREATE TABLE `pdf_report` (
  `id` int(11) NOT NULL,
  `pro_name` varchar(255) NOT NULL,
  `pdf_upload` longtext NOT NULL
) ENGINE=InnoDB DEFAULT CHARSET=latin1;

--
-- Dumping data for table `pdf_report`
--

INSERT INTO `pdf_report` (`id`, `pro_name`, `pdf_upload`) VALUES
(1, '6', '1559127909.Two-page-Hello-World.pdf'),
(2, '7', '1559129065.Expense-Report.pdf'),
(3, '6', '1559547762.new_enquiry.pdf');

-- --------------------------------------------------------

--
-- Table structure for table `Place_Order`
--

CREATE TABLE `Place_Order` (
  `Place_Order_ID` int(11) NOT NULL,
  `Order_ID` int(11) NOT NULL,
  `Product_ID` int(11) NOT NULL,
  `Name` varchar(255) NOT NULL,
  `Price` varchar(255) NOT NULL,
  `Quantity` int(11) NOT NULL
) ENGINE=InnoDB DEFAULT CHARSET=latin1;

--
-- Dumping data for table `Place_Order`
--

INSERT INTO `Place_Order` (`Place_Order_ID`, `Order_ID`, `Product_ID`, `Name`, `Price`, `Quantity`) VALUES
(1, 1, 7, 'Tire Set', '435435', 1),
(2, 1, 11, 'Sound System', '50000', 2),
(3, 2, 1, 'newone', '10', 1),
(4, 2, 1, 'newone', '10', 1),
(5, 3, 7, 'Tire Set', '10', 1),
(6, 3, 11, 'Sound System', '10', 1),
(7, 4, 7, 'Tire Set', '10', 1),
(8, 4, 11, 'Sound System', '10', 1),
(9, 5, 12, 'AC colder', '400000.0', 4),
(10, 6, 12, 'AC colder', '400000.0', 4),
(11, 7, 11, 'Sound System', '50000', 2),
(12, 14, 11, 'Sound System', '50000', 9),
(13, 15, 12, 'AC colder', '100000', 1),
(14, 16, 7, 'Tire Set', '435435', 1),
(15, 16, 12, 'AC colder', '100000', 25),
(16, 17, 7, 'Tire Set', '435435', 1),
(22, 23, 11, 'Sound System', '50000', 1),
(28, 26, 7, 'Tire Set', '435435.0', 1),
(30, 27, 7, 'Tire Set', '435435.0', 1),
(32, 28, 7, 'Tire Set', '435435.0', 1),
(33, 29, 12, 'AC colder', '100000.0', 1),
(35, 30, 12, 'AC colder', '100000', 3),
(36, 31, 12, 'AC colder', '100000', 1),
(38, 33, 12, 'AC colder', '100000.0', 1),
(39, 33, 11, 'Sound System', '150000.0', 3),
(40, 34, 12, 'AC colder', '100000.0', 1),
(41, 34, 11, 'Sound System', '150000.0', 3),
(42, 35, 12, 'AC colder', '100000.0', 1),
(43, 35, 11, 'Sound System', '150000.0', 3),
(44, 36, 12, 'AC colder', '100000.0', 1),
(45, 36, 11, 'Sound System', '150000.0', 3),
(46, 37, 12, 'AC colder', '100000.0', 1),
(47, 37, 11, 'Sound System', '50000.0', 1),
(48, 38, 12, 'AC colder', '100000', 1),
(49, 39, 12, 'AC colder', '100000', 10),
(50, 40, 7, 'Tire Set', '435435', 1),
(51, 41, 13, 'demo pro', '45000', 1),
(52, 42, 13, 'demo pro', '45000', 2),
(53, 43, 7, 'Tire Set', '435435', 1),
(54, 44, 13, 'demo pro', '45000', 1),
(55, 44, 12, 'AC colder', '100000', 1),
(56, 45, 10, 'light', '400.0', 1),
(57, 46, 13, 'demo pro', '45000.0', 1),
(58, 47, 13, 'demo pro', '90000.0', 2),
(59, 47, 13, 'demo pro', '45000.0', 1),
(60, 47, 11, 'Sound System', '50000.0', 1),
(61, 48, 13, 'demo pro', '90000.0', 2),
(62, 49, 9, 'Parking Light', '566.0', 1),
(63, 50, 9, 'Parking Light', '566.0', 1),
(64, 51, 13, 'demo pro', '45000.0', 1);

-- --------------------------------------------------------

--
-- Table structure for table `procategory`
--

CREATE TABLE `procategory` (
  `id` int(11) NOT NULL,
  `name` varchar(255) NOT NULL,
  `ar` varchar(255) CHARACTER SET utf8 NOT NULL,
  `ku` varchar(255) CHARACTER SET utf8 NOT NULL,
  `published` tinyint(4) NOT NULL
) ENGINE=InnoDB DEFAULT CHARSET=latin1;

--
-- Dumping data for table `procategory`
--

INSERT INTO `procategory` (`id`, `name`, `ar`, `ku`, `published`) VALUES
(3, 'Interior Parts', 'Interior Parts', 'Interior Parts', 1),
(4, 'Exterior Parts', 'الأجزاء الخارجية', 'Parçeyên derveyî', 1),
(5, 'Ignition System', 'Ignition System', 'Ignition System', 1),
(6, 'Engines & Components', 'Engines & Components', 'Engines & Components', 1),
(7, 'Air Intake System', 'Air Intake System', 'Air Intake System', 1),
(8, 'Brake System', 'Brake System', 'Brake System', 1),
(9, 'Cooling System', 'Cooling System', 'Cooling System', 1),
(10, 'Glasses & Windows', 'Glasses & Windows', 'Glasses & Windows', 1),
(11, 'Other Tools', 'Other Tools', 'Other Tools', 1);

-- --------------------------------------------------------

--
-- Table structure for table `properties`
--

CREATE TABLE `properties` (
  `id` int(11) NOT NULL,
  `property_name` varchar(255) NOT NULL,
  `address` varchar(255) NOT NULL,
  `city` int(11) NOT NULL,
  `sale_price` varchar(20) DEFAULT NULL,
  `month_rentprice` varchar(255) DEFAULT NULL,
  `daily_rentprice` float DEFAULT NULL,
  `weekly_rentprice` float DEFAULT NULL,
  `description` longtext NOT NULL,
  `pro_type` int(11) NOT NULL,
  `car_brand` int(11) NOT NULL,
  `kilometer` varchar(255) NOT NULL,
  `year_of_car` varchar(255) NOT NULL,
  `prop_category` varchar(255) DEFAULT NULL,
  `fueltype` varchar(255) NOT NULL,
  `googleLocation` text NOT NULL,
  `lat` varchar(255) NOT NULL,
  `lng` varchar(255) NOT NULL,
  `userType` varchar(255) NOT NULL COMMENT '1=users,2=showroom,3=company',
  `userId` int(11) NOT NULL,
  `showRoomId` int(11) NOT NULL,
  `companyId` int(11) NOT NULL,
  `email` varchar(255) NOT NULL,
  `phone` varchar(255) NOT NULL,
  `isrequested` int(11) NOT NULL,
  `published` tinyint(4) NOT NULL,
  `video` varchar(255) NOT NULL,
  `gear_type` varchar(255) NOT NULL
) ENGINE=InnoDB DEFAULT CHARSET=latin1;

--
-- Dumping data for table `properties`
--

INSERT INTO `properties` (`id`, `property_name`, `address`, `city`, `sale_price`, `month_rentprice`, `daily_rentprice`, `weekly_rentprice`, `description`, `pro_type`, `car_brand`, `kilometer`, `year_of_car`, `prop_category`, `fueltype`, `googleLocation`, `lat`, `lng`, `userType`, `userId`, `showRoomId`, `companyId`, `email`, `phone`, `isrequested`, `published`, `video`, `gear_type`) VALUES
(1, 'swift', 'dshjkfhjv', 18, '150000', '12000', 0, 0, 'hdsvfhj', 1, 1, '50000', '14', '2', '1', 'Jashodanagar Fire Station, Jashoda Nagar, Ahmedabad, Gujarat, India', '22.9833426', '72.62410990000001', '1', 2, 0, 29, 'murat@gmail.com', '789456123', 0, 1, '', 'Automatic'),
(2, 'scorpio', 'fsgsfg', 11, '780000', '45000', NULL, NULL, 'dghdgh', 1, 3, '456', '2016', '6', '', 'Naroda, Ahmedabad, Gujarat, India', '23.0685865', '72.65359609999996', '1', 3, 0, 0, 'bella@gmail.com', '789456123', 0, 1, '', ''),
(3, 'Wagon R', 'jdkbkf', 11, '7895000', '78000', 0, 0, 'sdfbhgb', 1, 2, '456000', '2016', '2', '2', 'Jashodanagar Fire Station, Jashoda Nagar, Ahmedabad, Gujarat, India', '22.9833426', '72.62410990000001', '1', 3, 0, 0, 'prakash@gmail.com', '789456123', 1, 1, '', 'Automatic'),
(4, 'volo sport', 'dbafkjbdsfk', 17, '78000000', '4513', NULL, NULL, 'jskdbgkjbsd', 2, 10, '3550000', '2025', '18', '', 'Dubai - United Arab Emirates', '25.2048493', '55.270782800000006', '2', 0, 30, 0, 'prakash@gmail.com', '789456123', 0, 1, '', 'Manual'),
(6, 'volvo', 'fdsghfh', 13, '4500000', '369451', NULL, NULL, 'fsgdfg', 1, 10, '78000', '25', '18', '2', 'Kuwait', '29.31166', '47.48176599999999', '2', 0, 24, 0, 'prakash@gmail.com', '789456132', 0, 1, '', 'Automatic'),
(7, 'maruti swift', 'bkfhjdsbgk', 15, '4500000', '985', NULL, NULL, 'sbfgkjb', 1, 2, '435', '40', '1', '', 'JSS Circle, 7th Block, Jayanagar, Bengaluru, Karnataka', '12.923413', '77.57621549999999', '2', 0, 24, 0, 'akash@gmail.com', '789456456132', 0, 1, '', ''),
(13, 'Mahindra', 'ahmedabad', 14, '56000', '', NULL, NULL, 'made in india', 1, 3, '7000', '2015', '7', '', 'ahmedabad', '', '', '1', 1, 0, 0, 'prakash@gmail.com', '789456123', 0, 1, '', ''),
(14, 'Mahindra', 'ahmedabad', 18, '56000', '', NULL, NULL, 'made in india', 1, 3, '7000', '2015', '7', '', 'ahmedabad', '', '', '1', 1, 0, 0, 'prakash@gmail.com', '789456123', 0, 1, '', ''),
(15, 'Mahindra', 'ahmedabad', 17, '56000', '', NULL, NULL, 'made in india', 1, 3, '7000', '2015', '7', '', 'ahmedabad', '', '', '1', 1, 0, 0, 'prakash@gmail.com', '789456123', 0, 1, '', ''),
(16, 'Mahindra', 'ahmedabad', 16, '450000', '', NULL, NULL, 'made in india', 1, 3, '50000', '2011', '6', '', 'iraq', '', '', '1', 1, 0, 0, 'prakash@gmail.com', '789456123', 0, 1, '', ''),
(17, 'dfhgd', 'fghgf', 0, '456476', '', NULL, NULL, 'gchfgh', 1, 3, '65365', '4567', '2', '', 'Daftö, Sweden', '58.9037652', '11.183584600000017', '1', 2, 0, 0, 'cvhfg@gmail.com', '78945643123', 0, 1, '', ''),
(18, 'rt', 'df', 2, '67', '566', NULL, NULL, 'dfdf', 1, 3, '56', '2013', '2', '', 'Ahmednagar, Maharashtra, India', '19.0948287', '74.74797890000002', '1', 1, 0, 0, 'tes@gmail.com', '45', 0, 1, '', ''),
(19, 'Ford', 'Mosul, Iraq', 0, '', '3000000', NULL, NULL, 'bfhfj', 2, 5, '30000', '', '6', '', 'Mosul, Iraq', '', '', '1', 9, 0, 0, 'amit@gmail.com', '9724604987', 0, 0, '', ''),
(20, 'Ford', 'Mosul, Iraq', 0, '', '3000000', NULL, NULL, 'bfhfj', 2, 5, '30000', '', '6', '', 'Mosul, Iraq', '', '', '1', 9, 0, 0, 'amit@gmail.com', '9724604987', 0, 1, '', ''),
(21, 'Ford', 'Mosul, Iraq', 13, '2000000', '2000000', NULL, NULL, 'car desc updated', 2, 5, '200000', '2012', '18', '', 'Mosul, Iraq', '', '', '1', 12, 0, 0, 'carlocal@gmail.com', '9865323652', 0, 1, '', ''),
(22, 'Ford', 'Mosul, Iraq', 0, '600000', '50000', NULL, NULL, 'car is actually 5years old and better comdomt', 1, 5, '60000', '', '8', '', 'Mosul, Iraq', '', '', '1', 12, 0, 0, 'carlocal@gmail.com', '9898989898', 0, 1, '', ''),
(23, 'Tata', 'Mosul, Iraq', 0, '500000', '', NULL, NULL, 'xbxxb', 1, 4, '10000', '', '8', '', 'Mosul, Iraq', '', '', '1', 12, 0, 0, 'carlocal@gmail.com', '9865323652', 0, 1, '', ''),
(24, 'Ford', 'Mosul, Iraq', 0, '20000', '', NULL, NULL, 'vxvd', 1, 5, '50000', '', '7', '', 'Mosul, Iraq', '', '', '1', 12, 0, 0, 'carlocal@gmail.com', '9865323652', 0, 1, '', ''),
(25, 'Mahindra', 'Mosul, Iraq', 0, '', '20000', NULL, NULL, 'ggsgs', 2, 3, '500000', '', '5', '', 'Mosul, Iraq', '', '', '1', 12, 0, 0, 'carlocal@gmail.com', '9865323652', 0, 0, '', ''),
(26, 'Tata', 'Mosul, Iraq', 0, '', '200000', NULL, NULL, 'gzgz', 2, 4, '98998888', '', '9', '', 'Mosul, Iraq', '', '', '1', 12, 0, 0, 'carlocal@gmail.com', '9865323652', 0, 0, '', ''),
(27, 'Tata', 'Mosul, Iraq', 0, '', '20000', NULL, NULL, 'xxnnc', 2, 4, '5000', '', '8', '', 'Mosul, Iraq', '', '', '1', 12, 0, 0, 'carlocal@gmail.com', '9865323652', 0, 1, '', ''),
(28, 'Tata', 'Mosul, Iraq', 0, '', '20000', NULL, NULL, 'gzgxg', 2, 4, '230', '', '6', '', 'Mosul, Iraq', '', '', '1', 12, 0, 0, 'carlocal@gmail.com', '9865323652', 0, 0, '', ''),
(29, 'Tata', 'Kurdistan, Erbil, Iraq', 0, '20000', '', NULL, NULL, 'dggdgd', 1, 4, '552525', '', '7', '', 'Kurdistan, Erbil, Iraq', '', '', '1', 12, 0, 0, 'carlocal@gmail.com', '9865323652', 0, 1, '', ''),
(30, 'Tata', 'Kurdistan, Erbil, Iraq', 0, '', '20000', NULL, NULL, 'gdgdg', 2, 4, '200', '', '7', '', 'Kurdistan, Erbil, Iraq', '', '', '1', 12, 0, 0, 'carlocal@gmail.com', '9865323652', 0, 1, '', ''),
(31, 'Ford', 'Mosul, Iraq', 0, '', '200000', NULL, NULL, 'good condition', 2, 5, '30000', '', '9', '', 'Mosul, Iraq', '', '', '1', 12, 0, 0, 'carlocal@gmail.com', '9865323652', 0, 1, '', ''),
(32, 'Mahindra', 'Mosul, Iraq', 0, '2000000', '2000000', NULL, NULL, 'good dafsd', 1, 3, '22322222', '', '8', '', 'Mosul, Iraq', '', '', '1', 12, 0, 0, 'carlocal@gmail.com', '9865323652', 0, 0, '', ''),
(33, 'new add car', 'test', 18, '4567', '345', NULL, NULL, 'test', 2, 4, '456', '19-09-1999', '2', '3', 'Iraq', '33.223191', '43.679291000000035', '3', 0, 0, 28, 'kinnari@gmail.com', '7894561320', 0, 1, '', 'Manual'),
(34, 'Tata', 'Mosul, Iraq', 0, '', '2000', NULL, NULL, 'dhhdh', 2, 4, '20000', '', '9', '', 'Mosul, Iraq', '', '', '1', 12, 0, 0, 'carlocal@gmail.com', '9865323652', 0, 1, '', ''),
(35, 'Ford', 'Mosul, Iraq', 0, '', '20000', NULL, NULL, 'good', 2, 5, '2000', '', '7', '', 'Mosul, Iraq', '', '', '1', 12, 0, 0, 'carlocal@gmail.com', '9865323652', 0, 1, '', ''),
(36, 'Ford', 'Mosul, Iraq', 0, '', '20000', NULL, NULL, 'dhhdg', 2, 5, '2000', '', '7', '', 'Mosul, Iraq', '', '', '1', 12, 0, 0, 'carlocal@gmail.com', '9865323652', 1, 0, '', ''),
(37, 'Tata', 'Kurdistan, Erbil, Iraq', 0, '200000', '', NULL, NULL, 'fdfsfs', 1, 4, '23535', '', '8', '', 'Kurdistan, Erbil, Iraq', '', '', '1', 12, 0, 0, 'carlocal@gmail.com', '9865323652', 0, 1, '', ''),
(38, 'Tata', 'Kurdistan, Erbil, Iraq', 0, '', '2000000', NULL, NULL, 'dhhdgd', 2, 4, '20000', '', '8', '', 'Kurdistan, Erbil, Iraq', '', '', '1', 12, 0, 0, 'carlocal@gmail.com', '9865323652', 0, 1, '', ''),
(39, 'test harmiskj', 'nahrunagar', 10, '4567', '345', NULL, NULL, 'test', 2, 4, '456', '19-09-1999', '6', '', 'iraq', '33.223191', '43.679291000000035', '3', 2, 0, 29, 'kinnari@gmail.com', '784561231230', 0, 1, '', ''),
(40, 'Ford', 'Mosul, Iraq', 0, '20000', '20000', NULL, NULL, 'hgdg', 2, 5, '5000000', '', '18', '', 'Mosul, Iraq', '', '', '1', 12, 0, 0, 'carlocal@gmail.com', '9865323652', 0, 0, '', ''),
(41, 'new', '4224', 19, '242424242', '2424242', NULL, NULL, '24', 2, 3, '1500', '1205', '2', '1', 'Iraq', '33.223191', '43.679291000000035', '3', 0, 0, 28, 'caifgigfr@gmail.com', '9632587410', 0, 1, '', 'Automatic'),
(42, 'Ford', 'Kurdistan, Erbil, Iraq', 0, '', '200000', NULL, NULL, 'vxvxg', 2, 5, '5000', '', '1', '', 'Kurdistan, Erbil, Iraq', '', '', '1', 16, 0, 0, 'carloc@gmail.com', '9898989898', 1, 1, '', ''),
(43, 'testst', 'testtt', 19, '4567', '345', NULL, NULL, 'teeeee', 2, 11, '4545', '2019', '2', '2', 'Iraq', '33.223191', '43.679291000000035', '3', 0, 0, 28, 'card@gmail.com', '784561231230', 0, 1, '', ''),
(44, 'new property', 'tsanbvuii', 13, '4567', '30000', 500, 5000, 'sanvi car', 2, 3, '456', '2019', '', '2', 'Iraq - Dubai - United Arab Emirates', '25.2275086', '55.171734300000026', '3', 0, 0, 28, 'test@gmail.com', '7894561320', 0, 1, '', 'Automatic'),
(45, 'new add car', '87987', 17, '4567', '4513', NULL, NULL, 'testt', 0, 5, '456', '2015', '4', '3', 'Iraqi Museum, Baghdad, Iraq', '33.3284501', '44.385909800000036', '2', 0, 25, 0, 'kinnari@gmail.com', '9789', 0, 1, '', 'Automatic'),
(46, 'BMW', 'Iraq', 17, '200000', '', NULL, NULL, 'cncnnc', 1, 24, '50000', '', '13', '2', 'Iraq', '', '', '1', 12, 0, 0, 'carlocal@gmail.com', '9865323652', 0, 0, '', 'Manual'),
(47, 'Maruti-Suzuki', 'Mosul, Iraq', 10, '20000', '', NULL, NULL, 'gghh', 1, 2, '2323', '', '1', '3', 'Mosul, Iraq', '', '', '1', 12, 0, 0, 'carlocal@gmail.com', '9865323652', 1, 1, 'https://www.youtube.com/embed/IyETom5jxDc', 'Automatic'),
(48, 'mahindra XUV300', 'chfghghfghfsghfsgh', 11, '4500000', '', NULL, NULL, 'ghghsgdfhdfgh', 1, 3, '50000', '2019', '5', '2', 'iraq', '', '', '1', 2, 0, 0, 'prakash@gmail.com', '789456123', 0, 1, 'https://www.youtube.com/watch?v=22zDVWH9cgM', 'Automatic'),
(49, 'tigor', 'fsgsgs', 14, '45000000', '', NULL, NULL, 'grgfsgsg', 1, 4, '45000', '2016', '13', '2', 'Iraq - Dubai - United Arab Emirates', '25.2275086', '55.171734300000026', '1', 2, 0, 0, 'prakash@gmail.com', '789456123', 0, 1, 'https://www.youtube.com/watch?v=epJqtMGk4Jk', 'Manual'),
(50, 'audi mix', '', 12, '230000', '230000', NULL, NULL, 'test', 2, 4, '2013', '2013', '10', '3', 'India', '20.593684', '78.96288000000004', '1', 17, 0, 0, 'hp1@hmail.com', '6599999991', 0, 2, 'https://www.youtube.com/watch?v=tQ0mzXRk-oM', 'Manual'),
(51, 'Endevour', '', 12, '360000', '', NULL, NULL, 'psum is simply dummy text of the printing and typesetting industry. Lorem Ipsum has been the industry\'s standard dummy text ever since the 1500s, when an unknown printer took a galley of type and scrambled it to make a type specimen book. It has survived not only five centuries, but also the leap into electronic typesetting, remaining essentially unchanged. It was popularised in the 1960s with the release of', 1, 2, '25000', '174', '43', '1', 'India', '20.593684', '78.96288000000004', '1', 17, 0, 0, 'hitesh@gmail.com', '9866788891', 0, 1, 'https://www.youtube.com/watch?v=Tp6Xu6i7sLg', 'Manual'),
(54, 'verna 1.6', '', 13, '780000', '', NULL, NULL, 'Lorem Ipsum is simply dummy text of the printing and typesetting industry. Lorem Ipsum has been the industry\'s standard dummy text ever since the 1500s, when an unknown printer took a galley of type and scrambled it to make a type specimen book. It has survived not only five centuries, but also the leap into electronic typesetting, remaining essentially unchanged. It was popularised in the 1960s with the release of Letraset sheets containin', 1, 4, '26000', '2016', '10', '2', 'India', '20.593684', '78.96288000000004', '1', 17, 0, 0, 'hp@hmail.com', '9834523331', 0, 1, 'https://www.youtube.com/watch?v=uJ8a8-i1cqE', 'Manual'),
(55, 'Premier', 'Mosul, Iraq', 10, '2009', '', NULL, NULL, 'very good condition of this car', 1, 46, '20000', '', '1', '1', 'Mosul, Iraq', '', '', '1', 19, 0, 0, 'testuser@gmail.com', '9865326598', 0, 1, '', ''),
(56, 'Khataro', 'america', 13, '10', '0', 0, 0, 'first Number Car', 1, 3, '30', '1.5', '2', '3', 'america', '', '', '1', 2, 0, 0, 'sandeep@harmistechnology.com', '78787878787', 0, 1, 'http://192.168.1.25/cars/admin/property/56/edit', 'Manual'),
(57, 'Khataro', 'B 304/2,harmis technology,\r\nGopal palace jhansi ki rani BRTS bus stop,\r\nnear siromani complex', 11, '0', '1000000', 1000, 10000, 'hiiii', 2, 4, '50', '1.5', '4', '3', 'fffff', '', '', '1', 1, 0, 0, 'car@gmail.com', '78755555', 0, 1, 'https://www.youtube.com/watch?v=NtzftGb0EcM', 'Automatic'),
(58, 'sandip', '', 11, '50000', '50000', NULL, NULL, 'all place', 1, 4, '2220', '1.5', '12', '2', 'All Places Map, Pocket 4, Sector 25, Rohini, New Delhi, Delhi, India', '28.7358489', '77.09602999999993', '1', 15, 0, 0, 'car@gmail.com', '78755555', 0, 1, 'https://www.youtube.com/watch?v=NtzftGb0EcM', 'Manual'),
(59, 'new car', '', 15, '4500000', NULL, NULL, NULL, 'fhgdhfghjj', 1, 4, '5000000', '2016', '10', '3', 'Al Qa\'im, Iraq', '34.316858', '41.16025969999998', '1', 4, 0, 0, 'prakash@gmail.com', '7894561232', 0, 1, '', 'Manual'),
(60, 'Audi', 'Mosul, Iraq', 10, '2019', NULL, NULL, NULL, 'good description', 1, 21, '20000', '', '18', '2', 'Mosul, Iraq', '', '', '1', 21, 0, 0, 'carlive@gmail.com', '9898986532', 0, 1, '', ''),
(61, 'Ashok Leyland', 'Mosul, iraq', 10, '2015', NULL, NULL, NULL, 'shhdgd', 1, 12, '2000', '', '8', '2', 'Mosul, iraq', '', '', '1', 14, 0, 0, 'carlive@gmail.com', '9865323652', 0, 1, 'fdgfdgdf', ''),
(62, 'Ashok Leyland', 'Mosul, iraq', 10, '2015', NULL, NULL, NULL, 'shhdgd', 1, 12, '2000', '', '8', '2', 'Mosul, iraq', '', '', '1', 14, 0, 0, 'carlive@gmail.com', '9865323652', 0, 1, '', ''),
(63, 'audi mix', 'zsczxc', 13, '', '345', 13000, 200, 'xzcxzc', 1, 3, '2013', '2016', '6', '3', 'India', '20.593684', '78.96288000000004', '2', 0, 28, 0, 'car@gmail.com', '9789', 0, 1, '435', 'Manual'),
(64, 'audi mix', 'jkjk', 10, 'dsf', '0', 0, 0, 'lkl', 2, 3, '2013', '2013', '6', '2', 'India', '20.593684', '78.96288000000004', '3', 0, 28, 28, 'car@gmail.com', '9789', 0, 1, '', 'Manual'),
(66, 'cfxg', '5465454564556t5', 15, '', '', 0, 0, 'dfgfdg', 1, 4, '546', '2016', '12', '1', 'India', '20.593684', '78.96288000000004', '2', 0, 45, 0, 'hitesh@gmail.com', '9789', 0, 1, '', 'Automatic'),
(67, 'Opel', 'Mosul, Iraq', 17, '6858585', NULL, NULL, NULL, 'gxgxgxg', 1, 14, '233225', '', '8', '3', 'Mosul, Iraq', '', '', '1', 12, 0, 0, 'carlocal@gmail.com', '9865323652', 1, 0, '', ''),
(68, 'Nancy hawlett', '', 12, '100000', NULL, NULL, NULL, 'gdfgdfg', 1, 3, '00', '1.5', '5', '2', 'Al Awja, Iraq', '34.5235452', '43.7190392', '1', 15, 0, 0, 'sandip1@gmail.com', '7845127845', 0, 1, '', 'Manual'),
(69, 'new car', 'fsf', 10, '0', '0', NULL, NULL, 'dd', 1, 2, '1500', '1205', '2', '2', 'Dammam Saudi Arabia', '26.4206828', '50.08879430000002', '2', 0, 24, 0, 'car123456@gmail.com', '9632587410', 0, 1, 'htttps://www.google.com', 'Automatic'),
(70, 'Ashok Leyland', 'Mosul, Iraq', 10, '2015', NULL, NULL, NULL, 'good condition', 1, 12, '5000', '', '15', '3', 'Mosul, Iraq', '', '', '1', 12, 0, 0, 'carlocal@gmail.com', '9865323652', 0, 1, '', ''),
(71, 'Chinkara Motors', 'Kurdistan, Erbil, Iraq', 10, NULL, '2015', NULL, NULL, 'good description', 2, 13, '566565', '', '1', '2', 'Kurdistan, Erbil, Iraq', '', '', '1', 12, 0, 0, 'carlocal@gmail.com', '9865323652', 0, 1, '', ''),
(72, 'alpine', 'Mosul, Iraq', 10, '20000', NULL, NULL, NULL, 'zvvxbd', 1, 7, '200000', '7', '95', '1', 'Mosul, Iraq', '', '', '1', 12, 0, 0, 'carlocal@gmail.com', '9865323652', 0, 1, '', ''),
(73, 'abarth', 'Mosul, Iraq', 10, '2000000', NULL, NULL, NULL, 'xbxbxbd', 1, 1, '50000', '10', '1', '3', 'Mosul, Iraq', '', '', '1', 12, 0, 0, 'carlocal@gmail.com', '9865323652', 0, 1, '', '');

-- --------------------------------------------------------

--
-- Table structure for table `property_category`
--

CREATE TABLE `property_category` (
  `id` int(11) NOT NULL,
  `name` varchar(255) CHARACTER SET utf8 NOT NULL,
  `ar` varchar(255) CHARACTER SET utf8 NOT NULL,
  `ku` varchar(255) CHARACTER SET utf8 NOT NULL,
  `car_brand_id` int(11) NOT NULL,
  `car_year` int(11) NOT NULL,
  `published` int(11) NOT NULL
) ENGINE=InnoDB DEFAULT CHARSET=latin1;

--
-- Dumping data for table `property_category`
--

INSERT INTO `property_category` (`id`, `name`, `ar`, `ku`, `car_brand_id`, `car_year`, `published`) VALUES
(1, '1300', '1300', '1300', 1, 0, 1),
(2, '750', '750', '750', 1, 0, 1),
(3, 'OT', 'OT', 'OT', 1, 0, 1),
(4, '207', '207', '207', 1, 0, 1),
(5, 'Renault', 'Renault', 'Renault', 1, 0, 1),
(6, '2400', '2400', '2400', 1, 0, 1),
(7, 'A 112', 'A 112', 'A 112', 1, 0, 1),
(8, '1000', '1000', '1000', 1, 0, 1),
(9, '700', '700', '700', 1, 0, 1),
(10, 'Lancia 037', 'Lancia 037', 'Lancia 037', 1, 0, 1),
(11, '1000 Bialbero ', '1000 Bialbero ', '1000 Bialbero ', 1, 0, 1),
(12, 'Bialbero', 'Bialbero', 'Bialbero', 1, 0, 1),
(13, '600', '600', '600', 1, 0, 1),
(14, '2000', '2000', '2000', 1, 0, 1),
(15, '500', '500', '500', 1, 0, 1),
(16, 'Spider Riviera', 'Spider Riviera', 'Spider Riviera', 1, 0, 1),
(17, '800 Scorpione Coupe Allemano', '800 Scorpione Coupe Allemano', '800 Scorpione Coupe Allemano', 1, 0, 1),
(18, '595', '595', '595', 1, 0, 1),
(19, '1000 TC Corsa', '1000 TC Corsa', '1000 TC Corsa', 1, 0, 1),
(20, 'Coupe', 'Coupe', 'Coupe', 1, 0, 1),
(21, 'Mono 1000', 'Mono 1000', 'Mono 1000', 1, 0, 1),
(22, '2200', '2200', '2200', 1, 0, 1),
(23, 'Stola', 'Stola', 'Stola', 1, 0, 1),
(24, '124', '124', '124', 1, 0, 1),
(25, '1500', '1500', '1500', 1, 0, 1),
(26, '1600', '1600', '1600', 1, 0, 1),
(27, 'Grande Punto', 'Grande Punto', 'Grande Punto', 1, 0, 1),
(28, '1000 GT', '1000 GT', '1000 GT', 1, 0, 1),
(29, '850', '850', '850', 1, 0, 1),
(30, '1000 Bialbero', '1000 Bialbero', '1000 Bialbero', 1, 0, 1),
(31, '209', '209', '209', 1, 0, 1),
(32, '210', '210', '210', 1, 0, 1),
(33, 'Simca', 'Simca', 'Simca', 1, 0, 1),
(34, 'Monotipo', 'Monotipo', 'Monotipo', 1, 0, 1),
(35, '205', '205', '205', 1, 0, 1),
(36, '103 GT', '103 GT', '103 GT', 1, 0, 1),
(37, 'Monomille', 'Monomille', 'Monomille', 1, 0, 1),
(38, '208', '208', '208', 1, 0, 1),
(39, 'Greyhound', 'Greyhound', 'Greyhound', 2, 0, 1),
(40, '2-Litre', '2-Litre', '2-Litre', 2, 0, 1),
(41, 'Cobra', 'Cobra', 'Cobra', 2, 0, 1),
(42, 'Aceca', 'Aceca', 'Aceca', 2, 0, 1),
(43, 'Ace', 'Ace', 'Ace', 2, 0, 1),
(44, '428', '428', '428', 2, 0, 1),
(45, 'Aceca-Bristol', 'Aceca-Bristol', 'Aceca-Bristol', 2, 0, 1),
(46, '427', '427', '427', 2, 0, 1),
(47, 'RL', 'RL', 'RL', 3, 0, 1),
(48, 'MDX', 'MDX', 'MDX', 3, 0, 1),
(49, 'RSX', 'RSX', 'RSX', 3, 0, 1),
(50, 'TSX', 'TSX', 'TSX', 3, 0, 1),
(51, 'TL', 'TL', 'TL', 3, 0, 1),
(52, 'NSX', 'NSX', 'NSX', 3, 0, 1),
(53, 'Integra', 'Integra', 'Integra', 3, 0, 1),
(54, 'Legend', 'Legend', 'Legend', 3, 0, 1),
(55, 'CL', 'CL', 'CL', 3, 0, 1),
(56, 'RDX', 'RDX', 'RDX', 3, 0, 1),
(57, 'EL', 'EL', 'EL', 3, 0, 1),
(58, 'CL-X', 'CL-X', 'CL-X', 3, 0, 1),
(59, 'SLX', 'SLX', 'SLX', 3, 0, 1),
(60, 'ZDX', 'ZDX', 'ZDX', 3, 0, 1),
(61, 'CSX', 'CSX', 'CSX', 3, 0, 1),
(62, 'Vigor', 'Vigor', 'Vigor', 3, 0, 1),
(63, 'ILX', 'ILX', 'ILX', 3, 0, 1),
(64, 'ILX Hybrid', 'ILX Hybrid', 'ILX Hybrid', 3, 0, 1),
(65, 'RLX', 'RLX', 'RLX', 3, 0, 1),
(66, 'TLX', 'TLX', 'TLX', 3, 0, 1),
(67, '4C', '4C', '4C', 4, 0, 1),
(68, 'J1', 'J1', 'J1', 5, 0, 1),
(69, 'Palm Beach', 'Palm Beach', 'Palm Beach', 5, 0, 1),
(70, 'P1', 'P1', 'P1', 5, 0, 1),
(71, 'J', 'J', 'J', 5, 0, 1),
(72, 'J2X', 'J2X', 'J2X', 5, 0, 1),
(73, 'K2', 'K2', 'K2', 5, 0, 1),
(74, 'K3', 'K3', 'K3', 5, 0, 1),
(75, 'J2', 'J2', 'J2', 5, 0, 1),
(76, 'K1', 'K1', 'K1', 5, 0, 1),
(77, 'M1', 'M1', 'M1', 5, 0, 1),
(78, 'J2R', 'J2R', 'J2R', 5, 0, 1),
(79, 'GT', 'GT', 'GT', 5, 0, 1),
(80, 'Safari', 'Safari', 'Safari', 5, 0, 1),
(81, 'B6', 'B6', 'B6', 6, 0, 1),
(82, 'B7', 'B7', 'B7', 6, 0, 1),
(83, 'B3', 'B3', 'B3', 6, 0, 1),
(84, 'B 10', 'B 10', 'B 10', 6, 0, 1),
(85, 'B5', 'B5', 'B5', 6, 0, 1),
(86, 'B 12', 'B 12', 'B 12', 6, 0, 1),
(87, 'Roadster', 'Roadster', 'Roadster', 6, 0, 1),
(88, '2002', '2002', '2002', 6, 0, 1),
(89, '3', '3', '3', 6, 0, 1),
(90, 'D3', 'D3', 'D3', 6, 0, 1),
(91, 'B', 'B', 'B', 6, 0, 1),
(92, 'A 310', 'A 310', 'A 310', 7, 0, 1),
(93, 'A 442', 'A 442', 'A 442', 7, 0, 1),
(94, 'A 610', 'A 610', 'A 610', 7, 0, 1),
(95, 'A 110', 'A 110', 'A 110', 7, 0, 1),
(96, 'A', 'A', 'A', 7, 0, 1),
(97, 'A 106', 'A 106', 'A 106', 7, 0, 1),
(98, 'A 108', 'A 108', 'A 108', 7, 0, 1),
(99, 'V6', 'V6', 'V6', 7, 0, 1),
(100, 'TA 21', 'TA 21', 'TA 21', 8, 0, 1),
(101, 'TD', 'TD', 'TD', 8, 0, 1),
(102, 'TA 14', 'TA 14', 'TA 14', 8, 0, 1),
(103, 'TC 108 G', 'TC 108 G', 'TC 108 G', 8, 0, 1),
(104, 'TC 21', 'TC 21', 'TC 21', 8, 0, 1),
(105, 'TB 14', 'TB 14', 'TB 14', 8, 0, 1),
(106, 'TF', 'TF', 'TF', 8, 0, 1),
(107, 'TB 21', 'TB 21', 'TB 21', 8, 0, 1),
(108, 'TC', 'TC', 'TC', 8, 0, 1),
(109, 'Ambassador', 'Ambassador', 'Ambassador', 9, 0, 1),
(110, 'AMX', 'AMX', 'AMX', 9, 0, 1),
(111, 'Pacer', 'Pacer', 'Pacer', 9, 0, 1),
(112, 'Javelin', 'Javelin', 'Javelin', 9, 0, 1),
(113, 'Matador', 'Matador', 'Matador', 9, 0, 1),
(114, 'AMX III', 'AMX III', 'AMX III', 9, 0, 1),
(115, 'Hornet', 'Hornet', 'Hornet', 9, 0, 1),
(116, 'Gremlin', 'Gremlin', 'Gremlin', 9, 0, 1),
(117, 'Atom', 'Atom', 'Atom', 10, 0, 1),
(118, 'Sapphire', 'Sapphire', 'Sapphire', 11, 0, 1),
(119, 'Star Sapphire', 'Star Sapphire', 'Star Sapphire', 11, 0, 1),
(120, '16', '16', '16', 11, 0, 1),
(121, 'Whitley', 'Whitley', 'Whitley', 11, 0, 1),
(122, 'KZ1', 'KZ1', 'KZ1', 12, 0, 1),
(123, 'Ecosse', 'Ecosse', 'Ecosse', 12, 0, 1),
(124, 'FG-T', 'FG-T', 'FG-T', 12, 0, 1),
(125, 'A10', 'A10', 'A10', 12, 0, 1),
(126, 'DB9', 'DB9', 'DB9', 13, 0, 1),
(127, 'Rapide S', 'Rapide S', 'Rapide S', 13, 0, 1),
(128, 'V8 Vantage', 'V8 Vantage', 'V8 Vantage', 13, 0, 1),
(129, 'Vanquish', 'Vanquish', 'Vanquish', 13, 0, 1),
(130, 'V12 Vantage S', 'V12 Vantage S', 'V12 Vantage S', 13, 0, 1),
(131, 'A3', 'A3', 'A3', 14, 0, 1),
(132, 'S3', 'S3', 'S3', 14, 0, 1),
(133, 'A6', 'A6', 'A6', 14, 0, 1),
(134, '100', '100', '100', 14, 0, 1),
(135, 'A4', 'A4', 'A4', 14, 0, 1),
(136, 'TT', 'TT', 'TT', 14, 0, 1),
(137, 'A8', 'A8', 'A8', 14, 0, 1),
(138, '200', '200', '200', 14, 0, 1),
(139, 'S4', 'S4', 'S4', 14, 0, 1),
(140, 'S6', 'S6', 'S6', 14, 0, 1),
(141, 'A2', 'A2', 'A2', 14, 0, 1),
(142, 'S8', 'S8', 'S8', 14, 0, 1),
(143, 'Q7', 'Q7', 'Q7', 14, 0, 1),
(144, 'RS4', 'RS4', 'RS4', 14, 0, 1),
(145, '80', '80', '80', 14, 0, 1),
(146, 'RS6', 'RS6', 'RS6', 14, 0, 1),
(147, 'UR', 'UR', 'UR', 14, 0, 1),
(148, 'Super 90', 'Super 90', 'Super 90', 14, 0, 1),
(149, 'Sport', 'Sport', 'Sport', 14, 0, 1),
(150, 'Coupe', 'Coupe', 'Coupe', 14, 0, 1),
(151, 'V8', 'V8', 'V8', 14, 0, 1),
(152, 'R8', 'R8', 'R8', 14, 0, 1),
(153, '90', '90', '90', 14, 0, 1),
(154, 'Allroad', 'Allroad', 'Allroad', 14, 0, 1),
(155, 'AL2', 'AL2', 'AL2', 14, 0, 1),
(156, 'A5', 'A5', 'A5', 14, 0, 1),
(157, '50', '50', '50', 14, 0, 1),
(158, 'LeMans', 'LeMans', 'LeMans', 14, 0, 1),
(159, '4000', '4000', '4000', 14, 0, 1),
(160, 'S5', 'S5', 'S5', 14, 0, 1),
(161, 'Q5', 'Q5', 'Q5', 14, 0, 1),
(162, 'RS2', 'RS2', 'RS2', 14, 0, 1),
(163, 'Variant', 'Variant', 'Variant', 14, 0, 1),
(164, 'Avantissimo', 'Avantissimo', 'Avantissimo', 14, 0, 1),
(165, 'S2', 'S2', 'S2', 14, 0, 1),
(166, 'Avus', 'Avus', 'Avus', 14, 0, 1),
(167, '5000', '5000', '5000', 14, 0, 1),
(168, 'Rosemeyer', 'Rosemeyer', 'Rosemeyer', 14, 0, 1),
(169, 'Steppenwolf', 'Steppenwolf', 'Steppenwolf', 14, 0, 1),
(170, 'AD', 'AD', 'AD', 14, 0, 1),
(171, 'Quattro', 'Quattro', 'Quattro', 14, 0, 1),
(172, 'Nuvolari Quattro', 'Nuvolari Quattro', 'Nuvolari Quattro', 14, 0, 1),
(173, 'R8R', 'R8R', 'R8R', 14, 0, 1),
(174, 'Pikes Peak Quattro', 'Pikes Peak Quattro', 'Pikes Peak Quattro', 14, 0, 1),
(175, 'Asso', 'Asso', 'Asso', 14, 0, 1),
(176, 'A1', 'A1', 'A1', 14, 0, 1),
(177, 'Fox', 'Fox', 'Fox', 14, 0, 1),
(178, 'A7', 'A7', 'A7', 14, 0, 1),
(179, 'RS5', 'RS5', 'RS5', 14, 0, 1),
(180, 'S7', 'S7', 'S7', 14, 0, 1),
(181, 'Q3', 'Q3', 'Q3', 14, 0, 1),
(182, 'RS3', 'RS3', 'RS3', 14, 0, 1),
(183, 'RS 5', 'RS 5', 'RS 5', 14, 0, 1),
(184, 'RS 7', 'RS 7', 'RS 7', 14, 0, 1),
(185, 'SQ5', 'SQ5', 'SQ5', 14, 0, 1),
(186, 'TTS', 'TTS', 'TTS', 14, 0, 1),
(187, 'A3 e-tron', 'A3 e-tron', 'A3 e-tron', 14, 0, 1),
(188, 'A 40', 'A 40', 'A 40', 15, 0, 1),
(189, '1800', '1800', '1800', 15, 0, 1),
(190, 'Allegro', 'Allegro', 'Allegro', 15, 0, 1),
(191, 'Princess', 'Princess', 'Princess', 15, 0, 1),
(192, 'A 70', 'A 70', 'A 70', 15, 0, 1),
(193, '10 HP', '10 HP', '10 HP', 15, 0, 1),
(194, 'Maxi', 'Maxi', 'Maxi', 15, 0, 1),
(195, 'A 30', 'A 30', 'A 30', 15, 0, 1),
(196, '16', '16', '16', 15, 0, 1),
(197, 'A', 'A', 'A', 15, 0, 1),
(198, '7', '7', '7', 15, 0, 1),
(199, '8', '8', '8', 15, 0, 1),
(200, 'Maestro', 'Maestro', 'Maestro', 15, 0, 1),
(201, 'A 35', 'A 35', 'A 35', 15, 0, 1),
(202, 'A135', 'A135', 'A135', 15, 0, 1),
(203, 'Montego', 'Montego', 'Montego', 15, 0, 1),
(204, 'A 110', 'A 110', 'A 110', 15, 0, 1),
(205, 'A 90', 'A 90', 'A 90', 15, 0, 1),
(206, 'Marina', 'Marina', 'Marina', 15, 0, 1),
(207, 'A 125', 'A 125', 'A 125', 15, 0, 1),
(208, 'A 95', 'A 95', 'A 95', 15, 0, 1),
(209, '1300', '1300', '1300', 15, 0, 1),
(210, 'A 60', 'A 60', 'A 60', 15, 0, 1),
(211, 'Ambassador', 'Ambassador', 'Ambassador', 15, 0, 1),
(212, 'Mini Clubman', 'Mini Clubman', 'Mini Clubman', 15, 0, 1),
(213, 'A 55', 'A 55', 'A 55', 15, 0, 1),
(214, 'A 99', 'A 99', 'A 99', 15, 0, 1),
(215, 'Mini Metro', 'Mini Metro', 'Mini Metro', 15, 0, 1),
(216, 'Mini Cooper', 'Mini Cooper', 'Mini Cooper', 15, 0, 1),
(217, 'A 135', 'A 135', 'A 135', 15, 0, 1),
(218, 'Mini Sky', 'Mini Sky', 'Mini Sky', 15, 0, 1),
(219, '3', '3', '3', 15, 0, 1),
(220, '3-Litre', '3-Litre', '3-Litre', 15, 0, 1),
(221, '2200', '2200', '2200', 15, 0, 1),
(222, '100', '100', '100', 16, 0, 1),
(223, 'Sprite', 'Sprite', 'Sprite', 16, 0, 1),
(224, 'Tickford', 'Tickford', 'Tickford', 16, 0, 1),
(225, '3000 Mk III', '3000 Mk III', '3000 Mk III', 16, 0, 1),
(226, 'Sports Convertible', 'Sports Convertible', 'Sports Convertible', 16, 0, 1),
(227, '3000 Mk II', '3000 Mk II', '3000 Mk II', 16, 0, 1),
(228, '3000', '3000', '3000', 16, 0, 1),
(229, 'Bianchina', 'Bianchina', 'Bianchina', 17, 0, 1),
(230, 'A 112', 'A 112', 'A 112', 17, 0, 1),
(231, 'Primula', 'Primula', 'Primula', 17, 0, 1),
(232, 'Stellina', 'Stellina', 'Stellina', 17, 0, 1),
(233, 'A3', 'A3', 'A3', 18, 0, 1),
(234, 'A4', 'A4', 'A4', 18, 0, 1),
(235, 'Avanti', 'Avanti', 'Avanti', 19, 0, 1),
(236, 'Sport Convertible', 'Sport Convertible', 'Sport Convertible', 19, 0, 1),
(237, 'Studebaker', 'Studebaker', 'Studebaker', 19, 0, 1),
(238, 'BJ 2021', 'BJ 2021', 'BJ 2021', 20, 0, 1),
(239, 'BJ 212', 'BJ 212', 'BJ 212', 20, 0, 1),
(240, 'BJ 2020', 'BJ 2020', 'BJ 2020', 20, 0, 1),
(241, 'Brooklands', 'Brooklands', 'Brooklands', 21, 0, 1),
(242, 'Arnage', 'Arnage', 'Arnage', 21, 0, 1),
(243, 'Mulsanne', 'Mulsanne', 'Mulsanne', 21, 0, 1),
(244, 'Continental GT', 'Continental GT', 'Continental GT', 21, 0, 1),
(245, 'Continental GTC', 'Continental GTC', 'Continental GTC', 21, 0, 1),
(246, 'R Type Continental', 'R Type Continental', 'R Type Continental', 21, 0, 1),
(247, 'Azure', 'Azure', 'Azure', 21, 0, 1),
(248, 'Continental T', 'Continental T', 'Continental T', 21, 0, 1),
(249, 'Continental Flying Spur', 'Continental Flying Spur', 'Continental Flying Spur', 21, 0, 1),
(250, 'State Limousine', 'State Limousine', 'State Limousine', 21, 0, 1),
(251, 'Continental', 'Continental', 'Continental', 21, 0, 1),
(252, 'T2', 'T2', 'T2', 21, 0, 1),
(253, 'S2', 'S2', 'S2', 21, 0, 1),
(254, 'T', 'T', 'T', 21, 0, 1),
(255, 'Turbo', 'Turbo', 'Turbo', 21, 0, 1),
(256, 'Mark VI', 'Mark VI', 'Mark VI', 21, 0, 1),
(257, 'Hunaudieres', 'Hunaudieres', 'Hunaudieres', 21, 0, 1),
(258, 'Exp Speed 8', 'Exp Speed 8', 'Exp Speed 8', 21, 0, 1),
(259, 'S1', 'S1', 'S1', 21, 0, 1),
(260, 'Java', 'Java', 'Java', 21, 0, 1),
(261, 'MK V', 'MK V', 'MK V', 21, 0, 1),
(262, 'Continental Supersports', 'Continental Supersports', 'Continental Supersports', 21, 0, 1),
(263, 'Continental ', 'Continental ', 'Continental ', 21, 0, 1),
(264, 'Mulsane', 'Mulsane', 'Mulsane', 21, 0, 1),
(265, 'Flying Spur', 'Flying Spur', 'Flying Spur', 21, 0, 1),
(266, 'QB', 'QB', 'QB', 22, 0, 1),
(267, 'B', 'B', 'B', 22, 0, 1),
(268, 'Twosome', 'Twosome', 'Twosome', 22, 0, 1),
(269, 'Foursome', 'Foursome', 'Foursome', 22, 0, 1),
(270, 'B 95', 'B 95', 'B 95', 22, 0, 1),
(271, 'Sports', 'Sports', 'Sports', 22, 0, 1),
(272, 'CD', 'CD', 'CD', 23, 0, 1),
(273, 'SC', 'SC', 'SC', 23, 0, 1),
(274, 'Diplomat', 'Diplomat', 'Diplomat', 23, 0, 1),
(275, 'Type III', 'Type III', 'Type III', 23, 0, 1),
(276, 'BZ-2001', 'BZ-2001', 'BZ-2001', 24, 0, 1),
(277, 'Manta', 'Manta', 'Manta', 24, 0, 1),
(278, 'A3C', 'A3C', 'A3C', 24, 0, 1),
(279, 'GT', 'GT', 'GT', 24, 0, 1),
(280, 'GTS', 'GTS', 'GTS', 24, 0, 1),
(281, '320', '320', '320', 25, 0, 1),
(282, '318', '318', '318', 25, 0, 1),
(283, '730', '730', '730', 25, 0, 1),
(284, '545', '545', '545', 25, 0, 1),
(285, 'M3', 'M3', 'M3', 25, 0, 1),
(286, '525', '525', '525', 25, 0, 1),
(287, 'X5', 'X5', 'X5', 25, 0, 1),
(288, '325', '325', '325', 25, 0, 1),
(289, '2002', '2002', '2002', 25, 0, 1),
(290, '745', '745', '745', 25, 0, 1),
(291, '135', '135', '135', 25, 0, 1),
(292, '628', '628', '628', 25, 0, 1),
(293, '530', '530', '530', 25, 0, 1),
(294, 'Z4', 'Z4', 'Z4', 25, 0, 1),
(295, '518', '518', '518', 25, 0, 1),
(296, '330', '330', '330', 25, 0, 1),
(297, 'X3', 'X3', 'X3', 25, 0, 1),
(298, 'Compact', 'Compact', 'Compact', 25, 0, 1),
(299, '728', '728', '728', 25, 0, 1),
(300, 'Z9', 'Z9', 'Z9', 25, 0, 1),
(301, '316', '316', '316', 25, 0, 1),
(302, '535', '535', '535', 25, 0, 1),
(303, '120', '120', '120', 25, 0, 1),
(304, '335', '335', '335', 25, 0, 1),
(305, '740', '740', '740', 25, 0, 1),
(306, '550', '550', '550', 25, 0, 1),
(307, '130', '130', '130', 25, 0, 1),
(308, 'M6', 'M6', 'M6', 25, 0, 1),
(309, '760', '760', '760', 25, 0, 1),
(310, '323', '323', '323', 25, 0, 1),
(311, '520', '520', '520', 25, 0, 1),
(312, 'Formula FB02', 'Formula FB02', 'Formula FB02', 25, 0, 1),
(313, 'Isetta', 'Isetta', 'Isetta', 25, 0, 1),
(314, 'X6', 'X6', 'X6', 25, 0, 1),
(315, '650', '650', '650', 25, 0, 1),
(316, '1502', '1502', '1502', 25, 0, 1),
(317, 'Z18', 'Z18', 'Z18', 25, 0, 1),
(318, '523', '523', '523', 25, 0, 1),
(319, 'M5', 'M5', 'M5', 25, 0, 1),
(320, '630', '630', '630', 25, 0, 1),
(321, '118', '118', '118', 25, 0, 1),
(322, '645', '645', '645', 25, 0, 1),
(323, '125', '125', '125', 25, 0, 1),
(324, '328', '328', '328', 25, 0, 1),
(325, '750', '750', '750', 25, 0, 1),
(326, '3', '3', '3', 25, 0, 1),
(327, '1600', '1600', '1600', 25, 0, 1),
(328, '502', '502', '502', 25, 0, 1),
(329, 'Mini ACV 30', 'Mini ACV 30', 'Mini ACV 30', 25, 0, 1),
(330, 'Just 4', 'Just 4', 'Just 4', 25, 0, 1),
(331, 'Touring', 'Touring', 'Touring', 25, 0, 1),
(332, 'Z1', 'Z1', 'Z1', 25, 0, 1),
(333, '3200 CS', '3200 CS', '3200 CS', 25, 0, 1),
(334, '840', '840', '840', 25, 0, 1),
(335, '854', '854', '854', 25, 0, 1),
(336, '340', '340', '340', 25, 0, 1),
(337, '324', '324', '324', 25, 0, 1),
(338, '315', '315', '315', 25, 0, 1),
(339, 'Convertible', 'Convertible', 'Convertible', 25, 0, 1),
(340, '333', '333', '333', 25, 0, 1),
(341, '528', '528', '528', 25, 0, 1),
(342, '2000', '2000', '2000', 25, 0, 1),
(343, '735', '735', '735', 25, 0, 1),
(344, 'L7', 'L7', 'L7', 25, 0, 1),
(345, '501', '501', '501', 25, 0, 1),
(346, '116', '116', '116', 25, 0, 1),
(347, 'Z22', 'Z22', 'Z22', 25, 0, 1),
(348, '507', '507', '507', 25, 0, 1),
(349, 'Dinan', 'Dinan', 'Dinan', 25, 0, 1),
(350, '317', '317', '317', 25, 0, 1),
(351, '524', '524', '524', 25, 0, 1),
(352, 'Z3', 'Z3', 'Z3', 25, 0, 1),
(353, 'Pickster', 'Pickster', 'Pickster', 25, 0, 1),
(354, '700', '700', '700', 25, 0, 1),
(355, '2.8', '2.8', '2.8', 25, 0, 1),
(356, 'M1', 'M1', 'M1', 25, 0, 1),
(357, '725', '725', '725', 25, 0, 1),
(358, 'Z8', 'Z8', 'Z8', 25, 0, 1),
(359, '845', '845', '845', 25, 0, 1),
(360, 'M', 'M', 'M', 25, 0, 1),
(361, '850', '850', '850', 25, 0, 1),
(362, 'Alpina', 'Alpina', 'Alpina', 25, 0, 1),
(363, '540', '540', '540', 25, 0, 1),
(364, '5.8', '5.8', '5.8', 25, 0, 1),
(365, '503', '503', '503', 25, 0, 1),
(366, 'V12', 'V12', 'V12', 25, 0, 1),
(367, '1500', '1500', '1500', 25, 0, 1),
(368, '633', '633', '633', 25, 0, 1),
(369, 'S3', 'S3', 'S3', 25, 0, 1),
(370, '600', '600', '600', 25, 0, 1),
(371, '3.3', '3.3', '3.3', 25, 0, 1),
(372, '2800', '2800', '2800', 25, 0, 1),
(373, 'X Activity', 'X Activity', 'X Activity', 25, 0, 1),
(374, '2004', '2004', '2004', 25, 0, 1),
(375, 'Karmann Asso di Quadri', 'Karmann Asso di Quadri', 'Karmann Asso di Quadri', 25, 0, 1),
(376, '1800', '1800', '1800', 25, 0, 1),
(377, 'Veritas Rennsportwagen', 'Veritas Rennsportwagen', 'Veritas Rennsportwagen', 25, 0, 1),
(378, '529', '529', '529', 25, 0, 1),
(379, '538', '538', '538', 25, 0, 1),
(380, '332', '332', '332', 25, 0, 1),
(381, '729', '729', '729', 25, 0, 1),
(382, '128', '128', '128', 25, 0, 1),
(383, 'MM Roadster', 'MM Roadster', 'MM Roadster', 25, 0, 1),
(384, '856', '856', '856', 25, 0, 1),
(385, 'X Coupe', 'X Coupe', 'X Coupe', 25, 0, 1),
(386, '635', '635', '635', 25, 0, 1),
(387, '1602', '1602', '1602', 25, 0, 1),
(388, '732', '732', '732', 25, 0, 1),
(389, 'Z9 Gran Turismo Convertible', 'Z9 Gran Turismo Convertible', 'Z9 Gran Turismo Convertible', 25, 0, 1),
(390, 'B7', 'B7', 'B7', 25, 0, 1),
(391, 'M12', 'M12', 'M12', 25, 0, 1),
(392, 'CLS', 'CLS', 'CLS', 25, 0, 1),
(393, 'Turbo', 'Turbo', 'Turbo', 25, 0, 1),
(394, 'Coupe', 'Coupe', 'Coupe', 25, 0, 1),
(395, 'M28i', 'M28i', 'M28i', 25, 0, 1),
(396, 'Breyton', 'Breyton', 'Breyton', 25, 0, 1),
(397, 'FW 27', 'FW 27', 'FW 27', 25, 0, 1),
(398, 'LMR', 'LMR', 'LMR', 25, 0, 1),
(399, 'Formula One', 'Formula One', 'Formula One', 25, 0, 1),
(400, '748', '748', '748', 25, 0, 1),
(401, '1 Series', '1 Series', '1 Series', 25, 0, 1),
(402, '640', '640', '640', 25, 0, 1),
(403, 'X1', 'X1', 'X1', 25, 0, 1),
(404, '123', '123', '123', 25, 0, 1),
(405, '3 Series', '3 Series', '3 Series', 25, 0, 1),
(406, '5 Series', '5 Series', '5 Series', 25, 0, 1),
(407, '6 series', '6 series', '6 series', 25, 0, 1),
(408, '7 Series', '7 Series', '7 Series', 25, 0, 1),
(409, 'ActiveHybrid 3', 'ActiveHybrid 3', 'ActiveHybrid 3', 25, 0, 1),
(410, 'ActiveHybrid 5', 'ActiveHybrid 5', 'ActiveHybrid 5', 25, 0, 1),
(411, 'ActiveHybrid 7', 'ActiveHybrid 7', 'ActiveHybrid 7', 25, 0, 1),
(412, 'X5 M', 'X5 M', 'X5 M', 25, 0, 1),
(413, 'X6 M', 'X6 M', 'X6 M', 25, 0, 1),
(414, '3 Series Gran Turismo', '3 Series Gran Turismo', '3 Series Gran Turismo', 25, 0, 1),
(415, '4 Series', '4 Series', '4 Series', 25, 0, 1),
(416, '5 Series Gran Turismo', '5 Series Gran Turismo', '5 Series Gran Turismo', 25, 0, 1),
(417, '6 Series Gran Coupe', '6 Series Gran Coupe', '6 Series Gran Coupe', 25, 0, 1),
(418, 'ALPINA B7', 'ALPINA B7', 'ALPINA B7', 25, 0, 1),
(419, 'M6 Gran Coupe', 'M6 Gran Coupe', 'M6 Gran Coupe', 25, 0, 1),
(420, 'X4', 'X4', 'X4', 25, 0, 1),
(421, 'M4', 'M4', 'M4', 25, 0, 1),
(422, '2 Series', '2 Series', '2 Series', 25, 0, 1),
(423, '4 Series Gran Coupe', '4 Series Gran Coupe', '4 Series Gran Coupe', 25, 0, 1),
(424, 'ALPINA B6 Gran Coupe', 'ALPINA B6 Gran Coupe', 'ALPINA B6 Gran Coupe', 25, 0, 1),
(425, 'BS4', 'BS4', 'BS4', 26, 0, 1),
(426, 'BS6', 'BS6', 'BS6', 26, 0, 1),
(427, 'Project Fighter', 'Project Fighter', 'Project Fighter', 27, 0, 1),
(428, '450', '450', '450', 27, 0, 1),
(429, 'Beaufighter', 'Beaufighter', 'Beaufighter', 27, 0, 1),
(430, '401', '401', '401', 27, 0, 1),
(431, '406', '406', '406', 27, 0, 1),
(432, '410', '410', '410', 27, 0, 1),
(433, 'Fighter', 'Fighter', 'Fighter', 27, 0, 1),
(434, '409', '409', '409', 27, 0, 1),
(435, 'Blenheim', 'Blenheim', 'Blenheim', 27, 0, 1),
(436, '407', '407', '407', 27, 0, 1),
(437, '405', '405', '405', 27, 0, 1),
(438, '411', '411', '411', 27, 0, 1),
(439, 'Brigand', 'Brigand', 'Brigand', 27, 0, 1),
(440, '408', '408', '408', 27, 0, 1),
(441, '403', '403', '403', 27, 0, 1),
(442, '400', '400', '400', 27, 0, 1),
(443, '412', '412', '412', 27, 0, 1),
(444, '404', '404', '404', 27, 0, 1),
(445, '603', '603', '603', 27, 0, 1),
(446, 'Britannia', 'Britannia', 'Britannia', 27, 0, 1),
(447, '402', '402', '402', 27, 0, 1),
(448, 'Veyron', 'Veyron', 'Veyron', 28, 0, 1),
(449, '251', '251', '251', 28, 0, 1),
(450, 'Type 101', 'Type 101', 'Type 101', 28, 0, 1),
(451, 'EB 18-4 Veyron', 'EB 18-4 Veyron', 'EB 18-4 Veyron', 28, 0, 1),
(452, 'EB 218', 'EB 218', 'EB 218', 28, 0, 1),
(453, 'Type 68', 'Type 68', 'Type 68', 28, 0, 1),
(454, 'EB 110', 'EB 110', 'EB 110', 28, 0, 1),
(455, 'ID 90', 'ID 90', 'ID 90', 28, 0, 1),
(456, 'EB 118', 'EB 118', 'EB 118', 28, 0, 1),
(457, 'EB 18-3 Chiron', 'EB 18-3 Chiron', 'EB 18-3 Chiron', 28, 0, 1),
(458, 'Type 73', 'Type 73', 'Type 73', 28, 0, 1),
(459, 'Chiron', 'Chiron', 'Chiron', 28, 0, 1),
(460, 'EB 112', 'EB 112', 'EB 112', 28, 0, 1),
(461, 'LaCrosse', 'LaCrosse', 'LaCrosse', 29, 0, 1),
(462, 'Skyhawk', 'Skyhawk', 'Skyhawk', 29, 0, 1),
(463, 'Cielo', 'Cielo', 'Cielo', 29, 0, 1),
(464, 'Park Avenue', 'Park Avenue', 'Park Avenue', 29, 0, 1),
(465, 'Regal', 'Regal', 'Regal', 29, 0, 1),
(466, 'GS', 'GS', 'GS', 29, 0, 1),
(467, 'LeSabre', 'LeSabre', 'LeSabre', 29, 0, 1),
(468, 'Roadmaster', 'Roadmaster', 'Roadmaster', 29, 0, 1),
(469, 'Skylark', 'Skylark', 'Skylark', 29, 0, 1),
(470, 'Electra', 'Electra', 'Electra', 29, 0, 1),
(471, 'Rendezvous', 'Rendezvous', 'Rendezvous', 29, 0, 1),
(472, '40', '40', '40', 29, 0, 1),
(473, 'Blackhawk', 'Blackhawk', 'Blackhawk', 29, 0, 1),
(474, 'Terraza', 'Terraza', 'Terraza', 29, 0, 1),
(475, 'Reatta', 'Reatta', 'Reatta', 29, 0, 1),
(476, 'Lucerne', 'Lucerne', 'Lucerne', 29, 0, 1),
(477, 'Riviera', 'Riviera', 'Riviera', 29, 0, 1),
(478, 'Rainier', 'Rainier', 'Rainier', 29, 0, 1),
(479, 'Estate', 'Estate', 'Estate', 29, 0, 1),
(480, 'Centurion', 'Centurion', 'Centurion', 29, 0, 1),
(481, 'Century', 'Century', 'Century', 29, 0, 1),
(482, 'Invicta', 'Invicta', 'Invicta', 29, 0, 1),
(483, 'Wildcat', 'Wildcat', 'Wildcat', 29, 0, 1),
(484, 'Enclave', 'Enclave', 'Enclave', 29, 0, 1),
(485, 'XP2000', 'XP2000', 'XP2000', 29, 0, 1),
(486, 'Centieme', 'Centieme', 'Centieme', 29, 0, 1),
(487, 'Signia', 'Signia', 'Signia', 29, 0, 1),
(488, '70', '70', '70', 29, 0, 1),
(489, 'Verano', 'Verano', 'Verano', 29, 0, 1),
(490, 'Encore', 'Encore', 'Encore', 29, 0, 1),
(491, 'DTS', 'DTS', 'DTS', 30, 0, 1),
(492, 'Calais', 'Calais', 'Calais', 30, 0, 1),
(493, 'SRX', 'SRX', 'SRX', 30, 0, 1),
(494, 'Eldorado', 'Eldorado', 'Eldorado', 30, 0, 1),
(495, 'CTS', 'CTS', 'CTS', 30, 0, 1),
(496, 'DeVille', 'DeVille', 'DeVille', 30, 0, 1),
(497, 'Brougham', 'Brougham', 'Brougham', 30, 0, 1),
(498, 'Seville', 'Seville', 'Seville', 30, 0, 1),
(499, 'Sixty', 'Sixty', 'Sixty', 30, 0, 1),
(500, 'STS', 'STS', 'STS', 30, 0, 1),
(501, 'Allante', 'Allante', 'Allante', 30, 0, 1),
(502, 'Escalade', 'Escalade', 'Escalade', 30, 0, 1),
(503, 'XLR', 'XLR', 'XLR', 30, 0, 1),
(504, '62', '62', '62', 30, 0, 1),
(505, 'Biarritz', 'Biarritz', 'Biarritz', 30, 0, 1),
(506, 'Catera', 'Catera', 'Catera', 30, 0, 1),
(507, 'Imaj', 'Imaj', 'Imaj', 30, 0, 1),
(508, 'BLS', 'BLS', 'BLS', 30, 0, 1),
(509, 'Fleetwood', 'Fleetwood', 'Fleetwood', 30, 0, 1),
(510, 'Aurora', 'Aurora', 'Aurora', 30, 0, 1),
(511, 'Vizon', 'Vizon', 'Vizon', 30, 0, 1),
(512, 'Le Mans', 'Le Mans', 'Le Mans', 30, 0, 1),
(513, '6239D', '6239D', '6239D', 30, 0, 1),
(514, '61', '61', '61', 30, 0, 1),
(515, 'Cimarron', 'Cimarron', 'Cimarron', 30, 0, 1),
(516, 'STS-V', 'STS-V', 'STS-V', 30, 0, 1),
(517, 'V Sixteen', 'V Sixteen', 'V Sixteen', 30, 0, 1),
(518, 'Solitaire', 'Solitaire', 'Solitaire', 30, 0, 1),
(519, 'CTS-V', 'CTS-V', 'CTS-V', 30, 0, 1),
(520, 'Park Avenue', 'Park Avenue', 'Park Avenue', 30, 0, 1),
(521, '60', '60', '60', 30, 0, 1),
(522, 'LMP', 'LMP', 'LMP', 30, 0, 1),
(523, 'ATS', 'ATS', 'ATS', 30, 0, 1),
(524, 'XTS ', 'XTS ', 'XTS ', 30, 0, 1),
(525, 'XTS', 'XTS', 'XTS', 30, 0, 1),
(526, 'CTS Coupe', 'CTS Coupe', 'CTS Coupe', 30, 0, 1),
(527, 'CTS Wagon', 'CTS Wagon', 'CTS Wagon', 30, 0, 1),
(528, 'CTS-V Coupe', 'CTS-V Coupe', 'CTS-V Coupe', 30, 0, 1),
(529, 'CTS-V Wagon', 'CTS-V Wagon', 'CTS-V Wagon', 30, 0, 1),
(530, 'ELR', 'ELR', 'ELR', 30, 0, 1),
(531, 'Escalade ESV', 'Escalade ESV', 'Escalade ESV', 30, 0, 1),
(532, 'ATS Coupe', 'ATS Coupe', 'ATS Coupe', 30, 0, 1),
(533, 'C21', 'C21', 'C21', 31, 0, 1),
(534, '7', '7', '7', 31, 0, 1),
(535, 'Super 7', 'Super 7', 'Super 7', 31, 0, 1),
(536, 'Seven', 'Seven', 'Seven', 31, 0, 1),
(537, 'Superlight R', 'Superlight R', 'Superlight R', 31, 0, 1),
(538, '1700', '1700', '1700', 31, 0, 1),
(539, '21', '21', '21', 31, 0, 1),
(540, 'Beaulieu', 'Beaulieu', 'Beaulieu', 31, 0, 1),
(541, 'Town', 'Town', 'Town', 32, 0, 1),
(542, 'Aerobus', 'Aerobus', 'Aerobus', 32, 0, 1),
(543, 'Uplander', 'Uplander', 'Uplander', 33, 0, 1),
(544, 'Suburban', 'Suburban', 'Suburban', 33, 0, 1),
(545, 'Rezzo', 'Rezzo', 'Rezzo', 33, 0, 1),
(546, 'Cobalt', 'Cobalt', 'Cobalt', 33, 0, 1),
(547, 'Malibu', 'Malibu', 'Malibu', 33, 0, 1),
(548, 'HHR', 'HHR', 'HHR', 33, 0, 1),
(549, 'Blazer', 'Blazer', 'Blazer', 33, 0, 1),
(550, 'APV', 'APV', 'APV', 33, 0, 1),
(551, 'Monte Carlo', 'Monte Carlo', 'Monte Carlo', 33, 0, 1),
(552, 'Corvette', 'Corvette', 'Corvette', 33, 0, 1),
(553, 'Express', 'Express', 'Express', 33, 0, 1),
(554, 'Corsica', 'Corsica', 'Corsica', 33, 0, 1),
(555, 'Tahoe', 'Tahoe', 'Tahoe', 33, 0, 1),
(556, 'Silverado', 'Silverado', 'Silverado', 33, 0, 1),
(557, 'Cavalier', 'Cavalier', 'Cavalier', 33, 0, 1),
(558, 'Aveo', 'Aveo', 'Aveo', 33, 0, 1),
(559, 'Kalos', 'Kalos', 'Kalos', 33, 0, 1),
(560, 'Trans Sport', 'Trans Sport', 'Trans Sport', 33, 0, 1),
(561, 'Citation', 'Citation', 'Citation', 33, 0, 1),
(562, 'Lumina', 'Lumina', 'Lumina', 33, 0, 1),
(563, 'Caprice', 'Caprice', 'Caprice', 33, 0, 1),
(564, 'Beretta', 'Beretta', 'Beretta', 33, 0, 1),
(565, 'Grand Blazer', 'Grand Blazer', 'Grand Blazer', 33, 0, 1),
(566, 'Avalanche', 'Avalanche', 'Avalanche', 33, 0, 1),
(567, 'Captiva', 'Captiva', 'Captiva', 33, 0, 1),
(568, 'Equinox', 'Equinox', 'Equinox', 33, 0, 1),
(569, 'Tracker', 'Tracker', 'Tracker', 33, 0, 1),
(570, 'Camaro', 'Camaro', 'Camaro', 33, 0, 1),
(571, 'Optra', 'Optra', 'Optra', 33, 0, 1),
(572, 'Lacetti', 'Lacetti', 'Lacetti', 33, 0, 1),
(573, 'Colorado', 'Colorado', 'Colorado', 33, 0, 1),
(574, 'Impala', 'Impala', 'Impala', 33, 0, 1),
(575, 'Trailblazer', 'Trailblazer', 'Trailblazer', 33, 0, 1),
(576, 'Traverse', 'Traverse', 'Traverse', 33, 0, 1),
(577, 'Matiz', 'Matiz', 'Matiz', 33, 0, 1),
(578, 'Monza', 'Monza', 'Monza', 33, 0, 1),
(579, 'Spark', 'Spark', 'Spark', 33, 0, 1),
(580, 'Prizm', 'Prizm', 'Prizm', 33, 0, 1),
(581, 'Nova', 'Nova', 'Nova', 33, 0, 1),
(582, 'C-10', 'C-10', 'C-10', 33, 0, 1),
(583, 'Sprint', 'Sprint', 'Sprint', 33, 0, 1),
(584, 'Venture', 'Venture', 'Venture', 33, 0, 1),
(585, 'Journey', 'Journey', 'Journey', 33, 0, 1),
(586, 'Chevelle', 'Chevelle', 'Chevelle', 33, 0, 1),
(587, 'Astro', 'Astro', 'Astro', 33, 0, 1),
(588, 'Nomad', 'Nomad', 'Nomad', 33, 0, 1),
(589, 'Vega', 'Vega', 'Vega', 33, 0, 1),
(590, 'Corvair', 'Corvair', 'Corvair', 33, 0, 1),
(591, 'Celebrity', 'Celebrity', 'Celebrity', 33, 0, 1),
(592, 'Nubira', 'Nubira', 'Nubira', 33, 0, 1),
(593, 'Bel Air', 'Bel Air', 'Bel Air', 33, 0, 1),
(594, '2103', '2103', '2103', 33, 0, 1),
(595, 'XP 882', 'XP 882', 'XP 882', 33, 0, 1),
(596, 'Adventure', 'Adventure', 'Adventure', 33, 0, 1),
(597, 'SSR', 'SSR', 'SSR', 33, 0, 1),
(598, 'El Camino', 'El Camino', 'El Camino', 33, 0, 1),
(599, 'Sabia', 'Sabia', 'Sabia', 33, 0, 1),
(600, 'S-10', 'S-10', 'S-10', 33, 0, 1),
(601, 'DeLuxe', 'DeLuxe', 'DeLuxe', 33, 0, 1),
(602, 'Vivant', 'Vivant', 'Vivant', 33, 0, 1),
(603, 'Epica', 'Epica', 'Epica', 33, 0, 1),
(604, 'Biscayne', 'Biscayne', 'Biscayne', 33, 0, 1),
(605, 'Relsamo', 'Relsamo', 'Relsamo', 33, 0, 1),
(606, 'Comodoro', 'Comodoro', 'Comodoro', 33, 0, 1),
(607, 'Astrovette', 'Astrovette', 'Astrovette', 33, 0, 1),
(608, 'Triax', 'Triax', 'Triax', 33, 0, 1),
(609, 'Metro', 'Metro', 'Metro', 33, 0, 1),
(610, 'Celta', 'Celta', 'Celta', 33, 0, 1),
(611, 'Evanda', 'Evanda', 'Evanda', 33, 0, 1),
(612, 'Cruze', 'Cruze', 'Cruze', 33, 0, 1),
(613, 'Pickup', 'Pickup', 'Pickup', 33, 0, 1),
(614, 'SS', 'SS', 'SS', 33, 0, 1),
(615, 'XP 898', 'XP 898', 'XP 898', 33, 0, 1),
(616, 'Citation II', 'Citation II', 'Citation II', 33, 0, 1),
(617, 'Alero', 'Alero', 'Alero', 33, 0, 1),
(618, 'Half-Ton', 'Half-Ton', 'Half-Ton', 33, 0, 1),
(619, 'Cheyenne', 'Cheyenne', 'Cheyenne', 33, 0, 1),
(620, 'Tandem 2000', 'Tandem 2000', 'Tandem 2000', 33, 0, 1),
(621, 'XP 897 GT', 'XP 897 GT', 'XP 897 GT', 33, 0, 1),
(622, 'K-20', 'K-20', 'K-20', 33, 0, 1),
(623, 'Chevette', 'Chevette', 'Chevette', 33, 0, 1),
(624, 'Aerovette', 'Aerovette', 'Aerovette', 33, 0, 1),
(625, 'DeVille', 'DeVille', 'DeVille', 33, 0, 1),
(626, 'Kodiak', 'Kodiak', 'Kodiak', 33, 0, 1),
(627, 'Intimidator', 'Intimidator', 'Intimidator', 33, 0, 1),
(628, 'Volt', 'Volt', 'Volt', 33, 0, 1),
(629, 'Sonic', 'Sonic', 'Sonic', 33, 0, 1),
(630, 'Orlando', 'Orlando', 'Orlando', 33, 0, 1),
(631, 'Corvette Stingray', 'Corvette Stingray', 'Corvette Stingray', 33, 0, 1),
(632, 'Silverado 1500', 'Silverado 1500', 'Silverado 1500', 33, 0, 1),
(633, 'Silverado 2500HD', 'Silverado 2500HD', 'Silverado 2500HD', 33, 0, 1),
(634, 'Silverado 3500HD', 'Silverado 3500HD', 'Silverado 3500HD', 33, 0, 1),
(635, 'Spark EV', 'Spark EV', 'Spark EV', 33, 0, 1),
(636, 'City Express', 'City Express', 'City Express', 33, 0, 1),
(637, 'Express Cargo', 'Express Cargo', 'Express Cargo', 33, 0, 1),
(638, 'Trax', 'Trax', 'Trax', 33, 0, 1),
(639, 'Voyager', 'Voyager', 'Voyager', 34, 0, 1),
(640, 'Sebring', 'Sebring', 'Sebring', 34, 0, 1),
(641, 'Chronos', 'Chronos', 'Chronos', 34, 0, 1),
(642, 'TC', 'TC', 'TC', 34, 0, 1),
(643, 'PT Cruiser', 'PT Cruiser', 'PT Cruiser', 34, 0, 1),
(644, 'Neon', 'Neon', 'Neon', 34, 0, 1),
(645, 'Crossfire', 'Crossfire', 'Crossfire', 34, 0, 1),
(646, '300', '300', '300', 34, 0, 1),
(647, 'Newport', 'Newport', 'Newport', 34, 0, 1),
(648, 'CCV', 'CCV', 'CCV', 34, 0, 1),
(649, 'Centura', 'Centura', 'Centura', 34, 0, 1),
(650, 'Sedan', 'Sedan', 'Sedan', 34, 0, 1),
(651, 'Laser', 'Laser', 'Laser', 34, 0, 1),
(652, 'Valiant', 'Valiant', 'Valiant', 34, 0, 1),
(653, 'Daytona', 'Daytona', 'Daytona', 34, 0, 1),
(654, 'Charger', 'Charger', 'Charger', 34, 0, 1),
(655, '160', '160', '160', 34, 0, 1),
(656, 'Grand Voyager', 'Grand Voyager', 'Grand Voyager', 34, 0, 1),
(657, 'Le Baron', 'Le Baron', 'Le Baron', 34, 0, 1),
(658, 'New Yorker', 'New Yorker', 'New Yorker', 34, 0, 1),
(659, 'Pacifica', 'Pacifica', 'Pacifica', 34, 0, 1),
(660, 'Thunderbolt', 'Thunderbolt', 'Thunderbolt', 34, 0, 1),
(661, 'Town & Country', 'Town & Country', 'Town & Country', 34, 0, 1),
(662, 'Conquest', 'Conquest', 'Conquest', 34, 0, 1),
(663, 'Cordoba', 'Cordoba', 'Cordoba', 34, 0, 1),
(664, 'Cirrus', 'Cirrus', 'Cirrus', 34, 0, 1),
(665, 'Concorde', 'Concorde', 'Concorde', 34, 0, 1),
(666, 'Viper', 'Viper', 'Viper', 34, 0, 1),
(667, 'Imperial', 'Imperial', 'Imperial', 34, 0, 1),
(668, 'ES', 'ES', 'ES', 34, 0, 1),
(669, '1609', '1609', '1609', 34, 0, 1),
(670, 'Atlantic', 'Atlantic', 'Atlantic', 34, 0, 1),
(671, 'PT Dream Cruiser', 'PT Dream Cruiser', 'PT Dream Cruiser', 34, 0, 1),
(672, 'Aspen', 'Aspen', 'Aspen', 34, 0, 1),
(673, 'Windsor', 'Windsor', 'Windsor', 34, 0, 1),
(674, 'Limousine', 'Limousine', 'Limousine', 34, 0, 1),
(675, 'Dart', 'Dart', 'Dart', 34, 0, 1),
(676, 'Avenger', 'Avenger', 'Avenger', 34, 0, 1),
(677, 'LHS', 'LHS', 'LHS', 34, 0, 1),
(678, 'Millenium', 'Millenium', 'Millenium', 34, 0, 1),
(679, 'Java', 'Java', 'Java', 34, 0, 1),
(680, 'Dodge Phoenix', 'Dodge Phoenix', 'Dodge Phoenix', 34, 0, 1),
(681, 'Dodge 3700', 'Dodge 3700', 'Dodge 3700', 34, 0, 1),
(682, 'Panel Cruiser', 'Panel Cruiser', 'Panel Cruiser', 34, 0, 1),
(683, 'E', 'E', 'E', 34, 0, 1),
(684, 'Expresso', 'Expresso', 'Expresso', 34, 0, 1),
(685, 'Executive', 'Executive', 'Executive', 34, 0, 1),
(686, 'GS', 'GS', 'GS', 34, 0, 1),
(687, 'Airflite', 'Airflite', 'Airflite', 34, 0, 1),
(688, 'C', 'C', 'C', 34, 0, 1),
(689, 'Phaeton', 'Phaeton', 'Phaeton', 34, 0, 1),
(690, 'Aviat', 'Aviat', 'Aviat', 34, 0, 1),
(691, '1610', '1610', '1610', 34, 0, 1),
(692, 'ESX 3', 'ESX 3', 'ESX 3', 34, 0, 1),
(693, 'Howler', 'Howler', 'Howler', 34, 0, 1),
(694, '200', '200', '200', 34, 0, 1),
(695, 'Delta', 'Delta', 'Delta', 34, 0, 1),
(696, 'Ypsilon', 'Ypsilon', 'Ypsilon', 34, 0, 1),
(697, '200 CONVERTIBLE', '200 CONVERTIBLE', '200 CONVERTIBLE', 34, 0, 1),
(698, 'Town and Country', 'Town and Country', 'Town and Country', 34, 0, 1),
(699, 'C4', 'C4', 'C4', 35, 0, 1),
(700, 'AX', 'AX', 'AX', 35, 0, 1),
(701, 'C 15', 'C 15', 'C 15', 35, 0, 1),
(702, 'XM', 'XM', 'XM', 35, 0, 1),
(703, 'Mehari', 'Mehari', 'Mehari', 35, 0, 1),
(704, 'C8', 'C8', 'C8', 35, 0, 1),
(705, 'C5', 'C5', 'C5', 35, 0, 1),
(706, 'C2', 'C2', 'C2', 35, 0, 1),
(707, 'Xsara', 'Xsara', 'Xsara', 35, 0, 1),
(708, 'Berlingo', 'Berlingo', 'Berlingo', 35, 0, 1),
(709, 'Traction', 'Traction', 'Traction', 35, 0, 1),
(710, 'C3', 'C3', 'C3', 35, 0, 1),
(711, 'Xantia', 'Xantia', 'Xantia', 35, 0, 1),
(712, 'GS', 'GS', 'GS', 35, 0, 1),
(713, 'Picasso', 'Picasso', 'Picasso', 35, 0, 1),
(714, 'C', 'C', 'C', 35, 0, 1),
(715, '2CV', '2CV', '2CV', 35, 0, 1),
(716, 'CX', 'CX', 'CX', 35, 0, 1),
(717, 'Visa', 'Visa', 'Visa', 35, 0, 1),
(718, 'DS', 'DS', 'DS', 35, 0, 1),
(719, 'Ami', 'Ami', 'Ami', 35, 0, 1),
(720, '7A', '7A', '7A', 35, 0, 1),
(721, 'GSA', 'GSA', 'GSA', 35, 0, 1),
(722, 'BX', 'BX', 'BX', 35, 0, 1),
(723, 'LN', 'LN', 'LN', 35, 0, 1),
(724, '15', '15', '15', 35, 0, 1),
(725, 'SM', 'SM', 'SM', 35, 0, 1),
(726, 'Osee', 'Osee', 'Osee', 35, 0, 1),
(727, '11', '11', '11', 35, 0, 1),
(728, 'Ak 350', 'Ak 350', 'Ak 350', 35, 0, 1),
(729, 'C-Crosser', 'C-Crosser', 'C-Crosser', 35, 0, 1),
(730, 'Saxo', 'Saxo', 'Saxo', 35, 0, 1),
(731, 'Dyane', 'Dyane', 'Dyane', 35, 0, 1),
(732, 'C1', 'C1', 'C1', 35, 0, 1),
(733, 'C6', 'C6', 'C6', 35, 0, 1),
(734, 'Rally Raid', 'Rally Raid', 'Rally Raid', 35, 0, 1),
(735, 'ZX', 'ZX', 'ZX', 35, 0, 1),
(736, 'Eco 2000', 'Eco 2000', 'Eco 2000', 35, 0, 1),
(737, 'ID 19', 'ID 19', 'ID 19', 35, 0, 1),
(738, 'LNA', 'LNA', 'LNA', 35, 0, 1),
(739, '7', '7', '7', 35, 0, 1),
(740, 'Axel', 'Axel', 'Axel', 35, 0, 1),
(741, 'Pluriel', 'Pluriel', 'Pluriel', 35, 0, 1),
(742, 'Karin', 'Karin', 'Karin', 35, 0, 1),
(743, 'Dyane 6', 'Dyane 6', 'Dyane 6', 35, 0, 1),
(744, '1.6', '1.6', '1.6', 35, 0, 1),
(745, 'Bijou', 'Bijou', 'Bijou', 35, 0, 1),
(746, 'Eole', 'Eole', 'Eole', 35, 0, 1),
(747, 'Mini-Zup', 'Mini-Zup', 'Mini-Zup', 35, 0, 1),
(748, 'Activa', 'Activa', 'Activa', 35, 0, 1),
(749, 'Multispace', 'Multispace', 'Multispace', 35, 0, 1),
(750, 'Dyane 4', 'Dyane 4', 'Dyane 4', 35, 0, 1),
(751, 'Xanae', 'Xanae', 'Xanae', 35, 0, 1),
(752, 'C-Airdream', 'C-Airdream', 'C-Airdream', 35, 0, 1),
(753, 'Aventure', 'Aventure', 'Aventure', 35, 0, 1),
(754, 'C-Zero', 'C-Zero', 'C-Zero', 35, 0, 1),
(755, 'Logan', 'Logan', 'Logan', 36, 0, 1),
(756, 'Supernova', 'Supernova', 'Supernova', 36, 0, 1),
(757, 'Sandero', 'Sandero', 'Sandero', 36, 0, 1),
(758, 'Duster', 'Duster', 'Duster', 36, 0, 1),
(759, 'No 1', 'No 1', 'No 1', 37, 0, 1),
(760, 'Nubira', 'Nubira', 'Nubira', 37, 0, 1),
(761, 'Rezzo', 'Rezzo', 'Rezzo', 37, 0, 1),
(762, 'Kalos', 'Kalos', 'Kalos', 37, 0, 1),
(763, 'Maepsy-Na', 'Maepsy-Na', 'Maepsy-Na', 37, 0, 1),
(764, 'Magnus', 'Magnus', 'Magnus', 37, 0, 1),
(765, 'Prince', 'Prince', 'Prince', 37, 0, 1),
(766, 'Arcadia', 'Arcadia', 'Arcadia', 37, 0, 1),
(767, 'Lanos', 'Lanos', 'Lanos', 37, 0, 1),
(768, 'Chairman', 'Chairman', 'Chairman', 37, 0, 1),
(769, 'Lacetti', 'Lacetti', 'Lacetti', 37, 0, 1),
(770, 'Brougham', 'Brougham', 'Brougham', 37, 0, 1),
(771, 'Matiz', 'Matiz', 'Matiz', 37, 0, 1),
(772, 'Leganza', 'Leganza', 'Leganza', 37, 0, 1),
(773, 'Evanda', 'Evanda', 'Evanda', 37, 0, 1),
(774, 'Nexia', 'Nexia', 'Nexia', 37, 0, 1),
(775, 'Tacuma', 'Tacuma', 'Tacuma', 37, 0, 1),
(776, 'Korando', 'Korando', 'Korando', 37, 0, 1),
(777, 'Joyster', 'Joyster', 'Joyster', 37, 0, 1),
(778, 'Espero', 'Espero', 'Espero', 37, 0, 1),
(779, 'Musson', 'Musson', 'Musson', 37, 0, 1),
(780, 'Vada', 'Vada', 'Vada', 37, 0, 1),
(781, 'Rexton', 'Rexton', 'Rexton', 37, 0, 1),
(782, 'Musiro', 'Musiro', 'Musiro', 37, 0, 1),
(783, 'Tocsa', 'Tocsa', 'Tocsa', 37, 0, 1),
(784, '44', '44', '44', 38, 0, 1),
(785, '66', '66', '66', 38, 0, 1),
(786, 'Daffodil', 'Daffodil', 'Daffodil', 38, 0, 1),
(787, '46', '46', '46', 38, 0, 1),
(788, '750', '750', '750', 38, 0, 1),
(789, '600', '600', '600', 38, 0, 1),
(790, 'Charmant', 'Charmant', 'Charmant', 39, 0, 1),
(791, 'Consorte', 'Consorte', 'Consorte', 39, 0, 1),
(792, 'Sirion', 'Sirion', 'Sirion', 39, 0, 1),
(793, 'Terios II', 'Terios II', 'Terios II', 39, 0, 1),
(794, 'Mira', 'Mira', 'Mira', 39, 0, 1),
(795, 'YRV', 'YRV', 'YRV', 39, 0, 1),
(796, 'Charade', 'Charade', 'Charade', 39, 0, 1),
(797, 'Rocky', 'Rocky', 'Rocky', 39, 0, 1),
(798, 'Cuore', 'Cuore', 'Cuore', 39, 0, 1),
(799, 'Delta', 'Delta', 'Delta', 39, 0, 1),
(800, 'Move', 'Move', 'Move', 39, 0, 1),
(801, 'Taft', 'Taft', 'Taft', 39, 0, 1),
(802, 'Applause', 'Applause', 'Applause', 39, 0, 1),
(803, 'Terios', 'Terios', 'Terios', 39, 0, 1),
(804, 'Bee', 'Bee', 'Bee', 39, 0, 1),
(805, 'Copen', 'Copen', 'Copen', 39, 0, 1),
(806, 'Materia', 'Materia', 'Materia', 39, 0, 1),
(807, 'Trevis', 'Trevis', 'Trevis', 39, 0, 1),
(808, 'Compagno', 'Compagno', 'Compagno', 39, 0, 1),
(809, 'Domino', 'Domino', 'Domino', 39, 0, 1),
(810, 'Naked', 'Naked', 'Naked', 39, 0, 1),
(811, 'Altis', 'Altis', 'Altis', 39, 0, 1),
(812, 'Feroza', 'Feroza', 'Feroza', 39, 0, 1),
(813, 'Freeclimber', 'Freeclimber', 'Freeclimber', 39, 0, 1),
(814, 'Opti', 'Opti', 'Opti', 39, 0, 1),
(815, 'Fourtrak TDX', 'Fourtrak TDX', 'Fourtrak TDX', 39, 0, 1),
(816, 'U4 B', 'U4 B', 'U4 B', 39, 0, 1),
(817, 'Leeza', 'Leeza', 'Leeza', 39, 0, 1),
(818, 'Fellow', 'Fellow', 'Fellow', 39, 0, 1),
(819, 'SP-4', 'SP-4', 'SP-4', 39, 0, 1),
(820, 'Gran Move', 'Gran Move', 'Gran Move', 39, 0, 1),
(821, 'Micros 3l', 'Micros 3l', 'Micros 3l', 39, 0, 1),
(822, 'Muse', 'Muse', 'Muse', 39, 0, 1),
(823, 'Atrai', 'Atrai', 'Atrai', 39, 0, 1),
(824, 'DK', 'DK', 'DK', 40, 0, 1),
(825, 'Super Eight', 'Super Eight', 'Super Eight', 40, 0, 1),
(826, 'Conquest', 'Conquest', 'Conquest', 40, 0, 1),
(827, '4.2', '4.2', '4.2', 40, 0, 1),
(828, 'One-O-Four', 'One-O-Four', 'One-O-Four', 40, 0, 1),
(829, 'DE 27', 'DE 27', 'DE 27', 40, 0, 1),
(830, 'DE 36', 'DE 36', 'DE 36', 40, 0, 1),
(831, '280', '280', '280', 41, 0, 1),
(832, 'Violet', 'Violet', 'Violet', 41, 0, 1),
(833, '260Z', '260Z', '260Z', 41, 0, 1),
(834, '1000', '1000', '1000', 41, 0, 1),
(835, '1600', '1600', '1600', 41, 0, 1),
(836, 'Laurel', 'Laurel', 'Laurel', 41, 0, 1),
(837, '1200', '1200', '1200', 41, 0, 1),
(838, '100A Cherry', '100A Cherry', '100A Cherry', 41, 0, 1),
(839, '1800', '1800', '1800', 41, 0, 1),
(840, '240Z', '240Z', '240Z', 41, 0, 1),
(841, '280Z', '280Z', '280Z', 41, 0, 1),
(842, 'Vallelunga', 'Vallelunga', 'Vallelunga', 42, 0, 1),
(843, 'Longchamp', 'Longchamp', 'Longchamp', 42, 0, 1),
(844, 'Bigua', 'Bigua', 'Bigua', 42, 0, 1),
(845, 'Mangusta', 'Mangusta', 'Mangusta', 42, 0, 1),
(846, 'Deauville', 'Deauville', 'Deauville', 42, 0, 1),
(847, 'Guara', 'Guara', 'Guara', 42, 0, 1),
(848, 'Pantera', 'Pantera', 'Pantera', 42, 0, 1),
(849, 'Munga', 'Munga', 'Munga', 43, 0, 1),
(850, 'Junior', 'Junior', 'Junior', 43, 0, 1),
(851, 'Universal', 'Universal', 'Universal', 43, 0, 1),
(852, 'F 93', 'F 93', 'F 93', 43, 0, 1),
(853, 'F 89', 'F 89', 'F 89', 43, 0, 1),
(854, 'F 102', 'F 102', 'F 102', 43, 0, 1),
(855, 'F 91', 'F 91', 'F 91', 43, 0, 1),
(856, 'F 11', 'F 11', 'F 11', 43, 0, 1),
(857, 'Reichklasse F8', 'Reichklasse F8', 'Reichklasse F8', 43, 0, 1),
(858, '600', '600', '600', 43, 0, 1),
(859, '3-6 Monza', '3-6 Monza', '3-6 Monza', 43, 0, 1),
(860, 'Coupe', 'Coupe', 'Coupe', 43, 0, 1),
(861, 'Durango', 'Durango', 'Durango', 44, 0, 1),
(862, 'Challenger', 'Challenger', 'Challenger', 44, 0, 1),
(863, 'Colt', 'Colt', 'Colt', 44, 0, 1),
(864, 'WC 51', 'WC 51', 'WC 51', 44, 0, 1),
(865, 'Ram', 'Ram', 'Ram', 44, 0, 1),
(866, 'Magnum', 'Magnum', 'Magnum', 44, 0, 1),
(867, 'Dakota', 'Dakota', 'Dakota', 44, 0, 1),
(868, 'Caravan', 'Caravan', 'Caravan', 44, 0, 1),
(869, 'Sprinter', 'Sprinter', 'Sprinter', 44, 0, 1),
(870, 'Charger', 'Charger', 'Charger', 44, 0, 1),
(871, 'Viper', 'Viper', 'Viper', 44, 0, 1),
(872, 'Grand Caravan', 'Grand Caravan', 'Grand Caravan', 44, 0, 1),
(873, 'Avenger', 'Avenger', 'Avenger', 44, 0, 1),
(874, 'Dart', 'Dart', 'Dart', 44, 0, 1),
(875, 'Nitro', 'Nitro', 'Nitro', 44, 0, 1),
(876, 'Stealth', 'Stealth', 'Stealth', 44, 0, 1),
(877, 'Caliber', 'Caliber', 'Caliber', 44, 0, 1),
(878, 'Neon', 'Neon', 'Neon', 44, 0, 1),
(879, 'Mirada', 'Mirada', 'Mirada', 44, 0, 1),
(880, 'Intrepid', 'Intrepid', 'Intrepid', 44, 0, 1),
(881, 'Monaco', 'Monaco', 'Monaco', 44, 0, 1),
(882, 'Daytona', 'Daytona', 'Daytona', 44, 0, 1),
(883, 'Omni', 'Omni', 'Omni', 44, 0, 1),
(884, 'Dynasty', 'Dynasty', 'Dynasty', 44, 0, 1),
(885, 'Stratus', 'Stratus', 'Stratus', 44, 0, 1),
(886, 'Lancer', 'Lancer', 'Lancer', 44, 0, 1),
(887, 'Spirit', 'Spirit', 'Spirit', 44, 0, 1),
(888, 'Coronet', 'Coronet', 'Coronet', 44, 0, 1),
(889, 'Aspen', 'Aspen', 'Aspen', 44, 0, 1),
(890, 'Journey', 'Journey', 'Journey', 44, 0, 1),
(891, 'Shadow', 'Shadow', 'Shadow', 44, 0, 1),
(892, '600', '600', '600', 44, 0, 1),
(893, 'Conquest', 'Conquest', 'Conquest', 44, 0, 1),
(894, 'Custom', 'Custom', 'Custom', 44, 0, 1),
(895, 'Prowler', 'Prowler', 'Prowler', 44, 0, 1),
(896, 'Sidewinder', 'Sidewinder', 'Sidewinder', 44, 0, 1),
(897, 'Copperhead', 'Copperhead', 'Copperhead', 44, 0, 1),
(898, 'Hemi Super 8', 'Hemi Super 8', 'Hemi Super 8', 44, 0, 1),
(899, 'Venom', 'Venom', 'Venom', 44, 0, 1),
(900, 'Polara', 'Polara', 'Polara', 44, 0, 1),
(901, 'Viper ', 'Viper ', 'Viper ', 44, 0, 1),
(902, 'Power Box', 'Power Box', 'Power Box', 44, 0, 1),
(903, 'Charger RT Concept', 'Charger RT Concept', 'Charger RT Concept', 44, 0, 1),
(904, 'M80', 'M80', 'M80', 44, 0, 1),
(905, 'Maxx Cab', 'Maxx Cab', 'Maxx Cab', 44, 0, 1),
(906, 'Razor', 'Razor', 'Razor', 44, 0, 1),
(907, 'T-Rex 6x6', 'T-Rex 6x6', 'T-Rex 6x6', 44, 0, 1),
(908, 'Kahuna', 'Kahuna', 'Kahuna', 44, 0, 1),
(909, 'SRT Viper', 'SRT Viper', 'SRT Viper', 44, 0, 1),
(910, 'D8', 'D8', 'D8', 45, 0, 1),
(911, 'S8', 'S8', 'S8', 45, 0, 1),
(912, 'S7', 'S7', 'S7', 45, 0, 1),
(913, 'Vision', 'Vision', 'Vision', 46, 0, 1),
(914, 'Summit', 'Summit', 'Summit', 46, 0, 1),
(915, 'Talon', 'Talon', 'Talon', 46, 0, 1),
(916, 'Atom', 'Atom', 'Atom', 47, 0, 1),
(917, 'Electron', 'Electron', 'Electron', 47, 0, 1),
(918, 'Electrina', 'Electrina', 'Electrina', 47, 0, 1),
(919, 'Atomata', 'Atomata', 'Atomata', 47, 0, 1),
(920, 'TX-S', 'TX-S', 'TX-S', 47, 0, 1),
(921, 'Zeta', 'Zeta', 'Zeta', 47, 0, 1),
(922, 'Rockette', 'Rockette', 'Rockette', 47, 0, 1),
(923, 'TX-GT', 'TX-GT', 'TX-GT', 47, 0, 1),
(924, '456M', '456M', '456M', 48, 0, 1),
(925, '735', '735', '735', 48, 0, 1),
(926, '360', '360', '360', 48, 0, 1),
(927, '400', '400', '400', 48, 0, 1),
(928, 'F55', 'F55', 'F55', 48, 0, 1),
(929, 'GTO', 'GTO', 'GTO', 48, 0, 1),
(930, '308', '308', '308', 48, 0, 1),
(931, 'Testarossa', 'Testarossa', 'Testarossa', 48, 0, 1),
(932, '550', '550', '550', 48, 0, 1),
(933, '342 America', '342 America', '342 America', 48, 0, 1),
(934, '365 GTB', '365 GTB', '365 GTB', 48, 0, 1),
(935, '250 GT', '250 GT', '250 GT', 48, 0, 1),
(936, 'Maranello', 'Maranello', 'Maranello', 48, 0, 1),
(937, '612', '612', '612', 48, 0, 1),
(938, 'F430', 'F430', 'F430', 48, 0, 1),
(939, 'F1 2000', 'F1 2000', 'F1 2000', 48, 0, 1),
(940, '375 Mille Miglia', '375 Mille Miglia', '375 Mille Miglia', 48, 0, 1),
(941, '250 GTO', '250 GTO', '250 GTO', 48, 0, 1),
(942, '195', '195', '195', 48, 0, 1),
(943, '375 Indy', '375 Indy', '375 Indy', 48, 0, 1),
(944, 'F1 156', 'F1 156', 'F1 156', 48, 0, 1),
(945, 'Mondial', 'Mondial', 'Mondial', 48, 0, 1),
(946, '500 F2', '500 F2', '500 F2', 48, 0, 1),
(947, '312', '312', '312', 48, 0, 1),
(948, '208', '208', '208', 48, 0, 1),
(949, 'F355', 'F355', 'F355', 48, 0, 1),
(950, 'P2', 'P2', 'P2', 48, 0, 1),
(951, '328 GTS', '328 GTS', '328 GTS', 48, 0, 1),
(952, 'Dino', 'Dino', 'Dino', 48, 0, 1),
(953, '255 S', '255 S', '255 S', 48, 0, 1),
(954, '212', '212', '212', 48, 0, 1),
(955, '512 TR', '512 TR', '512 TR', 48, 0, 1),
(956, '412 GT', '412 GT', '412 GT', 48, 0, 1),
(957, '553 F2', '553 F2', '553 F2', 48, 0, 1),
(958, '166', '166', '166', 48, 0, 1),
(959, '375 America', '375 America', '375 America', 48, 0, 1),
(960, '500 Mondial', '500 Mondial', '500 Mondial', 48, 0, 1),
(961, '196', '196', '196', 48, 0, 1),
(962, '500 Superfast', '500 Superfast', '500 Superfast', 48, 0, 1),
(963, '512 BB', '512 BB', '512 BB', 48, 0, 1),
(964, '340 Mexico', '340 Mexico', '340 Mexico', 48, 0, 1),
(965, '412 T2', '412 T2', '412 T2', 48, 0, 1),
(966, '512 M', '512 M', '512 M', 48, 0, 1),
(967, '330', '330', '330', 48, 0, 1),
(968, 'Enzo', 'Enzo', 'Enzo', 48, 0, 1),
(969, '365 GT4', '365 GT4', '365 GT4', 48, 0, 1),
(970, '553 F1', '553 F1', '553 F1', 48, 0, 1),
(971, '456', '456', '456', 48, 0, 1),
(972, '340 America', '340 America', '340 America', 48, 0, 1),
(973, '125S', '125S', '125S', 48, 0, 1),
(974, '225', '225', '225', 48, 0, 1),
(975, '340 Spider', '340 Spider', '340 Spider', 48, 0, 1),
(976, '156', '156', '156', 48, 0, 1),
(977, '801 F1', '801 F1', '801 F1', 48, 0, 1),
(978, '500 Testarossa', '500 Testarossa', '500 Testarossa', 48, 0, 1),
(979, 'F40', 'F40', 'F40', 48, 0, 1),
(980, '348', '348', '348', 48, 0, 1),
(981, '355 Spider', '355 Spider', '355 Spider', 48, 0, 1),
(982, '159S', '159S', '159S', 48, 0, 1),
(983, '599', '599', '599', 48, 0, 1),
(984, '410 Superamerica', '410 Superamerica', '410 Superamerica', 48, 0, 1),
(985, '355 TS', '355 TS', '355 TS', 48, 0, 1),
(986, '250 Mille Miglia', '250 Mille Miglia', '250 Mille Miglia', 48, 0, 1),
(987, '3Z', '3Z', '3Z', 48, 0, 1),
(988, '250 Testarossa', '250 Testarossa', '250 Testarossa', 48, 0, 1),
(989, '365 BB', '365 BB', '365 BB', 48, 0, 1),
(990, '365 GTC', '365 GTC', '365 GTC', 48, 0, 1),
(991, '348 TS Targa', '348 TS Targa', '348 TS Targa', 48, 0, 1),
(992, '256 F1', '256 F1', '256 F1', 48, 0, 1),
(993, 'F512 M', 'F512 M', 'F512 M', 48, 0, 1),
(994, '512 S', '512 S', '512 S', 48, 0, 1),
(995, '575M Maranello', '575M Maranello', '575M Maranello', 48, 0, 1),
(996, '365 GT', '365 GT', '365 GT', 48, 0, 1),
(997, '328 GTB', '328 GTB', '328 GTB', 48, 0, 1),
(998, 'F399', 'F399', 'F399', 48, 0, 1),
(999, '625 F1', '625 F1', '625 F1', 48, 0, 1),
(1000, 'F1 89', 'F1 89', 'F1 89', 48, 0, 1),
(1001, 'C62', 'C62', 'C62', 48, 0, 1),
(1002, '850', '850', '850', 48, 0, 1),
(1003, 'F1 88', 'F1 88', 'F1 88', 48, 0, 1),
(1004, 'F1 93', 'F1 93', 'F1 93', 48, 0, 1),
(1005, 'F 2005', 'F 2005', 'F 2005', 48, 0, 1),
(1006, 'F333', 'F333', 'F333', 48, 0, 1),
(1007, '275', '275', '275', 48, 0, 1),
(1008, 'F50', 'F50', 'F50', 48, 0, 1),
(1009, '400 Superamerica', '400 Superamerica', '400 Superamerica', 48, 0, 1),
(1010, '250 GTE', '250 GTE', '250 GTE', 48, 0, 1),
(1011, '126', '126', '126', 48, 0, 1),
(1012, '125 F1', '125 F1', '125 F1', 48, 0, 1),
(1013, '412 MI', '412 MI', '412 MI', 48, 0, 1),
(1014, 'Mythos', 'Mythos', 'Mythos', 48, 0, 1),
(1015, '158', '158', '158', 48, 0, 1),
(1016, 'F310', 'F310', 'F310', 48, 0, 1),
(1017, '250', '250', '250', 48, 0, 1),
(1018, '575 Superamerica', '575 Superamerica', '575 Superamerica', 48, 0, 1),
(1019, '246', '246', '246', 48, 0, 1),
(1020, '125', '125', '125', 48, 0, 1),
(1021, 'Pinin', 'Pinin', 'Pinin', 48, 0, 1),
(1022, '306', '306', '306', 48, 0, 1),
(1023, '250 LM', '250 LM', '250 LM', 48, 0, 1),
(1024, '288 GTO', '288 GTO', '288 GTO', 48, 0, 1),
(1025, 'F1 90', 'F1 90', 'F1 90', 48, 0, 1),
(1026, '365 GTS', '365 GTS', '365 GTS', 48, 0, 1),
(1027, '599 GTB Fiorano', '599 GTB Fiorano', '599 GTB Fiorano', 48, 0, 1),
(1028, 'Superamerica', 'Superamerica', 'Superamerica', 48, 0, 1),
(1029, 'P5', 'P5', 'P5', 48, 0, 1),
(1030, '340 F1', '340 F1', '340 F1', 48, 0, 1),
(1031, '340 MM', '340 MM', '340 MM', 48, 0, 1),
(1032, '365 California', '365 California', '365 California', 48, 0, 1),
(1033, '512 F1', '512 F1', '512 F1', 48, 0, 1),
(1034, 'F1 86', 'F1 86', 'F1 86', 48, 0, 1),
(1035, '365 GTC 4', '365 GTC 4', '365 GTC 4', 48, 0, 1),
(1036, '512 BBi', '512 BBi', '512 BBi', 48, 0, 1),
(1037, '750', '750', '750', 48, 0, 1),
(1038, '206', '206', '206', 48, 0, 1),
(1039, 'Rossa', 'Rossa', 'Rossa', 48, 0, 1),
(1040, 'KS 360 Modena', 'KS 360 Modena', 'KS 360 Modena', 48, 0, 1),
(1041, 'F550', 'F550', 'F550', 48, 0, 1),
(1042, 'D 50', 'D 50', 'D 50', 48, 0, 1),
(1043, '512 BBi Turbo', '512 BBi Turbo', '512 BBi Turbo', 48, 0, 1),
(1044, '330GT', '330GT', '330GT', 48, 0, 1),
(1045, '458 Italia', '458 Italia', '458 Italia', 48, 0, 1),
(1046, '612 Scaglietti', '612 Scaglietti', '612 Scaglietti', 48, 0, 1),
(1047, 'California', 'California', 'California', 48, 0, 1),
(1048, 'FF', 'FF', 'FF', 48, 0, 1),
(1049, '458', '458', '458', 48, 0, 1),
(1050, 'FF HELE', 'FF HELE', 'FF HELE', 48, 0, 1),
(1051, 'Doblo', 'Doblo', 'Doblo', 49, 0, 1),
(1052, 'Brava', 'Brava', 'Brava', 49, 0, 1),
(1053, 'Panda', 'Panda', 'Panda', 49, 0, 1),
(1054, 'Strada', 'Strada', 'Strada', 49, 0, 1),
(1055, '131', '131', '131', 49, 0, 1),
(1056, '1100', '1100', '1100', 49, 0, 1),
(1057, 'Grand Break', 'Grand Break', 'Grand Break', 49, 0, 1),
(1058, 'Campagnola', 'Campagnola', 'Campagnola', 49, 0, 1),
(1059, 'Ulysse', 'Ulysse', 'Ulysse', 49, 0, 1),
(1060, 'Siena', 'Siena', 'Siena', 49, 0, 1),
(1061, '127', '127', '127', 49, 0, 1),
(1062, 'Punto', 'Punto', 'Punto', 49, 0, 1),
(1063, 'Multipla', 'Multipla', 'Multipla', 49, 0, 1),
(1064, 'Croma', 'Croma', 'Croma', 49, 0, 1),
(1065, '850', '850', '850', 49, 0, 1),
(1066, 'Vivace', 'Vivace', 'Vivace', 49, 0, 1),
(1067, '500', '500', '500', 49, 0, 1),
(1068, '1300', '1300', '1300', 49, 0, 1),
(1069, 'Stilo', 'Stilo', 'Stilo', 49, 0, 1),
(1070, 'Palio', 'Palio', 'Palio', 49, 0, 1),
(1071, 'Ducato', 'Ducato', 'Ducato', 49, 0, 1),
(1072, 'Bravo', 'Bravo', 'Bravo', 49, 0, 1),
(1073, 'Tempra', 'Tempra', 'Tempra', 49, 0, 1),
(1074, '1400', '1400', '1400', 49, 0, 1),
(1075, 'Idea', 'Idea', 'Idea', 49, 0, 1),
(1076, 'Argenta', 'Argenta', 'Argenta', 49, 0, 1),
(1077, 'Regata', 'Regata', 'Regata', 49, 0, 1),
(1078, 'Fiorino', 'Fiorino', 'Fiorino', 49, 0, 1),
(1079, 'Cabriolet', 'Cabriolet', 'Cabriolet', 49, 0, 1),
(1080, 'Coupe', 'Coupe', 'Coupe', 49, 0, 1),
(1081, '1800', '1800', '1800', 49, 0, 1),
(1082, '128', '128', '128', 49, 0, 1),
(1083, '126', '126', '126', 49, 0, 1),
(1084, 'Seicento', 'Seicento', 'Seicento', 49, 0, 1),
(1085, 'Marea', 'Marea', 'Marea', 49, 0, 1),
(1086, 'Uno', 'Uno', 'Uno', 49, 0, 1),
(1087, '130', '130', '130', 49, 0, 1),
(1088, 'Grande Punto', 'Grande Punto', 'Grande Punto', 49, 0, 1),
(1089, 'Palio II', 'Palio II', 'Palio II', 49, 0, 1),
(1090, 'Ritmo', 'Ritmo', 'Ritmo', 49, 0, 1),
(1091, 'Duna', 'Duna', 'Duna', 49, 0, 1),
(1092, '1500', '1500', '1500', 49, 0, 1),
(1093, '1200', '1200', '1200', 49, 0, 1),
(1094, 'Linea', 'Linea', 'Linea', 49, 0, 1),
(1095, 'Berline', 'Berline', 'Berline', 49, 0, 1),
(1096, '132', '132', '132', 49, 0, 1),
(1097, '2300', '2300', '2300', 49, 0, 1),
(1098, '124', '124', '124', 49, 0, 1),
(1099, 'Dino', 'Dino', 'Dino', 49, 0, 1),
(1100, 'Barchetta', 'Barchetta', 'Barchetta', 49, 0, 1),
(1101, '125', '125', '125', 49, 0, 1),
(1102, 'ESV', 'ESV', 'ESV', 49, 0, 1),
(1103, 'Sedici', 'Sedici', 'Sedici', 49, 0, 1),
(1104, '133', '133', '133', 49, 0, 1),
(1105, 'Marea Weekend', 'Marea Weekend', 'Marea Weekend', 49, 0, 1),
(1106, 'Scudo', 'Scudo', 'Scudo', 49, 0, 1),
(1107, '600', '600', '600', 49, 0, 1),
(1108, 'Cinquecento', 'Cinquecento', 'Cinquecento', 49, 0, 1),
(1109, 'X1-9', 'X1-9', 'X1-9', 49, 0, 1),
(1110, 'Mirafiori', 'Mirafiori', 'Mirafiori', 49, 0, 1),
(1111, 'Tipo', 'Tipo', 'Tipo', 49, 0, 1),
(1112, '750', '750', '750', 49, 0, 1),
(1113, 'Ecobasis', 'Ecobasis', 'Ecobasis', 49, 0, 1),
(1114, '1600', '1600', '1600', 49, 0, 1),
(1115, 'Albea', 'Albea', 'Albea', 49, 0, 1),
(1116, 'V8', 'V8', 'V8', 49, 0, 1),
(1117, '8V', '8V', '8V', 49, 0, 1),
(1118, '1900', '1900', '1900', 49, 0, 1),
(1119, 'Abarth', 'Abarth', 'Abarth', 49, 0, 1),
(1120, 'Ecobasic', 'Ecobasic', 'Ecobasic', 49, 0, 1),
(1121, '2100', '2100', '2100', 49, 0, 1),
(1122, 'OT', 'OT', 'OT', 49, 0, 1),
(1123, 'Armadillo', 'Armadillo', 'Armadillo', 49, 0, 1);
INSERT INTO `property_category` (`id`, `name`, `ar`, `ku`, `car_brand_id`, `car_year`, `published`) VALUES
(1124, 'Legram', 'Legram', 'Legram', 49, 0, 1),
(1125, 'Freemont', 'Freemont', 'Freemont', 49, 0, 1),
(1126, '500e', '500e', '500e', 49, 0, 1),
(1127, '500L', '500L', '500L', 49, 0, 1),
(1128, 'Karma', 'Karma', 'Karma', 50, 0, 1),
(1129, 'Fiesta', 'Fiesta', 'Fiesta', 51, 0, 1),
(1130, 'Probe', 'Probe', 'Probe', 51, 0, 1),
(1131, 'Mustang', 'Mustang', 'Mustang', 51, 0, 1),
(1132, 'Capri', 'Capri', 'Capri', 51, 0, 1),
(1133, 'Crown Victoria', 'Crown Victoria', 'Crown Victoria', 51, 0, 1),
(1134, 'Escort', 'Escort', 'Escort', 51, 0, 1),
(1135, 'Think Neighbor', 'Think Neighbor', 'Think Neighbor', 51, 0, 1),
(1136, 'Think', 'Think', 'Think', 51, 0, 1),
(1137, 'Expedition', 'Expedition', 'Expedition', 51, 0, 1),
(1138, 'Ka', 'Ka', 'Ka', 51, 0, 1),
(1139, 'Ranger', 'Ranger', 'Ranger', 51, 0, 1),
(1140, 'Fusion', 'Fusion', 'Fusion', 51, 0, 1),
(1141, 'Focus', 'Focus', 'Focus', 51, 0, 1),
(1142, 'Consul', 'Consul', 'Consul', 51, 0, 1),
(1143, 'Mondeo', 'Mondeo', 'Mondeo', 51, 0, 1),
(1144, 'F-150', 'F-150', 'F-150', 51, 0, 1),
(1145, 'Galaxy', 'Galaxy', 'Galaxy', 51, 0, 1),
(1146, 'Urban Explorer', 'Urban Explorer', 'Urban Explorer', 51, 0, 1),
(1147, 'Taurus', 'Taurus', 'Taurus', 51, 0, 1),
(1148, 'Edge', 'Edge', 'Edge', 51, 0, 1),
(1149, 'Scorpio', 'Scorpio', 'Scorpio', 51, 0, 1),
(1150, 'Popular', 'Popular', 'Popular', 51, 0, 1),
(1151, 'Cortina', 'Cortina', 'Cortina', 51, 0, 1),
(1152, 'C-MAX', 'C-MAX', 'C-MAX', 51, 0, 1),
(1153, 'Zephyr', 'Zephyr', 'Zephyr', 51, 0, 1),
(1154, 'Excursion', 'Excursion', 'Excursion', 51, 0, 1),
(1155, 'Maverick', 'Maverick', 'Maverick', 51, 0, 1),
(1156, 'F-350', 'F-350', 'F-350', 51, 0, 1),
(1157, 'Granada', 'Granada', 'Granada', 51, 0, 1),
(1158, 'Tempo', 'Tempo', 'Tempo', 51, 0, 1),
(1159, 'Sierra', 'Sierra', 'Sierra', 51, 0, 1),
(1160, 'Freestyle', 'Freestyle', 'Freestyle', 51, 0, 1),
(1161, 'Fairlane', 'Fairlane', 'Fairlane', 51, 0, 1),
(1162, '17', '17', '17', 51, 0, 1),
(1163, 'Taunus', 'Taunus', 'Taunus', 51, 0, 1),
(1164, 'Contour', 'Contour', 'Contour', 51, 0, 1),
(1165, 'F-250', 'F-250', 'F-250', 51, 0, 1),
(1166, 'Laser', 'Laser', 'Laser', 51, 0, 1),
(1167, 'E-150', 'E-150', 'E-150', 51, 0, 1),
(1168, 'Prefect', 'Prefect', 'Prefect', 51, 0, 1),
(1169, 'Territory', 'Territory', 'Territory', 51, 0, 1),
(1170, 'Explorer', 'Explorer', 'Explorer', 51, 0, 1),
(1171, 'Galaxie', 'Galaxie', 'Galaxie', 51, 0, 1),
(1172, 'Thunderbird', 'Thunderbird', 'Thunderbird', 51, 0, 1),
(1173, 'Econoline', 'Econoline', 'Econoline', 51, 0, 1),
(1174, 'Corsair', 'Corsair', 'Corsair', 51, 0, 1),
(1175, 'Vedette', 'Vedette', 'Vedette', 51, 0, 1),
(1176, 'Escape', 'Escape', 'Escape', 51, 0, 1),
(1177, 'Aerostar', 'Aerostar', 'Aerostar', 51, 0, 1),
(1178, 'Shelby GT 500', 'Shelby GT 500', 'Shelby GT 500', 51, 0, 1),
(1179, 'Zodiac', 'Zodiac', 'Zodiac', 51, 0, 1),
(1180, 'GT', 'GT', 'GT', 51, 0, 1),
(1181, 'Econovan', 'Econovan', 'Econovan', 51, 0, 1),
(1182, 'Bronco', 'Bronco', 'Bronco', 51, 0, 1),
(1183, '12 M', '12 M', '12 M', 51, 0, 1),
(1184, 'Meteor', 'Meteor', 'Meteor', 51, 0, 1),
(1185, 'Five Hundred', 'Five Hundred', 'Five Hundred', 51, 0, 1),
(1186, 'Falcon', 'Falcon', 'Falcon', 51, 0, 1),
(1187, 'Torino', 'Torino', 'Torino', 51, 0, 1),
(1188, 'GT 40', 'GT 40', 'GT 40', 51, 0, 1),
(1189, 'RS 200', 'RS 200', 'RS 200', 51, 0, 1),
(1190, 'Anglia', 'Anglia', 'Anglia', 51, 0, 1),
(1191, 'Orion', 'Orion', 'Orion', 51, 0, 1),
(1192, 'Windstar', 'Windstar', 'Windstar', 51, 0, 1),
(1193, 'LTD', 'LTD', 'LTD', 51, 0, 1),
(1194, 'Puma', 'Puma', 'Puma', 51, 0, 1),
(1195, 'FPV BF GT', 'FPV BF GT', 'FPV BF GT', 51, 0, 1),
(1196, 'Courier', 'Courier', 'Courier', 51, 0, 1),
(1197, 'Flex', 'Flex', 'Flex', 51, 0, 1),
(1198, 'Monarch', 'Monarch', 'Monarch', 51, 0, 1),
(1199, 'Ikon', 'Ikon', 'Ikon', 51, 0, 1),
(1200, 'E-250', 'E-250', 'E-250', 51, 0, 1),
(1201, 'E-350', 'E-350', 'E-350', 51, 0, 1),
(1202, 'Bantam', 'Bantam', 'Bantam', 51, 0, 1),
(1203, 'Festiva', 'Festiva', 'Festiva', 51, 0, 1),
(1204, 'Transit Connect', 'Transit Connect', 'Transit Connect', 51, 0, 1),
(1205, 'S-Max', 'S-Max', 'S-Max', 51, 0, 1),
(1206, 'Taurus X', 'Taurus X', 'Taurus X', 51, 0, 1),
(1207, 'Aspire', 'Aspire', 'Aspire', 51, 0, 1),
(1208, 'Freestar', 'Freestar', 'Freestar', 51, 0, 1),
(1209, 'Skyliner', 'Skyliner', 'Skyliner', 51, 0, 1),
(1210, 'Artic', 'Artic', 'Artic', 51, 0, 1),
(1211, 'Versailles', 'Versailles', 'Versailles', 51, 0, 1),
(1212, 'Bronco II', 'Bronco II', 'Bronco II', 51, 0, 1),
(1213, 'Libre', 'Libre', 'Libre', 51, 0, 1),
(1214, 'Crestline', 'Crestline', 'Crestline', 51, 0, 1),
(1215, 'Husky', 'Husky', 'Husky', 51, 0, 1),
(1216, 'Royale', 'Royale', 'Royale', 51, 0, 1),
(1217, '24.7', '24.7', '24.7', 51, 0, 1),
(1218, 'Synergy 2010', 'Synergy 2010', 'Synergy 2010', 51, 0, 1),
(1219, 'Telstar', 'Telstar', 'Telstar', 51, 0, 1),
(1220, 'Gran Torino', 'Gran Torino', 'Gran Torino', 51, 0, 1),
(1221, 'TL-50', 'TL-50', 'TL-50', 51, 0, 1),
(1222, 'F', 'F', 'F', 51, 0, 1),
(1223, 'Limited', 'Limited', 'Limited', 51, 0, 1),
(1224, 'Lynx', 'Lynx', 'Lynx', 51, 0, 1),
(1225, 'C 100', 'C 100', 'C 100', 51, 0, 1),
(1226, 'Desert Excursion', 'Desert Excursion', 'Desert Excursion', 51, 0, 1),
(1227, 'F-650', 'F-650', 'F-650', 51, 0, 1),
(1228, 'XR 8 Xplod', 'XR 8 Xplod', 'XR 8 Xplod', 51, 0, 1),
(1229, 'Cougar', 'Cougar', 'Cougar', 51, 0, 1),
(1230, 'Megastar II', 'Megastar II', 'Megastar II', 51, 0, 1),
(1231, 'Equator', 'Equator', 'Equator', 51, 0, 1),
(1232, 'Ranchero', 'Ranchero', 'Ranchero', 51, 0, 1),
(1233, 'Custom', 'Custom', 'Custom', 51, 0, 1),
(1234, 'Shelby GR-1 Concept', 'Shelby GR-1 Concept', 'Shelby GR-1 Concept', 51, 0, 1),
(1235, 'Saetta', 'Saetta', 'Saetta', 51, 0, 1),
(1236, 'Coin', 'Coin', 'Coin', 51, 0, 1),
(1237, 'O21 C', 'O21 C', 'O21 C', 51, 0, 1),
(1238, 'Indigo', 'Indigo', 'Indigo', 51, 0, 1),
(1239, 'Tracer', 'Tracer', 'Tracer', 51, 0, 1),
(1240, '427', '427', '427', 51, 0, 1),
(1241, 'TS-50', 'TS-50', 'TS-50', 51, 0, 1),
(1242, '17M', '17M', '17M', 51, 0, 1),
(1243, 'Pilot', 'Pilot', 'Pilot', 51, 0, 1),
(1244, '2000', '2000', '2000', 51, 0, 1),
(1245, '49', '49', '49', 51, 0, 1),
(1246, 'F-450', 'F-450', 'F-450', 51, 0, 1),
(1247, 'GT 500', 'GT 500', 'GT 500', 51, 0, 1),
(1248, 'GT 70', 'GT 70', 'GT 70', 51, 0, 1),
(1249, 'TE-50', 'TE-50', 'TE-50', 51, 0, 1),
(1250, 'e-Ka', 'e-Ka', 'e-Ka', 51, 0, 1),
(1251, 'Station Wagon', 'Station Wagon', 'Station Wagon', 51, 0, 1),
(1252, '021 C', '021 C', '021 C', 51, 0, 1),
(1253, 'EX', 'EX', 'EX', 51, 0, 1),
(1254, 'Extreme EX', 'Extreme EX', 'Extreme EX', 51, 0, 1),
(1255, 'ST 460', 'ST 460', 'ST 460', 51, 0, 1),
(1256, 'Tonka', 'Tonka', 'Tonka', 51, 0, 1),
(1257, 'Triton', 'Triton', 'Triton', 51, 0, 1),
(1258, 'Lotus Cortina', 'Lotus Cortina', 'Lotus Cortina', 51, 0, 1),
(1259, 'Kuga', 'Kuga', 'Kuga', 51, 0, 1),
(1260, 'Model U', 'Model U', 'Model U', 51, 0, 1),
(1261, 'Shelby GT500', 'Shelby GT500', 'Shelby GT500', 51, 0, 1),
(1262, 'Ecosport', 'Ecosport', 'Ecosport', 51, 0, 1),
(1263, 'E-Series', 'E-Series', 'E-Series', 51, 0, 1),
(1264, 'C-Max Energi', 'C-Max Energi', 'C-Max Energi', 51, 0, 1),
(1265, 'C-Max Hybrid', 'C-Max Hybrid', 'C-Max Hybrid', 51, 0, 1),
(1266, 'E-Series Van', 'E-Series Van', 'E-Series Van', 51, 0, 1),
(1267, 'E-Series Wagon', 'E-Series Wagon', 'E-Series Wagon', 51, 0, 1),
(1268, 'F-250 Super Duty', 'F-250 Super Duty', 'F-250 Super Duty', 51, 0, 1),
(1269, 'F-350 Super Duty', 'F-350 Super Duty', 'F-350 Super Duty', 51, 0, 1),
(1270, 'F-450 Super Duty', 'F-450 Super Duty', 'F-450 Super Duty', 51, 0, 1),
(1271, 'Focus ST', 'Focus ST', 'Focus ST', 51, 0, 1),
(1272, 'Fusion Energi', 'Fusion Energi', 'Fusion Energi', 51, 0, 1),
(1273, 'Fusion Hybrid', 'Fusion Hybrid', 'Fusion Hybrid', 51, 0, 1),
(1274, 'Transit Wagon', 'Transit Wagon', 'Transit Wagon', 51, 0, 1),
(1275, 'Transit Van', 'Transit Van', 'Transit Van', 51, 0, 1),
(1276, 'M-20', 'M-20', 'M-20', 52, 0, 1),
(1277, '3110', '3110', '3110', 52, 0, 1),
(1278, '3111', '3111', '3111', 52, 0, 1),
(1279, '24', '24', '24', 52, 0, 1),
(1280, '24-10', '24-10', '24-10', 52, 0, 1),
(1281, 'M20', 'M20', 'M20', 52, 0, 1),
(1282, 'Volga', 'Volga', 'Volga', 52, 0, 1),
(1283, 'Oct-73', 'Oct-73', 'Oct-73', 52, 0, 1),
(1284, '22', '22', '22', 52, 0, 1),
(1285, 'M1', 'M1', 'M1', 52, 0, 1),
(1286, '61', '61', '61', 52, 0, 1),
(1287, 'CK', 'CK', 'CK', 53, 0, 1),
(1288, 'Ck1', 'Ck1', 'Ck1', 53, 0, 1),
(1289, 'G11', 'G11', 'G11', 54, 0, 1),
(1290, 'G10', 'G10', 'G10', 54, 0, 1),
(1291, 'G33', 'G33', 'G33', 54, 0, 1),
(1292, 'G40', 'G40', 'G40', 54, 0, 1),
(1293, 'G32', 'G32', 'G32', 54, 0, 1),
(1294, 'G3', 'G3', 'G3', 54, 0, 1),
(1295, 'G34', 'G34', 'G34', 54, 0, 1),
(1296, 'G15', 'G15', 'G15', 54, 0, 1),
(1297, 'G4', 'G4', 'G4', 54, 0, 1),
(1298, 'G27', 'G27', 'G27', 54, 0, 1),
(1299, 'G21', 'G21', 'G21', 54, 0, 1),
(1300, 'G', 'G', 'G', 54, 0, 1),
(1301, 'G20', 'G20', 'G20', 54, 0, 1),
(1302, 'G12', 'G12', 'G12', 54, 0, 1),
(1303, 'Suburban', 'Suburban', 'Suburban', 55, 0, 1),
(1304, 'Canyon', 'Canyon', 'Canyon', 55, 0, 1),
(1305, 'Yukon', 'Yukon', 'Yukon', 55, 0, 1),
(1306, 'Savana', 'Savana', 'Savana', 55, 0, 1),
(1307, 'Sierra', 'Sierra', 'Sierra', 55, 0, 1),
(1308, 'Envoy', 'Envoy', 'Envoy', 55, 0, 1),
(1309, 'Jimmy', 'Jimmy', 'Jimmy', 55, 0, 1),
(1310, 'Safari', 'Safari', 'Safari', 55, 0, 1),
(1311, 'Sonoma', 'Sonoma', 'Sonoma', 55, 0, 1),
(1312, 'Acadia', 'Acadia', 'Acadia', 55, 0, 1),
(1313, 'Terracross', 'Terracross', 'Terracross', 55, 0, 1),
(1314, 'Firebird', 'Firebird', 'Firebird', 55, 0, 1),
(1315, 'Autonomy', 'Autonomy', 'Autonomy', 55, 0, 1),
(1316, 'Typhoon', 'Typhoon', 'Typhoon', 55, 0, 1),
(1317, 'EV1', 'EV1', 'EV1', 55, 0, 1),
(1318, 'Terradyne', 'Terradyne', 'Terradyne', 55, 0, 1),
(1319, 'Terra 4', 'Terra 4', 'Terra 4', 55, 0, 1),
(1320, 'Terrain', 'Terrain', 'Terrain', 55, 0, 1),
(1321, 'Sierra 1500', 'Sierra 1500', 'Sierra 1500', 55, 0, 1),
(1322, 'Sierra 2500HD', 'Sierra 2500HD', 'Sierra 2500HD', 55, 0, 1),
(1323, 'Sierra 3500HD', 'Sierra 3500HD', 'Sierra 3500HD', 55, 0, 1),
(1324, 'Yukon XL', 'Yukon XL', 'Yukon XL', 55, 0, 1),
(1325, 'Vectra', 'Vectra', 'Vectra', 56, 0, 1),
(1326, 'Apollo', 'Apollo', 'Apollo', 56, 0, 1),
(1327, 'Torana', 'Torana', 'Torana', 56, 0, 1),
(1328, 'EH', 'EH', 'EH', 56, 0, 1),
(1329, 'Gemini', 'Gemini', 'Gemini', 56, 0, 1),
(1330, 'Statesman', 'Statesman', 'Statesman', 56, 0, 1),
(1331, 'Monaro', 'Monaro', 'Monaro', 56, 0, 1),
(1332, 'Commodore', 'Commodore', 'Commodore', 56, 0, 1),
(1333, 'GTS', 'GTS', 'GTS', 56, 0, 1),
(1334, 'Barina', 'Barina', 'Barina', 56, 0, 1),
(1335, 'UTE', 'UTE', 'UTE', 56, 0, 1),
(1336, 'Belmont', 'Belmont', 'Belmont', 56, 0, 1),
(1337, 'Berlina', 'Berlina', 'Berlina', 56, 0, 1),
(1338, 'Camira', 'Camira', 'Camira', 56, 0, 1),
(1339, 'Nova', 'Nova', 'Nova', 56, 0, 1),
(1340, 'Frontera', 'Frontera', 'Frontera', 56, 0, 1),
(1341, 'Zafira', 'Zafira', 'Zafira', 56, 0, 1),
(1342, 'Kingswood', 'Kingswood', 'Kingswood', 56, 0, 1),
(1343, 'Jackaroo', 'Jackaroo', 'Jackaroo', 56, 0, 1),
(1344, 'HSV', 'HSV', 'HSV', 56, 0, 1),
(1345, 'EJ', 'EJ', 'EJ', 56, 0, 1),
(1346, 'FC', 'FC', 'FC', 56, 0, 1),
(1347, 'Calais', 'Calais', 'Calais', 56, 0, 1),
(1348, 'Caprice', 'Caprice', 'Caprice', 56, 0, 1),
(1349, 'HB', 'HB', 'HB', 56, 0, 1),
(1350, 'Brougham', 'Brougham', 'Brougham', 56, 0, 1),
(1351, 'Astra', 'Astra', 'Astra', 56, 0, 1),
(1352, 'Clubsport', 'Clubsport', 'Clubsport', 56, 0, 1),
(1353, 'FX', 'FX', 'FX', 56, 0, 1),
(1354, 'FB Special', 'FB Special', 'FB Special', 56, 0, 1),
(1355, 'Combo', 'Combo', 'Combo', 56, 0, 1),
(1356, 'FJ', 'FJ', 'FJ', 56, 0, 1),
(1357, 'Senator', 'Senator', 'Senator', 56, 0, 1),
(1358, 'EK', 'EK', 'EK', 56, 0, 1),
(1359, 'HR', 'HR', 'HR', 56, 0, 1),
(1360, 'FE', 'FE', 'FE', 56, 0, 1),
(1361, 'XU 6', 'XU 6', 'XU 6', 56, 0, 1),
(1362, 'HRT', 'HRT', 'HRT', 56, 0, 1),
(1363, 'Rodeo', 'Rodeo', 'Rodeo', 56, 0, 1),
(1364, 'GTS-R', 'GTS-R', 'GTS-R', 56, 0, 1),
(1365, 'Cruze', 'Cruze', 'Cruze', 56, 0, 1),
(1366, 'Sunbird', 'Sunbird', 'Sunbird', 56, 0, 1),
(1367, 'HD', 'HD', 'HD', 56, 0, 1),
(1368, 'Maloo', 'Maloo', 'Maloo', 56, 0, 1),
(1369, 'Drover', 'Drover', 'Drover', 56, 0, 1),
(1370, 'Colorado', 'Colorado', 'Colorado', 56, 0, 1),
(1371, 'Epica', 'Epica', 'Epica', 56, 0, 1),
(1372, 'Captiva', 'Captiva', 'Captiva', 56, 0, 1),
(1373, 'Accord', 'Accord', 'Accord', 57, 0, 1),
(1374, 'Shuttle', 'Shuttle', 'Shuttle', 57, 0, 1),
(1375, 'Z', 'Z', 'Z', 57, 0, 1),
(1376, 'CR-V', 'CR-V', 'CR-V', 57, 0, 1),
(1377, 'Civic', 'Civic', 'Civic', 57, 0, 1),
(1378, 'Prelude', 'Prelude', 'Prelude', 57, 0, 1),
(1379, 'Legend', 'Legend', 'Legend', 57, 0, 1),
(1380, '1300', '1300', '1300', 57, 0, 1),
(1381, 'Life', 'Life', 'Life', 57, 0, 1),
(1382, 'Element', 'Element', 'Element', 57, 0, 1),
(1383, 'S-MX', 'S-MX', 'S-MX', 57, 0, 1),
(1384, 'Stream', 'Stream', 'Stream', 57, 0, 1),
(1385, 'Pilot', 'Pilot', 'Pilot', 57, 0, 1),
(1386, 'Jazz', 'Jazz', 'Jazz', 57, 0, 1),
(1387, 'NSX', 'NSX', 'NSX', 57, 0, 1),
(1388, 'Capa', 'Capa', 'Capa', 57, 0, 1),
(1389, 'Ridgeline', 'Ridgeline', 'Ridgeline', 57, 0, 1),
(1390, 'Logo', 'Logo', 'Logo', 57, 0, 1),
(1391, 'Ballade', 'Ballade', 'Ballade', 57, 0, 1),
(1392, 'Quintet', 'Quintet', 'Quintet', 57, 0, 1),
(1393, 'FR-V', 'FR-V', 'FR-V', 57, 0, 1),
(1394, 'That', 'That', 'That', 57, 0, 1),
(1395, 'Model X', 'Model X', 'Model X', 57, 0, 1),
(1396, 'Odyssey', 'Odyssey', 'Odyssey', 57, 0, 1),
(1397, 'Civic Del Sol', 'Civic Del Sol', 'Civic Del Sol', 57, 0, 1),
(1398, 'HR-V', 'HR-V', 'HR-V', 57, 0, 1),
(1399, 'Fit', 'Fit', 'Fit', 57, 0, 1),
(1400, 'S2000', 'S2000', 'S2000', 57, 0, 1),
(1401, 'Insight', 'Insight', 'Insight', 57, 0, 1),
(1402, 'Avancier', 'Avancier', 'Avancier', 57, 0, 1),
(1403, 'Integra', 'Integra', 'Integra', 57, 0, 1),
(1404, 'Vamos', 'Vamos', 'Vamos', 57, 0, 1),
(1405, 'Saber', 'Saber', 'Saber', 57, 0, 1),
(1406, 'Mobilio', 'Mobilio', 'Mobilio', 57, 0, 1),
(1407, 'Today', 'Today', 'Today', 57, 0, 1),
(1408, 'S500', 'S500', 'S500', 57, 0, 1),
(1409, 'CRX', 'CRX', 'CRX', 57, 0, 1),
(1410, 'F1', 'F1', 'F1', 57, 0, 1),
(1411, 'Step Wagon', 'Step Wagon', 'Step Wagon', 57, 0, 1),
(1412, 'Concerto', 'Concerto', 'Concerto', 57, 0, 1),
(1413, 'Argento Viva', 'Argento Viva', 'Argento Viva', 57, 0, 1),
(1414, 'Torneo', 'Torneo', 'Torneo', 57, 0, 1),
(1415, 'N III', 'N III', 'N III', 57, 0, 1),
(1416, 'Inspire', 'Inspire', 'Inspire', 57, 0, 1),
(1417, '145', '145', '145', 57, 0, 1),
(1418, 'Acty', 'Acty', 'Acty', 57, 0, 1),
(1419, 'J-VX', 'J-VX', 'J-VX', 57, 0, 1),
(1420, 'S800', 'S800', 'S800', 57, 0, 1),
(1421, 'SSM', 'SSM', 'SSM', 57, 0, 1),
(1422, 'EV', 'EV', 'EV', 57, 0, 1),
(1423, 'Lagreat', 'Lagreat', 'Lagreat', 57, 0, 1),
(1424, 'HP-X', 'HP-X', 'HP-X', 57, 0, 1),
(1425, 'City', 'City', 'City', 57, 0, 1),
(1426, 'S600', 'S600', 'S600', 57, 0, 1),
(1427, 'Passport', 'Passport', 'Passport', 57, 0, 1),
(1428, 'Fuya Jo', 'Fuya Jo', 'Fuya Jo', 57, 0, 1),
(1429, 'FCX', 'FCX', 'FCX', 57, 0, 1),
(1430, 'Accord Crosstour', 'Accord Crosstour', 'Accord Crosstour', 57, 0, 1),
(1431, 'CR-Z', 'CR-Z', 'CR-Z', 57, 0, 1),
(1432, 'Crosstour', 'Crosstour', 'Crosstour', 57, 0, 1),
(1433, 'Accord Hybrid', 'Accord Hybrid', 'Accord Hybrid', 57, 0, 1),
(1434, 'Accord Plug-In Hybrid', 'Accord Plug-In Hybrid', 'Accord Plug-In Hybrid', 57, 0, 1),
(1435, 'Super Jet', 'Super Jet', 'Super Jet', 58, 0, 1),
(1436, 'Metropolitan', 'Metropolitan', 'Metropolitan', 58, 0, 1),
(1437, 'Hornet', 'Hornet', 'Hornet', 58, 0, 1),
(1438, 'Commodore', 'Commodore', 'Commodore', 58, 0, 1),
(1439, 'Italia Coupe', 'Italia Coupe', 'Italia Coupe', 58, 0, 1),
(1440, 'Super Wasp', 'Super Wasp', 'Super Wasp', 58, 0, 1),
(1441, 'Sceptre', 'Sceptre', 'Sceptre', 59, 0, 1),
(1442, 'Super Snipe', 'Super Snipe', 'Super Snipe', 59, 0, 1),
(1443, 'Pullman', 'Pullman', 'Pullman', 59, 0, 1),
(1444, 'Hawk', 'Hawk', 'Hawk', 59, 0, 1),
(1445, 'H2', 'H2', 'H2', 60, 0, 1),
(1446, 'H3', 'H3', 'H3', 60, 0, 1),
(1447, 'H1', 'H1', 'H1', 60, 0, 1),
(1448, 'Stellar', 'Stellar', 'Stellar', 61, 0, 1),
(1449, 'Scoupe', 'Scoupe', 'Scoupe', 61, 0, 1),
(1450, 'Santa Fe', 'Santa Fe', 'Santa Fe', 61, 0, 1),
(1451, 'Accent', 'Accent', 'Accent', 61, 0, 1),
(1452, 'Tipper', 'Tipper', 'Tipper', 61, 0, 1),
(1453, 'Coupe', 'Coupe', 'Coupe', 61, 0, 1),
(1454, 'Tucson', 'Tucson', 'Tucson', 61, 0, 1),
(1455, 'Matrix', 'Matrix', 'Matrix', 61, 0, 1),
(1456, 'Sonata', 'Sonata', 'Sonata', 61, 0, 1),
(1457, 'Equus', 'Equus', 'Equus', 61, 0, 1),
(1458, 'Terracan', 'Terracan', 'Terracan', 61, 0, 1),
(1459, 'Getz', 'Getz', 'Getz', 61, 0, 1),
(1460, 'Lantra', 'Lantra', 'Lantra', 61, 0, 1),
(1461, 'Dynasty', 'Dynasty', 'Dynasty', 61, 0, 1),
(1462, 'Elantra', 'Elantra', 'Elantra', 61, 0, 1),
(1463, 'Tiburon', 'Tiburon', 'Tiburon', 61, 0, 1),
(1464, 'Pony', 'Pony', 'Pony', 61, 0, 1),
(1465, 'Azera', 'Azera', 'Azera', 61, 0, 1),
(1466, 'XG 350', 'XG 350', 'XG 350', 61, 0, 1),
(1467, 'Neos', 'Neos', 'Neos', 61, 0, 1),
(1468, 'Atos', 'Atos', 'Atos', 61, 0, 1),
(1469, 'Veracruz', 'Veracruz', 'Veracruz', 61, 0, 1),
(1470, 'Genesis', 'Genesis', 'Genesis', 61, 0, 1),
(1471, 'XG 300', 'XG 300', 'XG 300', 61, 0, 1),
(1472, 'Trajet', 'Trajet', 'Trajet', 61, 0, 1),
(1473, 'Grandeur', 'Grandeur', 'Grandeur', 61, 0, 1),
(1474, 'Marcia', 'Marcia', 'Marcia', 61, 0, 1),
(1475, 'Euro 1', 'Euro 1', 'Euro 1', 61, 0, 1),
(1476, 'Portico', 'Portico', 'Portico', 61, 0, 1),
(1477, 'Satellite', 'Satellite', 'Satellite', 61, 0, 1),
(1478, 'H100', 'H100', 'H100', 61, 0, 1),
(1479, 'Clix', 'Clix', 'Clix', 61, 0, 1),
(1480, 'Excel', 'Excel', 'Excel', 61, 0, 1),
(1481, 'Galloper', 'Galloper', 'Galloper', 61, 0, 1),
(1482, 'H1', 'H1', 'H1', 61, 0, 1),
(1483, 'HED-6', 'HED-6', 'HED-6', 61, 0, 1),
(1484, 'Genesis Coupe', 'Genesis Coupe', 'Genesis Coupe', 61, 0, 1),
(1485, 'HCD-7', 'HCD-7', 'HCD-7', 61, 0, 1),
(1486, 'XG', 'XG', 'XG', 61, 0, 1),
(1487, 'i10', 'i10', 'i10', 61, 0, 1),
(1488, 'i30', 'i30', 'i30', 61, 0, 1),
(1489, 'Panel Van', 'Panel Van', 'Panel Van', 61, 0, 1),
(1490, 'Entourage', 'Entourage', 'Entourage', 61, 0, 1),
(1491, 'HCD-III', 'HCD-III', 'HCD-III', 61, 0, 1),
(1492, 'HED-5', 'HED-5', 'HED-5', 61, 0, 1),
(1493, 'Veloster', 'Veloster', 'Veloster', 61, 0, 1),
(1494, 'i20', 'i20', 'i20', 61, 0, 1),
(1495, 'ix20', 'ix20', 'ix20', 61, 0, 1),
(1496, 'ix35', 'ix35', 'ix35', 61, 0, 1),
(1497, 'i40', 'i40', 'i40', 61, 0, 1),
(1498, 'Elantra GT', 'Elantra GT', 'Elantra GT', 61, 0, 1),
(1499, 'Santa Fe Sport', 'Santa Fe Sport', 'Santa Fe Sport', 61, 0, 1),
(1500, 'Sonata Hybrid', 'Sonata Hybrid', 'Sonata Hybrid', 61, 0, 1),
(1501, 'G35', 'G35', 'G35', 62, 0, 1),
(1502, 'Q45', 'Q45', 'Q45', 62, 0, 1),
(1503, 'FX', 'FX', 'FX', 62, 0, 1),
(1504, 'I', 'I', 'I', 62, 0, 1),
(1505, 'QX56', 'QX56', 'QX56', 62, 0, 1),
(1506, 'QX4', 'QX4', 'QX4', 62, 0, 1),
(1507, 'M', 'M', 'M', 62, 0, 1),
(1508, 'G20', 'G20', 'G20', 62, 0, 1),
(1509, 'I35', 'I35', 'I35', 62, 0, 1),
(1510, 'EX', 'EX', 'EX', 62, 0, 1),
(1511, 'G37', 'G37', 'G37', 62, 0, 1),
(1512, 'J30', 'J30', 'J30', 62, 0, 1),
(1513, 'I30', 'I30', 'I30', 62, 0, 1),
(1514, 'G25', 'G25', 'G25', 62, 0, 1),
(1515, 'G', 'G', 'G', 62, 0, 1),
(1516, 'IPL', 'IPL', 'IPL', 62, 0, 1),
(1517, 'JX', 'JX', 'JX', 62, 0, 1),
(1518, 'QX', 'QX', 'QX', 62, 0, 1),
(1519, 'Q50', 'Q50', 'Q50', 62, 0, 1),
(1520, 'Q60 Convertible', 'Q60 Convertible', 'Q60 Convertible', 62, 0, 1),
(1521, 'Q60 Coupe', 'Q60 Coupe', 'Q60 Coupe', 62, 0, 1),
(1522, 'QX50', 'QX50', 'QX50', 62, 0, 1),
(1523, 'QX60', 'QX60', 'QX60', 62, 0, 1),
(1524, 'QX70', 'QX70', 'QX70', 62, 0, 1),
(1525, 'QX80', 'QX80', 'QX80', 62, 0, 1),
(1526, 'Q70', 'Q70', 'Q70', 62, 0, 1),
(1527, 'Q40', 'Q40', 'Q40', 62, 0, 1),
(1528, 'Mini', 'Mini', 'Mini', 63, 0, 1),
(1529, 'IM 3', 'IM 3', 'IM 3', 63, 0, 1),
(1530, 'J4', 'J4', 'J4', 63, 0, 1),
(1531, '990', '990', '990', 63, 0, 1),
(1532, 'Koral', 'Koral', 'Koral', 63, 0, 1),
(1533, 'Mille', 'Mille', 'Mille', 63, 0, 1),
(1534, '950', '950', '950', 63, 0, 1),
(1535, 'Elba', 'Elba', 'Elba', 63, 0, 1),
(1536, 'A 40', 'A 40', 'A 40', 63, 0, 1),
(1537, 'C', 'C', 'C', 63, 0, 1),
(1538, 'Turbo De Tomaso', 'Turbo De Tomaso', 'Turbo De Tomaso', 63, 0, 1),
(1539, 'A40S', 'A40S', 'A40S', 63, 0, 1),
(1540, 'I-350', 'I-350', 'I-350', 64, 0, 1),
(1541, 'Bellel', 'Bellel', 'Bellel', 64, 0, 1),
(1542, 'Trooper', 'Trooper', 'Trooper', 64, 0, 1),
(1543, 'Florian', 'Florian', 'Florian', 64, 0, 1),
(1544, '117', '117', '117', 64, 0, 1),
(1545, 'VehiCross', 'VehiCross', 'VehiCross', 64, 0, 1),
(1546, 'Bellett', 'Bellett', 'Bellett', 64, 0, 1),
(1547, 'Minx', 'Minx', 'Minx', 64, 0, 1),
(1548, 'VX-02', 'VX-02', 'VX-02', 64, 0, 1),
(1549, 'Piazza', 'Piazza', 'Piazza', 64, 0, 1),
(1550, '3.1', '3.1', '3.1', 64, 0, 1),
(1551, 'Gemini', 'Gemini', 'Gemini', 64, 0, 1),
(1552, 'Wizard', 'Wizard', 'Wizard', 64, 0, 1),
(1553, 'ZXS', 'ZXS', 'ZXS', 64, 0, 1),
(1554, 'Rodeo', 'Rodeo', 'Rodeo', 64, 0, 1),
(1555, 'I-280', 'I-280', 'I-280', 64, 0, 1),
(1556, 'Hombre', 'Hombre', 'Hombre', 64, 0, 1),
(1557, 'Axiom', 'Axiom', 'Axiom', 64, 0, 1),
(1558, 'KB', 'KB', 'KB', 64, 0, 1),
(1559, 'Ascender', 'Ascender', 'Ascender', 64, 0, 1),
(1560, 'Frontera', 'Frontera', 'Frontera', 64, 0, 1),
(1561, 'I-290', 'I-290', 'I-290', 64, 0, 1),
(1562, 'D-MAX', 'D-MAX', 'D-MAX', 64, 0, 1),
(1563, '4200', '4200', '4200', 64, 0, 1),
(1564, 'Impulse', 'Impulse', 'Impulse', 64, 0, 1),
(1565, 'Kai', 'Kai', 'Kai', 64, 0, 1),
(1566, 'Stylus', 'Stylus', 'Stylus', 64, 0, 1),
(1567, 'Amigo', 'Amigo', 'Amigo', 64, 0, 1),
(1568, 'New Bellel', 'New Bellel', 'New Bellel', 64, 0, 1),
(1569, 'VX4', 'VX4', 'VX4', 64, 0, 1),
(1570, 'M12', 'M12', 'M12', 65, 0, 1),
(1571, 'Volta', 'Volta', 'Volta', 65, 0, 1),
(1572, 'Buron', 'Buron', 'Buron', 65, 0, 1),
(1573, 'Nazca', 'Nazca', 'Nazca', 65, 0, 1),
(1574, 'Tapiro', 'Tapiro', 'Tapiro', 65, 0, 1),
(1575, 'Machimoto', 'Machimoto', 'Machimoto', 65, 0, 1),
(1576, 'Legram', 'Legram', 'Legram', 65, 0, 1),
(1577, 'Columbus', 'Columbus', 'Columbus', 65, 0, 1),
(1578, 'Twenty Twenty', 'Twenty Twenty', 'Twenty Twenty', 65, 0, 1),
(1579, 'Visconti', 'Visconti', 'Visconti', 65, 0, 1),
(1580, 'Medusa', 'Medusa', 'Medusa', 65, 0, 1),
(1581, 'Formula 4', 'Formula 4', 'Formula 4', 65, 0, 1),
(1582, 'Aspid', 'Aspid', 'Aspid', 65, 0, 1),
(1583, 'XK8', 'XK8', 'XK8', 66, 0, 1),
(1584, 'XJ8', 'XJ8', 'XJ8', 66, 0, 1),
(1585, 'S-Type', 'S-Type', 'S-Type', 66, 0, 1),
(1586, 'XJS', 'XJS', 'XJS', 66, 0, 1),
(1587, 'XK', 'XK', 'XK', 66, 0, 1),
(1588, 'XJ', 'XJ', 'XJ', 66, 0, 1),
(1589, 'E Type', 'E Type', 'E Type', 66, 0, 1),
(1590, 'XJR', 'XJR', 'XJR', 66, 0, 1),
(1591, 'X-Type', 'X-Type', 'X-Type', 66, 0, 1),
(1592, 'MK X', 'MK X', 'MK X', 66, 0, 1),
(1593, 'XKR', 'XKR', 'XKR', 66, 0, 1),
(1594, 'MK VIII', 'MK VIII', 'MK VIII', 66, 0, 1),
(1595, 'Mark IV', 'Mark IV', 'Mark IV', 66, 0, 1),
(1596, '220', '220', '220', 66, 0, 1),
(1597, 'MK II', 'MK II', 'MK II', 66, 0, 1),
(1598, 'E-Type', 'E-Type', 'E-Type', 66, 0, 1),
(1599, 'XF', 'XF', 'XF', 66, 0, 1),
(1600, 'SS', 'SS', 'SS', 66, 0, 1),
(1601, 'XJ6', 'XJ6', 'XJ6', 66, 0, 1),
(1602, 'MK IX', 'MK IX', 'MK IX', 66, 0, 1),
(1603, 'XKA', 'XKA', 'XKA', 66, 0, 1),
(1604, 'Kensington', 'Kensington', 'Kensington', 66, 0, 1),
(1605, 'R Coupe', 'R Coupe', 'R Coupe', 66, 0, 1),
(1606, 'Type S', 'Type S', 'Type S', 66, 0, 1),
(1607, 'F-Type', 'F-Type', 'F-Type', 66, 0, 1),
(1608, 'XJ220', 'XJ220', 'XJ220', 66, 0, 1),
(1609, 'XJR-11', 'XJR-11', 'XJR-11', 66, 0, 1),
(1610, 'MK IV', 'MK IV', 'MK IV', 66, 0, 1),
(1611, 'X400', 'X400', 'X400', 66, 0, 1),
(1612, 'XJ ', 'XJ ', 'XJ ', 66, 0, 1),
(1613, '240', '240', '240', 66, 0, 1),
(1614, 'MK V', 'MK V', 'MK V', 66, 0, 1),
(1615, 'C-Type', 'C-Type', 'C-Type', 66, 0, 1),
(1616, 'MK 10', 'MK 10', 'MK 10', 66, 0, 1),
(1617, '3.8', '3.8', '3.8', 66, 0, 1),
(1618, 'Concept Eight', 'Concept Eight', 'Concept Eight', 66, 0, 1),
(1619, 'R-D6', 'R-D6', 'R-D6', 66, 0, 1),
(1620, 'XJR-15', 'XJR-15', 'XJR-15', 66, 0, 1),
(1621, 'Vanden Plas', 'Vanden Plas', 'Vanden Plas', 66, 0, 1),
(1622, 'MK VII', 'MK VII', 'MK VII', 66, 0, 1),
(1623, '420G', '420G', '420G', 66, 0, 1),
(1624, 'Type-C', 'Type-C', 'Type-C', 66, 0, 1),
(1625, 'X-300', 'X-300', 'X-300', 66, 0, 1),
(1626, 'Sovereign', 'Sovereign', 'Sovereign', 66, 0, 1),
(1627, 'XJ-13', 'XJ-13', 'XJ-13', 66, 0, 1),
(1628, 'Type E', 'Type E', 'Type E', 66, 0, 1),
(1629, 'XS', 'XS', 'XS', 66, 0, 1),
(1630, 'Grand Cherokee', 'Grand Cherokee', 'Grand Cherokee', 67, 0, 1),
(1631, 'Wrangler', 'Wrangler', 'Wrangler', 67, 0, 1),
(1632, 'CJ5', 'CJ5', 'CJ5', 67, 0, 1),
(1633, 'Patriot', 'Patriot', 'Patriot', 67, 0, 1),
(1634, 'Commander', 'Commander', 'Commander', 67, 0, 1),
(1635, 'Cherokee', 'Cherokee', 'Cherokee', 67, 0, 1),
(1636, 'Jeepster', 'Jeepster', 'Jeepster', 67, 0, 1),
(1637, 'Grand Wagoneer', 'Grand Wagoneer', 'Grand Wagoneer', 67, 0, 1),
(1638, 'Compass', 'Compass', 'Compass', 67, 0, 1),
(1639, 'Liberty', 'Liberty', 'Liberty', 67, 0, 1),
(1640, 'CJ2A', 'CJ2A', 'CJ2A', 67, 0, 1),
(1641, 'Station Wagon', 'Station Wagon', 'Station Wagon', 67, 0, 1),
(1642, 'CJ', 'CJ', 'CJ', 67, 0, 1),
(1643, 'CJ3A', 'CJ3A', 'CJ3A', 67, 0, 1),
(1644, 'Varsity', 'Varsity', 'Varsity', 67, 0, 1),
(1645, 'Willys 2', 'Willys 2', 'Willys 2', 67, 0, 1),
(1646, 'CJ7', 'CJ7', 'CJ7', 67, 0, 1),
(1647, 'MB', 'MB', 'MB', 67, 0, 1),
(1648, 'Dakar', 'Dakar', 'Dakar', 67, 0, 1),
(1649, 'Willys', 'Willys', 'Willys', 67, 0, 1),
(1650, 'Icon', 'Icon', 'Icon', 67, 0, 1),
(1651, 'CJ2', 'CJ2', 'CJ2', 67, 0, 1),
(1652, 'Renegade', 'Renegade', 'Renegade', 67, 0, 1),
(1653, 'Grand Cherokee SRT', 'Grand Cherokee SRT', 'Grand Cherokee SRT', 67, 0, 1),
(1654, '541', '541', '541', 68, 0, 1),
(1655, 'CV-8', 'CV-8', 'CV-8', 68, 0, 1),
(1656, 'Interceptor', 'Interceptor', 'Interceptor', 68, 0, 1),
(1657, 'Straight 8', 'Straight 8', 'Straight 8', 68, 0, 1),
(1658, 'SV-8', 'SV-8', 'SV-8', 68, 0, 1),
(1659, 'Healey', 'Healey', 'Healey', 68, 0, 1),
(1660, 'FF', 'FF', 'FF', 68, 0, 1),
(1661, 'Jensen-Healey', 'Jensen-Healey', 'Jensen-Healey', 68, 0, 1),
(1662, '4-Litre', '4-Litre', '4-Litre', 68, 0, 1),
(1663, 'SP', 'SP', 'SP', 68, 0, 1),
(1664, 'Opirus', 'Opirus', 'Opirus', 69, 0, 1),
(1665, 'Spectra', 'Spectra', 'Spectra', 69, 0, 1),
(1666, 'Amanti', 'Amanti', 'Amanti', 69, 0, 1),
(1667, 'Avella', 'Avella', 'Avella', 69, 0, 1),
(1668, 'Sorento', 'Sorento', 'Sorento', 69, 0, 1),
(1669, 'Pregio', 'Pregio', 'Pregio', 69, 0, 1),
(1670, 'Pride Wagon', 'Pride Wagon', 'Pride Wagon', 69, 0, 1),
(1671, 'Carnival', 'Carnival', 'Carnival', 69, 0, 1),
(1672, 'Sportage', 'Sportage', 'Sportage', 69, 0, 1),
(1673, 'Rondo', 'Rondo', 'Rondo', 69, 0, 1),
(1674, 'KCV-4', 'KCV-4', 'KCV-4', 69, 0, 1),
(1675, 'Picanto', 'Picanto', 'Picanto', 69, 0, 1),
(1676, 'Capital', 'Capital', 'Capital', 69, 0, 1),
(1677, 'Sedona', 'Sedona', 'Sedona', 69, 0, 1),
(1678, 'Magentis', 'Magentis', 'Magentis', 69, 0, 1),
(1679, 'Cee\'d', 'Cee\'d', 'Cee\'d', 69, 0, 1),
(1680, 'Shuma II', 'Shuma II', 'Shuma II', 69, 0, 1),
(1681, 'Cerato', 'Cerato', 'Cerato', 69, 0, 1),
(1682, 'Rio', 'Rio', 'Rio', 69, 0, 1),
(1683, 'Sephia', 'Sephia', 'Sephia', 69, 0, 1),
(1684, 'Borrego', 'Borrego', 'Borrego', 69, 0, 1),
(1685, 'Sephia II', 'Sephia II', 'Sephia II', 69, 0, 1),
(1686, 'Pro-ceed', 'Pro-ceed', 'Pro-ceed', 69, 0, 1),
(1687, 'Retona', 'Retona', 'Retona', 69, 0, 1),
(1688, 'Potentia', 'Potentia', 'Potentia', 69, 0, 1),
(1689, 'Brisa', 'Brisa', 'Brisa', 69, 0, 1),
(1690, 'Carens', 'Carens', 'Carens', 69, 0, 1),
(1691, 'Visto', 'Visto', 'Visto', 69, 0, 1),
(1692, 'Clarus', 'Clarus', 'Clarus', 69, 0, 1),
(1693, 'Shuma', 'Shuma', 'Shuma', 69, 0, 1),
(1694, 'Optima', 'Optima', 'Optima', 69, 0, 1),
(1695, 'Towner', 'Towner', 'Towner', 69, 0, 1),
(1696, 'K2700', 'K2700', 'K2700', 69, 0, 1),
(1697, 'Elan', 'Elan', 'Elan', 69, 0, 1),
(1698, 'Spectra5', 'Spectra5', 'Spectra5', 69, 0, 1),
(1699, 'Xedos', 'Xedos', 'Xedos', 69, 0, 1),
(1700, 'Joice', 'Joice', 'Joice', 69, 0, 1),
(1701, 'Forte', 'Forte', 'Forte', 69, 0, 1),
(1702, 'Soul', 'Soul', 'Soul', 69, 0, 1),
(1703, 'Cadenza', 'Cadenza', 'Cadenza', 69, 0, 1),
(1704, 'Venga', 'Venga', 'Venga', 69, 0, 1),
(1705, 'K900', 'K900', 'K900', 69, 0, 1),
(1706, 'Soul EV', 'Soul EV', 'Soul EV', 69, 0, 1),
(1707, 'Optima Hybrid', 'Optima Hybrid', 'Optima Hybrid', 69, 0, 1),
(1708, 'CC8S', 'CC8S', 'CC8S', 70, 0, 1),
(1709, 'CCR', 'CCR', 'CCR', 70, 0, 1),
(1710, 'CCX', 'CCX', 'CCX', 70, 0, 1),
(1711, 'CCXR', 'CCXR', 'CCXR', 70, 0, 1),
(1712, 'Agera', 'Agera', 'Agera', 70, 0, 1),
(1713, '1200', '1200', '1200', 71, 0, 1),
(1714, 'Niva', 'Niva', 'Niva', 71, 0, 1),
(1715, 'Samara', 'Samara', 'Samara', 71, 0, 1),
(1716, '2104', '2104', '2104', 71, 0, 1),
(1717, 'Samara II', 'Samara II', 'Samara II', 71, 0, 1),
(1718, '110', '110', '110', 71, 0, 1),
(1719, '21', '21', '21', 71, 0, 1),
(1720, '2105', '2105', '2105', 71, 0, 1),
(1721, '111', '111', '111', 71, 0, 1),
(1722, '1300', '1300', '1300', 71, 0, 1),
(1723, 'S', 'S', 'S', 71, 0, 1),
(1724, 'Vaz', 'Vaz', 'Vaz', 71, 0, 1),
(1725, '119', '119', '119', 71, 0, 1),
(1726, 'Calina 1118', 'Calina 1118', 'Calina 1118', 71, 0, 1),
(1727, 'Riva', 'Riva', 'Riva', 71, 0, 1),
(1728, '2107', '2107', '2107', 71, 0, 1),
(1729, 'Natacha', 'Natacha', 'Natacha', 71, 0, 1),
(1730, 'Kalina', 'Kalina', 'Kalina', 71, 0, 1),
(1731, '2110', '2110', '2110', 71, 0, 1),
(1732, '117', '117', '117', 71, 0, 1),
(1733, 'Oka', 'Oka', 'Oka', 71, 0, 1),
(1734, '2123', '2123', '2123', 71, 0, 1),
(1735, 'Tarzan', 'Tarzan', 'Tarzan', 71, 0, 1),
(1736, '112', '112', '112', 71, 0, 1),
(1737, 'Roadster', 'Roadster', 'Roadster', 71, 0, 1),
(1738, '2111', '2111', '2111', 71, 0, 1),
(1739, '1600', '1600', '1600', 71, 0, 1),
(1740, 'Granta', 'Granta', 'Granta', 71, 0, 1),
(1741, 'Countach', 'Countach', 'Countach', 72, 0, 1),
(1742, 'Portofino', 'Portofino', 'Portofino', 72, 0, 1),
(1743, 'Jarama', 'Jarama', 'Jarama', 72, 0, 1),
(1744, 'LM', 'LM', 'LM', 72, 0, 1),
(1745, 'Urraco', 'Urraco', 'Urraco', 72, 0, 1),
(1746, 'P140', 'P140', 'P140', 72, 0, 1),
(1747, 'Diablo', 'Diablo', 'Diablo', 72, 0, 1),
(1748, 'LM002', 'LM002', 'LM002', 72, 0, 1),
(1749, 'Gallardo', 'Gallardo', 'Gallardo', 72, 0, 1),
(1750, 'Miura', 'Miura', 'Miura', 72, 0, 1),
(1751, 'Jalpa', 'Jalpa', 'Jalpa', 72, 0, 1),
(1752, '400', '400', '400', 72, 0, 1),
(1753, 'Islero', 'Islero', 'Islero', 72, 0, 1),
(1754, 'Murcielago', 'Murcielago', 'Murcielago', 72, 0, 1),
(1755, 'Project P140', 'Project P140', 'Project P140', 72, 0, 1),
(1756, 'Bravo', 'Bravo', 'Bravo', 72, 0, 1),
(1757, 'Espada', 'Espada', 'Espada', 72, 0, 1),
(1758, 'Cala', 'Cala', 'Cala', 72, 0, 1),
(1759, '350 GT', '350 GT', '350 GT', 72, 0, 1),
(1760, 'Marco Polo', 'Marco Polo', 'Marco Polo', 72, 0, 1),
(1761, 'Concept S', 'Concept S', 'Concept S', 72, 0, 1),
(1762, 'Flying Star', 'Flying Star', 'Flying Star', 72, 0, 1),
(1763, 'Marzal', 'Marzal', 'Marzal', 72, 0, 1),
(1764, 'Aventador', 'Aventador', 'Aventador', 72, 0, 1),
(1765, 'Huracan', 'Huracan', 'Huracan', 72, 0, 1),
(1766, 'Gamma', 'Gamma', 'Gamma', 73, 0, 1),
(1767, 'Dedra', 'Dedra', 'Dedra', 73, 0, 1),
(1768, 'Thesis', 'Thesis', 'Thesis', 73, 0, 1),
(1769, 'Lybra', 'Lybra', 'Lybra', 73, 0, 1),
(1770, 'Aurelia', 'Aurelia', 'Aurelia', 73, 0, 1),
(1771, 'Ypsilon', 'Ypsilon', 'Ypsilon', 73, 0, 1),
(1772, 'Musa', 'Musa', 'Musa', 73, 0, 1),
(1773, 'Beta', 'Beta', 'Beta', 73, 0, 1),
(1774, 'Fulvia', 'Fulvia', 'Fulvia', 73, 0, 1),
(1775, 'Thema', 'Thema', 'Thema', 73, 0, 1),
(1776, 'Kappa', 'Kappa', 'Kappa', 73, 0, 1),
(1777, 'Delta', 'Delta', 'Delta', 73, 0, 1),
(1778, 'Appia', 'Appia', 'Appia', 73, 0, 1),
(1779, 'Trevi', 'Trevi', 'Trevi', 73, 0, 1),
(1780, 'Flaminia', 'Flaminia', 'Flaminia', 73, 0, 1),
(1781, 'Phedra', 'Phedra', 'Phedra', 73, 0, 1),
(1782, 'Zeta', 'Zeta', 'Zeta', 73, 0, 1),
(1783, 'Aprilia', 'Aprilia', 'Aprilia', 73, 0, 1),
(1784, 'Flavia', 'Flavia', 'Flavia', 73, 0, 1),
(1785, 'Prisma', 'Prisma', 'Prisma', 73, 0, 1),
(1786, 'K', 'K', 'K', 73, 0, 1),
(1787, 'Stratos', 'Stratos', 'Stratos', 73, 0, 1),
(1788, '2000', '2000', '2000', 73, 0, 1),
(1789, 'Dialogos', 'Dialogos', 'Dialogos', 73, 0, 1),
(1790, 'Scorpion', 'Scorpion', 'Scorpion', 73, 0, 1),
(1791, '037 Rallye', '037 Rallye', '037 Rallye', 73, 0, 1),
(1792, 'A 112', 'A 112', 'A 112', 73, 0, 1),
(1793, 'Y10', 'Y10', 'Y10', 73, 0, 1),
(1794, 'ECV', 'ECV', 'ECV', 73, 0, 1),
(1795, 'Ardea 3', 'Ardea 3', 'Ardea 3', 73, 0, 1),
(1796, 'Ionos', 'Ionos', 'Ionos', 73, 0, 1),
(1797, 'Hit', 'Hit', 'Hit', 73, 0, 1),
(1798, 'Hyena', 'Hyena', 'Hyena', 73, 0, 1),
(1799, 'Megagamma', 'Megagamma', 'Megagamma', 73, 0, 1),
(1800, 'Nea', 'Nea', 'Nea', 73, 0, 1),
(1801, 'D 50', 'D 50', 'D 50', 73, 0, 1),
(1802, 'Voyager', 'Voyager', 'Voyager', 73, 0, 1),
(1803, 'Range Rover', 'Range Rover', 'Range Rover', 74, 0, 1),
(1804, 'Discovery', 'Discovery', 'Discovery', 74, 0, 1),
(1805, 'Freelander', 'Freelander', 'Freelander', 74, 0, 1),
(1806, 'Serie III', 'Serie III', 'Serie III', 74, 0, 1),
(1807, 'Range Rover Sport', 'Range Rover Sport', 'Range Rover Sport', 74, 0, 1),
(1808, 'Discovery 3', 'Discovery 3', 'Discovery 3', 74, 0, 1),
(1809, 'LR2', 'LR2', 'LR2', 74, 0, 1),
(1810, 'LR3', 'LR3', 'LR3', 74, 0, 1),
(1811, 'A 109', 'A 109', 'A 109', 74, 0, 1),
(1812, 'Serie II', 'Serie II', 'Serie II', 74, 0, 1),
(1813, 'Defender', 'Defender', 'Defender', 74, 0, 1),
(1814, '88', '88', '88', 74, 0, 1),
(1815, '109', '109', '109', 74, 0, 1),
(1816, 'Serie I', 'Serie I', 'Serie I', 74, 0, 1),
(1817, 'I', 'I', 'I', 74, 0, 1),
(1818, 'LR4', 'LR4', 'LR4', 74, 0, 1),
(1819, 'Range Rover Evoque', 'Range Rover Evoque', 'Range Rover Evoque', 74, 0, 1),
(1820, 'ALL-NEW Range Rover', 'ALL-NEW Range Rover', 'ALL-NEW Range Rover', 74, 0, 1),
(1821, 'RX', 'RX', 'RX', 75, 0, 1),
(1822, 'GS', 'GS', 'GS', 75, 0, 1),
(1823, 'IS', 'IS', 'IS', 75, 0, 1),
(1824, 'LX', 'LX', 'LX', 75, 0, 1),
(1825, 'ES', 'ES', 'ES', 75, 0, 1),
(1826, 'SC', 'SC', 'SC', 75, 0, 1),
(1827, 'GX', 'GX', 'GX', 75, 0, 1),
(1828, 'LS', 'LS', 'LS', 75, 0, 1),
(1829, 'FLV', 'FLV', 'FLV', 75, 0, 1),
(1830, 'Minority Report', 'Minority Report', 'Minority Report', 75, 0, 1),
(1831, 'LF-C', 'LF-C', 'LF-C', 75, 0, 1),
(1832, 'Daytona', 'Daytona', 'Daytona', 75, 0, 1),
(1833, 'CT', 'CT', 'CT', 75, 0, 1),
(1834, 'HS', 'HS', 'HS', 75, 0, 1),
(1835, 'LFA', 'LFA', 'LFA', 75, 0, 1),
(1836, 'ES 300h', 'ES 300h', 'ES 300h', 75, 0, 1),
(1837, 'ES 350', 'ES 350', 'ES 350', 75, 0, 1),
(1838, 'GS 350', 'GS 350', 'GS 350', 75, 0, 1),
(1839, 'GS 450h', 'GS 450h', 'GS 450h', 75, 0, 1),
(1840, 'GX 460', 'GX 460', 'GX 460', 75, 0, 1),
(1841, 'IS 250', 'IS 250', 'IS 250', 75, 0, 1),
(1842, 'IS 250 C', 'IS 250 C', 'IS 250 C', 75, 0, 1),
(1843, 'IS 350', 'IS 350', 'IS 350', 75, 0, 1),
(1844, 'IS 350 C', 'IS 350 C', 'IS 350 C', 75, 0, 1),
(1845, 'IS F', 'IS F', 'IS F', 75, 0, 1),
(1846, 'LS 460', 'LS 460', 'LS 460', 75, 0, 1),
(1847, 'LS 600h L', 'LS 600h L', 'LS 600h L', 75, 0, 1),
(1848, 'LX 570', 'LX 570', 'LX 570', 75, 0, 1),
(1849, 'RX 350', 'RX 350', 'RX 350', 75, 0, 1),
(1850, 'RX 450h', 'RX 450h', 'RX 450h', 75, 0, 1),
(1851, 'NX 200t', 'NX 200t', 'NX 200t', 75, 0, 1),
(1852, 'NX 300h', 'NX 300h', 'NX 300h', 75, 0, 1),
(1853, 'RC 350', 'RC 350', 'RC 350', 75, 0, 1),
(1854, 'RC F', 'RC F', 'RC F', 75, 0, 1),
(1855, 'CT 200h', 'CT 200h', 'CT 200h', 75, 0, 1),
(1856, 'Mark VII', 'Mark VII', 'Mark VII', 76, 0, 1),
(1857, 'Town Car', 'Town Car', 'Town Car', 76, 0, 1),
(1858, 'Blackwood', 'Blackwood', 'Blackwood', 76, 0, 1),
(1859, 'LS', 'LS', 'LS', 76, 0, 1),
(1860, 'Navigator', 'Navigator', 'Navigator', 76, 0, 1),
(1861, 'Continental', 'Continental', 'Continental', 76, 0, 1),
(1862, 'Mark 7', 'Mark 7', 'Mark 7', 76, 0, 1),
(1863, 'Aviator', 'Aviator', 'Aviator', 76, 0, 1),
(1864, 'MKX', 'MKX', 'MKX', 76, 0, 1),
(1865, 'Zephyr', 'Zephyr', 'Zephyr', 76, 0, 1),
(1866, 'Mark LT', 'Mark LT', 'Mark LT', 76, 0, 1),
(1867, 'Mark VI', 'Mark VI', 'Mark VI', 76, 0, 1),
(1868, 'Mark VIII', 'Mark VIII', 'Mark VIII', 76, 0, 1),
(1869, 'Premiere', 'Premiere', 'Premiere', 76, 0, 1),
(1870, 'MKZ', 'MKZ', 'MKZ', 76, 0, 1),
(1871, 'Capri', 'Capri', 'Capri', 76, 0, 1),
(1872, 'MKS', 'MKS', 'MKS', 76, 0, 1),
(1873, 'Sentinel', 'Sentinel', 'Sentinel', 76, 0, 1),
(1874, 'Mark X', 'Mark X', 'Mark X', 76, 0, 1),
(1875, 'MK 9', 'MK 9', 'MK 9', 76, 0, 1),
(1876, 'MKT', 'MKT', 'MKT', 76, 0, 1),
(1877, 'MKC', 'MKC', 'MKC', 76, 0, 1),
(1878, 'C 1000', 'C 1000', 'C 1000', 77, 0, 1),
(1879, 'Testa de Oro', 'Testa de Oro', 'Testa de Oro', 77, 0, 1),
(1880, 'Sirius', 'Sirius', 'Sirius', 77, 0, 1),
(1881, 'Esprit', 'Esprit', 'Esprit', 78, 0, 1),
(1882, 'Seven', 'Seven', 'Seven', 78, 0, 1),
(1883, 'Elan', 'Elan', 'Elan', 78, 0, 1),
(1884, 'Elite', 'Elite', 'Elite', 78, 0, 1),
(1885, 'Exige', 'Exige', 'Exige', 78, 0, 1),
(1886, '72', '72', '72', 78, 0, 1),
(1887, 'Elise', 'Elise', 'Elise', 78, 0, 1),
(1888, 'Eclat', 'Eclat', 'Eclat', 78, 0, 1),
(1889, 'Evora', 'Evora', 'Evora', 78, 0, 1),
(1890, '25', '25', '25', 78, 0, 1),
(1891, 'Europa', 'Europa', 'Europa', 78, 0, 1),
(1892, 'M250', 'M250', 'M250', 78, 0, 1),
(1893, '33', '33', '33', 78, 0, 1),
(1894, '79', '79', '79', 78, 0, 1),
(1895, 'Excel', 'Excel', 'Excel', 78, 0, 1),
(1896, '49', '49', '49', 78, 0, 1),
(1897, 'Extreme', 'Extreme', 'Extreme', 78, 0, 1),
(1898, '11', '11', '11', 78, 0, 1),
(1899, '16', '16', '16', 78, 0, 1),
(1900, 'Carlton', 'Carlton', 'Carlton', 78, 0, 1),
(1901, 'Emme', 'Emme', 'Emme', 78, 0, 1),
(1902, '340 R', '340 R', '340 R', 78, 0, 1),
(1903, 'GT 1', 'GT 1', 'GT 1', 78, 0, 1),
(1904, 'XI Le Mans', 'XI Le Mans', 'XI Le Mans', 78, 0, 1),
(1905, 'Etna', 'Etna', 'Etna', 78, 0, 1),
(1906, 'Luxgen7', 'Luxgen7', 'Luxgen7', 79, 0, 1),
(1907, 'Scorpio', 'Scorpio', 'Scorpio', 80, 0, 1),
(1908, 'Armada', 'Armada', 'Armada', 80, 0, 1),
(1909, 'Bolero', 'Bolero', 'Bolero', 80, 0, 1),
(1910, 'Commander', 'Commander', 'Commander', 80, 0, 1),
(1911, 'CL', 'CL', 'CL', 80, 0, 1),
(1912, 'TSO', 'TSO', 'TSO', 81, 0, 1),
(1913, 'Ugly Duckling', 'Ugly Duckling', 'Ugly Duckling', 81, 0, 1),
(1914, 'Mantara', 'Mantara', 'Mantara', 81, 0, 1),
(1915, 'Mantula', 'Mantula', 'Mantula', 81, 0, 1),
(1916, 'Mini Marcos', 'Mini Marcos', 'Mini Marcos', 81, 0, 1),
(1917, '2 Litres', '2 Litres', '2 Litres', 81, 0, 1),
(1918, 'Mantis', 'Mantis', 'Mantis', 81, 0, 1),
(1919, 'GTS', 'GTS', 'GTS', 81, 0, 1),
(1920, '1500', '1500', '1500', 81, 0, 1),
(1921, '1800', '1800', '1800', 81, 0, 1),
(1922, '1600', '1600', '1600', 81, 0, 1),
(1923, 'GT', 'GT', 'GT', 81, 0, 1),
(1924, 'Le Mans 500', 'Le Mans 500', 'Le Mans 500', 81, 0, 1),
(1925, 'TS', 'TS', 'TS', 81, 0, 1),
(1926, 'TS500', 'TS500', 'TS500', 81, 0, 1),
(1927, 'Merak', 'Merak', 'Merak', 82, 0, 1),
(1928, 'Royale', 'Royale', 'Royale', 82, 0, 1),
(1929, 'Bi Turbo', 'Bi Turbo', 'Bi Turbo', 82, 0, 1),
(1930, 'Khamsin', 'Khamsin', 'Khamsin', 82, 0, 1),
(1931, 'Quattroporte', 'Quattroporte', 'Quattroporte', 82, 0, 1),
(1932, 'A6G', 'A6G', 'A6G', 82, 0, 1),
(1933, 'Spyder', 'Spyder', 'Spyder', 82, 0, 1),
(1934, 'Coupe', 'Coupe', 'Coupe', 82, 0, 1),
(1935, 'Kubang', 'Kubang', 'Kubang', 82, 0, 1),
(1936, 'Kyalami', 'Kyalami', 'Kyalami', 82, 0, 1),
(1937, 'Tipo 64', 'Tipo 64', 'Tipo 64', 82, 0, 1),
(1938, 'Ghibli', 'Ghibli', 'Ghibli', 82, 0, 1),
(1939, '350S', '350S', '350S', 82, 0, 1),
(1940, '420', '420', '420', 82, 0, 1),
(1941, 'Indy', 'Indy', 'Indy', 82, 0, 1),
(1942, '450', '450', '450', 82, 0, 1),
(1943, '151', '151', '151', 82, 0, 1),
(1944, 'Shamal', 'Shamal', 'Shamal', 82, 0, 1),
(1945, '300', '300', '300', 82, 0, 1),
(1946, '4CLT', '4CLT', '4CLT', 82, 0, 1),
(1947, '5000 GT', '5000 GT', '5000 GT', 82, 0, 1),
(1948, 'GranSport', 'GranSport', 'GranSport', 82, 0, 1),
(1949, 'Mexico', 'Mexico', 'Mexico', 82, 0, 1),
(1950, '228', '228', '228', 82, 0, 1),
(1951, 'GT', 'GT', 'GT', 82, 0, 1),
(1952, '3500', '3500', '3500', 82, 0, 1),
(1953, '8', '8', '8', 82, 0, 1),
(1954, 'Auge', 'Auge', 'Auge', 82, 0, 1),
(1955, '250', '250', '250', 82, 0, 1),
(1956, 'Mistral', 'Mistral', 'Mistral', 82, 0, 1),
(1957, '4', '4', '4', 82, 0, 1),
(1958, 'MC12', 'MC12', 'MC12', 82, 0, 1),
(1959, 'A6GCS', 'A6GCS', 'A6GCS', 82, 0, 1),
(1960, 'Bora', 'Bora', 'Bora', 82, 0, 1),
(1961, '4CL', '4CL', '4CL', 82, 0, 1),
(1962, '6C', '6C', '6C', 82, 0, 1),
(1963, 'Tipo 60', 'Tipo 60', 'Tipo 60', 82, 0, 1),
(1964, 'A6GCM', 'A6GCM', 'A6GCM', 82, 0, 1),
(1965, 'Spider 3500', 'Spider 3500', 'Spider 3500', 82, 0, 1),
(1966, '150S', '150S', '150S', 82, 0, 1),
(1967, 'Tipo 65', 'Tipo 65', 'Tipo 65', 82, 0, 1),
(1968, 'A6', 'A6', 'A6', 82, 0, 1),
(1969, '3200 GT', '3200 GT', '3200 GT', 82, 0, 1),
(1970, 'Tipo 61', 'Tipo 61', 'Tipo 61', 82, 0, 1),
(1971, '8CL', '8CL', '8CL', 82, 0, 1),
(1972, 'Gran Turismo 3500', 'Gran Turismo 3500', 'Gran Turismo 3500', 82, 0, 1),
(1973, 'Simun', 'Simun', 'Simun', 82, 0, 1),
(1974, '124', '124', '124', 82, 0, 1),
(1975, 'Boomerang', 'Boomerang', 'Boomerang', 82, 0, 1),
(1976, '420M', '420M', '420M', 82, 0, 1),
(1977, 'Barchetta Straale', 'Barchetta Straale', 'Barchetta Straale', 82, 0, 1),
(1978, '430', '430', '430', 82, 0, 1),
(1979, '8CLT', '8CLT', '8CLT', 82, 0, 1),
(1980, 'V8 GranSport', 'V8 GranSport', 'V8 GranSport', 82, 0, 1),
(1981, 'GT 3500', 'GT 3500', 'GT 3500', 82, 0, 1),
(1982, 'GranTurismo', 'GranTurismo', 'GranTurismo', 82, 0, 1),
(1983, 'Gran Turismo', 'Gran Turismo', 'Gran Turismo', 82, 0, 1),
(1984, 'GranTurismo Convertible', 'GranTurismo Convertible', 'GranTurismo Convertible', 82, 0, 1),
(1985, 'Murena', 'Murena', 'Murena', 83, 0, 1),
(1986, 'Rancho', 'Rancho', 'Rancho', 83, 0, 1),
(1987, 'Bagheera', 'Bagheera', 'Bagheera', 83, 0, 1),
(1988, 'M630', 'M630', 'M630', 83, 0, 1),
(1989, 'D Jet', 'D Jet', 'D Jet', 83, 0, 1),
(1990, 'M530', 'M530', 'M530', 83, 0, 1),
(1991, 'M72', 'M72', 'M72', 83, 0, 1),
(1992, 'M650', 'M650', 'M650', 83, 0, 1),
(1993, 'M670', 'M670', 'M670', 83, 0, 1),
(1994, 'M660', 'M660', 'M660', 83, 0, 1),
(1995, 'M25', 'M25', 'M25', 83, 0, 1),
(1996, '57', '57', '57', 84, 0, 1),
(1997, '62', '62', '62', 84, 0, 1),
(1998, 'SW', 'SW', 'SW', 84, 0, 1),
(1999, 'Landaulet', 'Landaulet', 'Landaulet', 84, 0, 1),
(2000, 'Carol', 'Carol', 'Carol', 85, 0, 1),
(2001, '3', '3', '3', 85, 0, 1),
(2002, '121', '121', '121', 85, 0, 1),
(2003, 'MPV', 'MPV', 'MPV', 85, 0, 1),
(2004, 'CX-9', 'CX-9', 'CX-9', 85, 0, 1),
(2005, '6', '6', '6', 85, 0, 1),
(2006, '323', '323', '323', 85, 0, 1),
(2007, 'MX-5 Miata', 'MX-5 Miata', 'MX-5 Miata', 85, 0, 1),
(2008, 'Familia', 'Familia', 'Familia', 85, 0, 1),
(2009, 'B3000', 'B3000', 'B3000', 85, 0, 1),
(2010, 'B2300', 'B2300', 'B2300', 85, 0, 1),
(2011, 'Spiano', 'Spiano', 'Spiano', 85, 0, 1),
(2012, 'RX-01', 'RX-01', 'RX-01', 85, 0, 1),
(2013, 'Cosmo', 'Cosmo', 'Cosmo', 85, 0, 1),
(2014, '626', '626', '626', 85, 0, 1),
(2015, '2', '2', '2', 85, 0, 1),
(2016, 'MS-9', 'MS-9', 'MS-9', 85, 0, 1),
(2017, 'Demio', 'Demio', 'Demio', 85, 0, 1),
(2018, 'RX-8', 'RX-8', 'RX-8', 85, 0, 1),
(2019, 'RX-2', 'RX-2', 'RX-2', 85, 0, 1),
(2020, '1000', '1000', '1000', 85, 0, 1),
(2021, 'MX-Flexa', 'MX-Flexa', 'MX-Flexa', 85, 0, 1),
(2022, '929', '929', '929', 85, 0, 1),
(2023, 'Tribute', 'Tribute', 'Tribute', 85, 0, 1),
(2024, 'Xedos 9', 'Xedos 9', 'Xedos 9', 85, 0, 1),
(2025, 'RX 4 Coupe', 'RX 4 Coupe', 'RX 4 Coupe', 85, 0, 1),
(2026, 'Drifter', 'Drifter', 'Drifter', 85, 0, 1),
(2027, '5', '5', '5', 85, 0, 1),
(2028, 'B4000', 'B4000', 'B4000', 85, 0, 1),
(2029, 'Lantis', 'Lantis', 'Lantis', 85, 0, 1),
(2030, 'Premacy', 'Premacy', 'Premacy', 85, 0, 1),
(2031, 'Montrose', 'Montrose', 'Montrose', 85, 0, 1),
(2032, 'CX-7', 'CX-7', 'CX-7', 85, 0, 1),
(2033, 'RX-3', 'RX-3', 'RX-3', 85, 0, 1),
(2034, 'MX-3', 'MX-3', 'MX-3', 85, 0, 1),
(2035, 'Etude', 'Etude', 'Etude', 85, 0, 1),
(2036, 'RX-7', 'RX-7', 'RX-7', 85, 0, 1),
(2037, 'R 360', 'R 360', 'R 360', 85, 0, 1),
(2038, '110 S', '110 S', '110 S', 85, 0, 1),
(2039, '616', '616', '616', 85, 0, 1),
(2040, 'MazdaSpeed3', 'MazdaSpeed3', 'MazdaSpeed3', 85, 0, 1),
(2041, 'MS-6', 'MS-6', 'MS-6', 85, 0, 1),
(2042, 'B2500', 'B2500', 'B2500', 85, 0, 1),
(2043, 'Levante', 'Levante', 'Levante', 85, 0, 1),
(2044, 'BT-50', 'BT-50', 'BT-50', 85, 0, 1),
(2045, '818', '818', '818', 85, 0, 1),
(2046, 'RX-4', 'RX-4', 'RX-4', 85, 0, 1),
(2047, 'AZ', 'AZ', 'AZ', 85, 0, 1),
(2048, 'Midge', 'Midge', 'Midge', 85, 0, 1),
(2049, 'MS-8', 'MS-8', 'MS-8', 85, 0, 1),
(2050, 'Eunos', 'Eunos', 'Eunos', 85, 0, 1),
(2051, 'Millenia', 'Millenia', 'Millenia', 85, 0, 1),
(2052, 'Luce', 'Luce', 'Luce', 85, 0, 1),
(2053, 'Chante', 'Chante', 'Chante', 85, 0, 1),
(2054, 'R-100', 'R-100', 'R-100', 85, 0, 1),
(2055, 'MazdaSpeed6', 'MazdaSpeed6', 'MazdaSpeed6', 85, 0, 1),
(2056, 'Washu', 'Washu', 'Washu', 85, 0, 1),
(2057, 'Persona', 'Persona', 'Persona', 85, 0, 1),
(2058, 'MX', 'MX', 'MX', 85, 0, 1),
(2059, 'DrifterX', 'DrifterX', 'DrifterX', 85, 0, 1),
(2060, 'Sport Wagon', 'Sport Wagon', 'Sport Wagon', 85, 0, 1),
(2061, 'MX-6', 'MX-6', 'MX-6', 85, 0, 1),
(2062, 'Laputa', 'Laputa', 'Laputa', 85, 0, 1),
(2063, 'Sentia', 'Sentia', 'Sentia', 85, 0, 1),
(2064, 'Activehicle', 'Activehicle', 'Activehicle', 85, 0, 1),
(2065, 'RX-Evolv', 'RX-Evolv', 'RX-Evolv', 85, 0, 1),
(2066, 'Rustler', 'Rustler', 'Rustler', 85, 0, 1),
(2067, 'Roadster', 'Roadster', 'Roadster', 85, 0, 1),
(2068, 'AZ-1', 'AZ-1', 'AZ-1', 85, 0, 1),
(2069, 'Brown Collection Verisa', 'Brown Collection Verisa', 'Brown Collection Verisa', 85, 0, 1),
(2070, 'Protege', 'Protege', 'Protege', 85, 0, 1),
(2071, 'Atenza', 'Atenza', 'Atenza', 85, 0, 1),
(2072, 'Marathon', 'Marathon', 'Marathon', 85, 0, 1),
(2073, 'CU-X', 'CU-X', 'CU-X', 85, 0, 1),
(2074, '787', '787', '787', 85, 0, 1),
(2075, 'SW-X', 'SW-X', 'SW-X', 85, 0, 1),
(2076, 'Kusabi', 'Kusabi', 'Kusabi', 85, 0, 1),
(2077, 'RX Evolv', 'RX Evolv', 'RX Evolv', 85, 0, 1),
(2078, 'CX-5', 'CX-5', 'CX-5', 85, 0, 1),
(2079, 'CX-05', 'CX-05', 'CX-05', 85, 0, 1),
(2080, 'CX-09', 'CX-09', 'CX-09', 85, 0, 1),
(2081, 'SPEED3', 'SPEED3', 'SPEED3', 85, 0, 1),
(2082, 'MAZDA2', 'MAZDA2', 'MAZDA2', 85, 0, 1),
(2083, 'MAZDA3', 'MAZDA3', 'MAZDA3', 85, 0, 1),
(2084, 'MAZDA6', 'MAZDA6', 'MAZDA6', 85, 0, 1),
(2085, 'Mazda5', 'Mazda5', 'Mazda5', 85, 0, 1),
(2086, 'Crossblade', 'Crossblade', 'Crossblade', 86, 0, 1),
(2087, 'ForTwo', 'ForTwo', 'ForTwo', 86, 0, 1),
(2088, 'ForFour', 'ForFour', 'ForFour', 86, 0, 1),
(2089, 'Smart', 'Smart', 'Smart', 86, 0, 1),
(2090, 'Smart & Pulse City Coupe', 'Smart & Pulse City Coupe', 'Smart & Pulse City Coupe', 86, 0, 1),
(2091, 'Silverpulse', 'Silverpulse', 'Silverpulse', 86, 0, 1),
(2092, 'F1 GTR', 'F1 GTR', 'F1 GTR', 87, 0, 1),
(2093, 'M21', 'M21', 'M21', 87, 0, 1),
(2094, 'MP4', 'MP4', 'MP4', 87, 0, 1),
(2095, 'M23', 'M23', 'M23', 87, 0, 1),
(2096, 'F1', 'F1', 'F1', 87, 0, 1),
(2097, 'M1C', 'M1C', 'M1C', 87, 0, 1),
(2098, 'M8E', 'M8E', 'M8E', 87, 0, 1),
(2099, 'M19', 'M19', 'M19', 87, 0, 1),
(2100, 'M14', 'M14', 'M14', 87, 0, 1),
(2101, 'F1 LM', 'F1 LM', 'F1 LM', 87, 0, 1),
(2102, 'M10', 'M10', 'M10', 87, 0, 1),
(2103, 'MP4-12C', 'MP4-12C', 'MP4-12C', 87, 0, 1),
(2104, 'P1', 'P1', 'P1', 87, 0, 1),
(2105, '650S Spider', '650S Spider', '650S Spider', 87, 0, 1),
(2106, '650S Coupe', '650S Coupe', '650S Coupe', 87, 0, 1),
(2107, 'W 136', 'W 136', 'W 136', 88, 0, 1),
(2108, 'A', 'A', 'A', 88, 0, 1),
(2109, '300D', '300D', '300D', 88, 0, 1),
(2110, 'E', 'E', 'E', 88, 0, 1),
(2111, 'CLK', 'CLK', 'CLK', 88, 0, 1),
(2112, '200', '200', '200', 88, 0, 1),
(2113, 'S', 'S', 'S', 88, 0, 1),
(2114, 'C', 'C', 'C', 88, 0, 1),
(2115, '250', '250', '250', 88, 0, 1),
(2116, 'G', 'G', 'G', 88, 0, 1),
(2117, '500', '500', '500', 88, 0, 1),
(2118, 'CLS', 'CLS', 'CLS', 88, 0, 1),
(2119, 'SL', 'SL', 'SL', 88, 0, 1),
(2120, 'ML', 'ML', 'ML', 88, 0, 1),
(2121, 'Vision', 'Vision', 'Vision', 88, 0, 1),
(2122, 'SLK', 'SLK', 'SLK', 88, 0, 1),
(2123, '300', '300', '300', 88, 0, 1),
(2124, 'R', 'R', 'R', 88, 0, 1),
(2125, 'SLR McLaren', 'SLR McLaren', 'SLR McLaren', 88, 0, 1),
(2126, '220', '220', '220', 88, 0, 1),
(2127, 'CLK GTR', 'CLK GTR', 'CLK GTR', 88, 0, 1),
(2128, 'GL', 'GL', 'GL', 88, 0, 1),
(2129, 'B', 'B', 'B', 88, 0, 1),
(2130, '260', '260', '260', 88, 0, 1),
(2131, 'CL', 'CL', 'CL', 88, 0, 1),
(2132, 'Viano', 'Viano', 'Viano', 88, 0, 1),
(2133, 'W 111', 'W 111', 'W 111', 88, 0, 1),
(2134, '380', '380', '380', 88, 0, 1),
(2135, 'Sprinter', 'Sprinter', 'Sprinter', 88, 0, 1),
(2136, '190', '190', '190', 88, 0, 1),
(2137, 'Vaneo', 'Vaneo', 'Vaneo', 88, 0, 1),
(2138, 'CK', 'CK', 'CK', 88, 0, 1),
(2139, '240', '240', '240', 88, 0, 1),
(2140, '219', '219', '219', 88, 0, 1),
(2141, 'W 123 Coupe', 'W 123 Coupe', 'W 123 Coupe', 88, 0, 1),
(2142, 'SE', 'SE', 'SE', 88, 0, 1),
(2143, '600', '600', '600', 88, 0, 1),
(2144, 'C 111', 'C 111', 'C 111', 88, 0, 1),
(2145, '320', '320', '320', 88, 0, 1),
(2146, 'T', 'T', 'T', 88, 0, 1),
(2147, 'V', 'V', 'V', 88, 0, 1),
(2148, '280', '280', '280', 88, 0, 1),
(2149, 'MCC', 'MCC', 'MCC', 88, 0, 1),
(2150, 'Swatch', 'Swatch', 'Swatch', 88, 0, 1),
(2151, '230', '230', '230', 88, 0, 1),
(2152, 'E500', 'E500', 'E500', 88, 0, 1),
(2153, '560', '560', '560', 88, 0, 1),
(2154, '170S', '170S', '170S', 88, 0, 1),
(2155, '350', '350', '350', 88, 0, 1),
(2156, 'Bionic Car Concept', 'Bionic Car Concept', 'Bionic Car Concept', 88, 0, 1),
(2157, 'Vito', 'Vito', 'Vito', 88, 0, 1),
(2158, '420', '420', '420', 88, 0, 1),
(2159, '230.4', '230.4', '230.4', 88, 0, 1),
(2160, 'SC', 'SC', 'SC', 88, 0, 1),
(2161, '450', '450', '450', 88, 0, 1),
(2162, '180', '180', '180', 88, 0, 1),
(2163, 'Ponton', 'Ponton', 'Ponton', 88, 0, 1),
(2164, 'C 112', 'C 112', 'C 112', 88, 0, 1),
(2165, 'CLC', 'CLC', 'CLC', 88, 0, 1),
(2166, '770', '770', '770', 88, 0, 1),
(2167, 'GLK', 'GLK', 'GLK', 88, 0, 1),
(2168, '300S', '300S', '300S', 88, 0, 1),
(2169, 'Version Longue', 'Version Longue', 'Version Longue', 88, 0, 1),
(2170, 'W 110', 'W 110', 'W 110', 88, 0, 1),
(2171, 'T V-12', 'T V-12', 'T V-12', 88, 0, 1),
(2172, '400', '400', '400', 88, 0, 1),
(2173, 'Studie', 'Studie', 'Studie', 88, 0, 1),
(2174, 'C30', 'C30', 'C30', 88, 0, 1),
(2175, '170 V', '170 V', '170 V', 88, 0, 1),
(2176, 'W 196', 'W 196', 'W 196', 88, 0, 1),
(2177, '300B', '300B', '300B', 88, 0, 1),
(2178, 'CW', 'CW', 'CW', 88, 0, 1),
(2179, 'CLK LM', 'CLK LM', 'CLK LM', 88, 0, 1),
(2180, 'F300 Life Jet', 'F300 Life Jet', 'F300 Life Jet', 88, 0, 1),
(2181, 'F200', 'F200', 'F200', 88, 0, 1),
(2182, 'E420', 'E420', 'E420', 88, 0, 1),
(2183, 'Smart', 'Smart', 'Smart', 88, 0, 1),
(2184, 'SLS', 'SLS', 'SLS', 88, 0, 1),
(2185, 'M', 'M', 'M', 88, 0, 1),
(2186, 'C-Class', 'C-Class', 'C-Class', 88, 0, 1),
(2187, 'CLA-Class', 'CLA-Class', 'CLA-Class', 88, 0, 1),
(2188, 'CL-Class', 'CL-Class', 'CL-Class', 88, 0, 1),
(2189, 'CLS-Class', 'CLS-Class', 'CLS-Class', 88, 0, 1),
(2190, 'E-Class', 'E-Class', 'E-Class', 88, 0, 1),
(2191, 'G-Class', 'G-Class', 'G-Class', 88, 0, 1),
(2192, 'GL-Class', 'GL-Class', 'GL-Class', 88, 0, 1),
(2193, 'GLK-Class', 'GLK-Class', 'GLK-Class', 88, 0, 1),
(2194, 'M-Class', 'M-Class', 'M-Class', 88, 0, 1),
(2195, 'S-Class', 'S-Class', 'S-Class', 88, 0, 1),
(2196, 'SL-Class', 'SL-Class', 'SL-Class', 88, 0, 1),
(2197, 'SLK-Class', 'SLK-Class', 'SLK-Class', 88, 0, 1),
(2198, 'SLS AMG GT', 'SLS AMG GT', 'SLS AMG GT', 88, 0, 1),
(2199, 'GLA-Class', 'GLA-Class', 'GLA-Class', 88, 0, 1),
(2200, 'SLS AMG GT Final Edition', 'SLS AMG GT Final Edition', 'SLS AMG GT Final Edition', 88, 0, 1),
(2201, 'Montego', 'Montego', 'Montego', 89, 0, 1),
(2202, 'Cougar', 'Cougar', 'Cougar', 89, 0, 1),
(2203, 'Mountaineer', 'Mountaineer', 'Mountaineer', 89, 0, 1),
(2204, 'Grand Marquis', 'Grand Marquis', 'Grand Marquis', 89, 0, 1),
(2205, 'Sable', 'Sable', 'Sable', 89, 0, 1),
(2206, 'Mariner', 'Mariner', 'Mariner', 89, 0, 1),
(2207, 'Milan', 'Milan', 'Milan', 89, 0, 1),
(2208, 'Tracer', 'Tracer', 'Tracer', 89, 0, 1),
(2209, 'Comet', 'Comet', 'Comet', 89, 0, 1),
(2210, 'Monterey', 'Monterey', 'Monterey', 89, 0, 1),
(2211, 'Mystique', 'Mystique', 'Mystique', 89, 0, 1),
(2212, 'LN7', 'LN7', 'LN7', 89, 0, 1),
(2213, 'Cyclone', 'Cyclone', 'Cyclone', 89, 0, 1),
(2214, 'Marauder', 'Marauder', 'Marauder', 89, 0, 1),
(2215, 'Capri', 'Capri', 'Capri', 89, 0, 1),
(2216, 'MC4', 'MC4', 'MC4', 89, 0, 1),
(2217, 'Antser', 'Antser', 'Antser', 89, 0, 1),
(2218, 'Villager', 'Villager', 'Villager', 89, 0, 1),
(2219, 'Montclair', 'Montclair', 'Montclair', 89, 0, 1);
INSERT INTO `property_category` (`id`, `name`, `ar`, `ku`, `car_brand_id`, `car_year`, `published`) VALUES
(2220, 'El Gato', 'El Gato', 'El Gato', 89, 0, 1),
(2221, 'Lynx', 'Lynx', 'Lynx', 89, 0, 1),
(2222, 'Park Lane', 'Park Lane', 'Park Lane', 89, 0, 1),
(2223, 'Roadster', 'Roadster', 'Roadster', 89, 0, 1),
(2224, 'Brougham', 'Brougham', 'Brougham', 89, 0, 1),
(2225, 'MGB', 'MGB', 'MGB', 90, 0, 1),
(2226, 'XPower', 'XPower', 'XPower', 90, 0, 1),
(2227, 'ZT-T', 'ZT-T', 'ZT-T', 90, 0, 1),
(2228, 'ZR', 'ZR', 'ZR', 90, 0, 1),
(2229, 'Midget', 'Midget', 'Midget', 90, 0, 1),
(2230, 'TF', 'TF', 'TF', 90, 0, 1),
(2231, 'ZT', 'ZT', 'ZT', 90, 0, 1),
(2232, 'ZS', 'ZS', 'ZS', 90, 0, 1),
(2233, 'RV8', 'RV8', 'RV8', 90, 0, 1),
(2234, 'MGC', 'MGC', 'MGC', 90, 0, 1),
(2235, 'MGA', 'MGA', 'MGA', 90, 0, 1),
(2236, 'EX-E', 'EX-E', 'EX-E', 90, 0, 1),
(2237, 'TD', 'TD', 'TD', 90, 0, 1),
(2238, 'Magnett', 'Magnett', 'Magnett', 90, 0, 1),
(2239, '1100', '1100', '1100', 90, 0, 1),
(2240, 'YB', 'YB', 'YB', 90, 0, 1),
(2241, 'X10', 'X10', 'X10', 90, 0, 1),
(2242, 'Rover', 'Rover', 'Rover', 90, 0, 1),
(2243, 'X20', 'X20', 'X20', 90, 0, 1),
(2244, 'X80', 'X80', 'X80', 90, 0, 1),
(2245, 'One', 'One', 'One', 91, 0, 1),
(2246, 'Cooper', 'Cooper', 'Cooper', 91, 0, 1),
(2247, 'MK IV', 'MK IV', 'MK IV', 91, 0, 1),
(2248, 'Clubman', 'Clubman', 'Clubman', 91, 0, 1),
(2249, 'MK V', 'MK V', 'MK V', 91, 0, 1),
(2250, 'MK VI', 'MK VI', 'MK VI', 91, 0, 1),
(2251, 'MK III', 'MK III', 'MK III', 91, 0, 1),
(2252, 'Countryman', 'Countryman', 'Countryman', 91, 0, 1),
(2253, 'MK I', 'MK I', 'MK I', 91, 0, 1),
(2254, 'MK VII', 'MK VII', 'MK VII', 91, 0, 1),
(2255, 'MK II', 'MK II', 'MK II', 91, 0, 1),
(2256, 'Cooper Clubman', 'Cooper Clubman', 'Cooper Clubman', 91, 0, 1),
(2257, 'Cooper Countryman', 'Cooper Countryman', 'Cooper Countryman', 91, 0, 1),
(2258, 'Cooper Coupe', 'Cooper Coupe', 'Cooper Coupe', 91, 0, 1),
(2259, 'Cooper Roadster', 'Cooper Roadster', 'Cooper Roadster', 91, 0, 1),
(2260, 'Cooper ', 'Cooper ', 'Cooper ', 91, 0, 1),
(2261, 'Coupe', 'Coupe', 'Coupe', 91, 0, 1),
(2262, 'Roadster', 'Roadster', 'Roadster', 91, 0, 1),
(2263, 'Cooper Paceman', 'Cooper Paceman', 'Cooper Paceman', 91, 0, 1),
(2264, 'Galant', 'Galant', 'Galant', 92, 0, 1),
(2265, 'Debonair', 'Debonair', 'Debonair', 92, 0, 1),
(2266, 'Space Wagon', 'Space Wagon', 'Space Wagon', 92, 0, 1),
(2267, 'Pajero', 'Pajero', 'Pajero', 92, 0, 1),
(2268, 'Jeep', 'Jeep', 'Jeep', 92, 0, 1),
(2269, 'Magna', 'Magna', 'Magna', 92, 0, 1),
(2270, 'Eclipse', 'Eclipse', 'Eclipse', 92, 0, 1),
(2271, 'Celeste', 'Celeste', 'Celeste', 92, 0, 1),
(2272, 'Verada', 'Verada', 'Verada', 92, 0, 1),
(2273, 'Lancer', 'Lancer', 'Lancer', 92, 0, 1),
(2274, 'Space Runner', 'Space Runner', 'Space Runner', 92, 0, 1),
(2275, 'Outlander', 'Outlander', 'Outlander', 92, 0, 1),
(2276, 'Diamante', 'Diamante', 'Diamante', 92, 0, 1),
(2277, '3000GT', '3000GT', '3000GT', 92, 0, 1),
(2278, 'SST', 'SST', 'SST', 92, 0, 1),
(2279, 'L 200', 'L 200', 'L 200', 92, 0, 1),
(2280, 'Colt', 'Colt', 'Colt', 92, 0, 1),
(2281, 'Minica', 'Minica', 'Minica', 92, 0, 1),
(2282, 'Proudia', 'Proudia', 'Proudia', 92, 0, 1),
(2283, 'Dion', 'Dion', 'Dion', 92, 0, 1),
(2284, 'A10', 'A10', 'A10', 92, 0, 1),
(2285, 'Montero', 'Montero', 'Montero', 92, 0, 1),
(2286, 'Starion', 'Starion', 'Starion', 92, 0, 1),
(2287, 'eK', 'eK', 'eK', 92, 0, 1),
(2288, 'Endeavor', 'Endeavor', 'Endeavor', 92, 0, 1),
(2289, 'Grandis', 'Grandis', 'Grandis', 92, 0, 1),
(2290, 'Carisma', 'Carisma', 'Carisma', 92, 0, 1),
(2291, 'Valley', 'Valley', 'Valley', 92, 0, 1),
(2292, 'Space Star', 'Space Star', 'Space Star', 92, 0, 1),
(2293, 'Sapporo', 'Sapporo', 'Sapporo', 92, 0, 1),
(2294, 'Sigma', 'Sigma', 'Sigma', 92, 0, 1),
(2295, 'Gaus', 'Gaus', 'Gaus', 92, 0, 1),
(2296, 'SUW', 'SUW', 'SUW', 92, 0, 1),
(2297, 'Nessie', 'Nessie', 'Nessie', 92, 0, 1),
(2298, 'Raider', 'Raider', 'Raider', 92, 0, 1),
(2299, 'Delica Space Gear', 'Delica Space Gear', 'Delica Space Gear', 92, 0, 1),
(2300, 'Space Liner', 'Space Liner', 'Space Liner', 92, 0, 1),
(2301, 'Dingo', 'Dingo', 'Dingo', 92, 0, 1),
(2302, '500', '500', '500', 92, 0, 1),
(2303, 'Challenger', 'Challenger', 'Challenger', 92, 0, 1),
(2304, 'SSS', 'SSS', 'SSS', 92, 0, 1),
(2305, 'Mum 500', 'Mum 500', 'Mum 500', 92, 0, 1),
(2306, 'Field Guard', 'Field Guard', 'Field Guard', 92, 0, 1),
(2307, 'ASX', 'ASX', 'ASX', 92, 0, 1),
(2308, 'FTO', 'FTO', 'FTO', 92, 0, 1),
(2309, 'RPM 7000', 'RPM 7000', 'RPM 7000', 92, 0, 1),
(2310, 'GTO', 'GTO', 'GTO', 92, 0, 1),
(2311, 'SUP', 'SUP', 'SUP', 92, 0, 1),
(2312, 'HSR-V', 'HSR-V', 'HSR-V', 92, 0, 1),
(2313, 'Shogun Pinin', 'Shogun Pinin', 'Shogun Pinin', 92, 0, 1),
(2314, 'SSU', 'SSU', 'SSU', 92, 0, 1),
(2315, 'i-MiEV', 'i-MiEV', 'i-MiEV', 92, 0, 1),
(2316, 'Shogun', 'Shogun', 'Shogun', 92, 0, 1),
(2317, 'RVR', 'RVR', 'RVR', 92, 0, 1),
(2318, 'Lancer Evolution', 'Lancer Evolution', 'Lancer Evolution', 92, 0, 1),
(2319, 'Lancer Sportback', 'Lancer Sportback', 'Lancer Sportback', 92, 0, 1),
(2320, 'Mirage', 'Mirage', 'Mirage', 92, 0, 1),
(2321, 'Outlander Sport', 'Outlander Sport', 'Outlander Sport', 92, 0, 1),
(2322, 'Sahara', 'Sahara', 'Sahara', 93, 0, 1),
(2323, 'Sierra', 'Sierra', 'Sierra', 93, 0, 1),
(2324, 'Hai 450', 'Hai 450', 'Hai 450', 93, 0, 1),
(2325, 'Safari', 'Safari', 'Safari', 93, 0, 1),
(2326, '2000', '2000', '2000', 93, 0, 1),
(2327, 'Berlinetta', 'Berlinetta', 'Berlinetta', 93, 0, 1),
(2328, '375', '375', '375', 93, 0, 1),
(2329, 'High Speed 375', 'High Speed 375', 'High Speed 375', 93, 0, 1),
(2330, '400', '400', '400', 93, 0, 1),
(2331, 'Tiara', 'Tiara', 'Tiara', 93, 0, 1),
(2332, 'Hai 375', 'Hai 375', 'Hai 375', 93, 0, 1),
(2333, 'Military 250 Z Zivil', 'Military 250 Z Zivil', 'Military 250 Z Zivil', 93, 0, 1),
(2334, 'Hai 650', 'Hai 650', 'Hai 650', 93, 0, 1),
(2335, '750S Berlina', '750S Berlina', '750S Berlina', 94, 0, 1),
(2336, '1200', '1200', '1200', 94, 0, 1),
(2337, 'Panoramica', 'Panoramica', 'Panoramica', 94, 0, 1),
(2338, '750', '750', '750', 94, 0, 1),
(2339, '1100', '1100', '1100', 94, 0, 1),
(2340, 'Coupe', 'Coupe', 'Coupe', 94, 0, 1),
(2341, '2500', '2500', '2500', 94, 0, 1),
(2342, 'Spider Turismo', 'Spider Turismo', 'Spider Turismo', 94, 0, 1),
(2343, '127', '127', '127', 94, 0, 1),
(2344, 'S Coupe', 'S Coupe', 'S Coupe', 94, 0, 1),
(2345, '850', '850', '850', 94, 0, 1),
(2346, '500', '500', '500', 94, 0, 1),
(2347, '850S', '850S', '850S', 94, 0, 1),
(2348, 'SS', 'SS', 'SS', 94, 0, 1),
(2349, 'Golden', 'Golden', 'Golden', 94, 0, 1),
(2350, 'La Cita', 'La Cita', 'La Cita', 94, 0, 1),
(2351, '4', '4', '4', 95, 0, 1),
(2352, 'Aero 8', 'Aero 8', 'Aero 8', 95, 0, 1),
(2353, 'Plus 4', 'Plus 4', 'Plus 4', 95, 0, 1),
(2354, 'Plus 4 Plus', 'Plus 4 Plus', 'Plus 4 Plus', 95, 0, 1),
(2355, 'Roadster', 'Roadster', 'Roadster', 95, 0, 1),
(2356, '44', '44', '44', 95, 0, 1),
(2357, 'Aero', 'Aero', 'Aero', 95, 0, 1),
(2358, 'F Super', 'F Super', 'F Super', 95, 0, 1),
(2359, 'Plus 8', 'Plus 8', 'Plus 8', 95, 0, 1),
(2360, '4 Seater', '4 Seater', '4 Seater', 95, 0, 1),
(2361, 'Aeromax', 'Aeromax', 'Aeromax', 95, 0, 1),
(2362, '4 Plus 2100', '4 Plus 2100', '4 Plus 2100', 95, 0, 1),
(2363, 'Minor', 'Minor', 'Minor', 96, 0, 1),
(2364, 'Traveller', 'Traveller', 'Traveller', 96, 0, 1),
(2365, 'Marina', 'Marina', 'Marina', 96, 0, 1),
(2366, 'Oxford', 'Oxford', 'Oxford', 96, 0, 1),
(2367, 'Six', 'Six', 'Six', 96, 0, 1),
(2368, 'Ten Four', 'Ten Four', 'Ten Four', 96, 0, 1),
(2369, 'Cowley', 'Cowley', 'Cowley', 96, 0, 1),
(2370, 'Isis', 'Isis', 'Isis', 96, 0, 1),
(2371, '1800', '1800', '1800', 96, 0, 1),
(2372, '1100', '1100', '1100', 96, 0, 1),
(2373, 'Mini Moke', 'Mini Moke', 'Mini Moke', 96, 0, 1),
(2374, 'Murano', 'Murano', 'Murano', 97, 0, 1),
(2375, 'Laurel', 'Laurel', 'Laurel', 97, 0, 1),
(2376, 'Cherry', 'Cherry', 'Cherry', 97, 0, 1),
(2377, 'X-Trail', 'X-Trail', 'X-Trail', 97, 0, 1),
(2378, 'Armada', 'Armada', 'Armada', 97, 0, 1),
(2379, 'Sentra', 'Sentra', 'Sentra', 97, 0, 1),
(2380, 'Primera', 'Primera', 'Primera', 97, 0, 1),
(2381, 'Pathfinder', 'Pathfinder', 'Pathfinder', 97, 0, 1),
(2382, 'Qashqai', 'Qashqai', 'Qashqai', 97, 0, 1),
(2383, 'Maxima', 'Maxima', 'Maxima', 97, 0, 1),
(2384, 'XVL', 'XVL', 'XVL', 97, 0, 1),
(2385, 'Terrano II', 'Terrano II', 'Terrano II', 97, 0, 1),
(2386, 'Frontier', 'Frontier', 'Frontier', 97, 0, 1),
(2387, 'Bluebird', 'Bluebird', 'Bluebird', 97, 0, 1),
(2388, 'Skyline', 'Skyline', 'Skyline', 97, 0, 1),
(2389, 'Almera', 'Almera', 'Almera', 97, 0, 1),
(2390, 'Micra', 'Micra', 'Micra', 97, 0, 1),
(2391, 'Patrol', 'Patrol', 'Patrol', 97, 0, 1),
(2392, 'Hardbody', 'Hardbody', 'Hardbody', 97, 0, 1),
(2393, 'Altima', 'Altima', 'Altima', 97, 0, 1),
(2394, 'Versa', 'Versa', 'Versa', 97, 0, 1),
(2395, 'Stagea', 'Stagea', 'Stagea', 97, 0, 1),
(2396, 'Cedric', 'Cedric', 'Cedric', 97, 0, 1),
(2397, 'Stanza', 'Stanza', 'Stanza', 97, 0, 1),
(2398, 'Santana', 'Santana', 'Santana', 97, 0, 1),
(2399, '240 C', '240 C', '240 C', 97, 0, 1),
(2400, 'President', 'President', 'President', 97, 0, 1),
(2401, 'Navara', 'Navara', 'Navara', 97, 0, 1),
(2402, 'Sunny', 'Sunny', 'Sunny', 97, 0, 1),
(2403, 'Xterra', 'Xterra', 'Xterra', 97, 0, 1),
(2404, 'Cima', 'Cima', 'Cima', 97, 0, 1),
(2405, 'Tiida', 'Tiida', 'Tiida', 97, 0, 1),
(2406, 'Sedan', 'Sedan', 'Sedan', 97, 0, 1),
(2407, 'Quest', 'Quest', 'Quest', 97, 0, 1),
(2408, 'Lafesta', 'Lafesta', 'Lafesta', 97, 0, 1),
(2409, 'Commercial', 'Commercial', 'Commercial', 97, 0, 1),
(2410, 'Terrano', 'Terrano', 'Terrano', 97, 0, 1),
(2411, 'Violet', 'Violet', 'Violet', 97, 0, 1),
(2412, 'Serena', 'Serena', 'Serena', 97, 0, 1),
(2413, '260 ZX', '260 ZX', '260 ZX', 97, 0, 1),
(2414, 'Titan', 'Titan', 'Titan', 97, 0, 1),
(2415, 'Cefiro', 'Cefiro', 'Cefiro', 97, 0, 1),
(2416, '350Z', '350Z', '350Z', 97, 0, 1),
(2417, 'Pickup', 'Pickup', 'Pickup', 97, 0, 1),
(2418, 'NP300', 'NP300', 'NP300', 97, 0, 1),
(2419, 'Silvia', 'Silvia', 'Silvia', 97, 0, 1),
(2420, 'Crew', 'Crew', 'Crew', 97, 0, 1),
(2421, 'R 390 GT1', 'R 390 GT1', 'R 390 GT1', 97, 0, 1),
(2422, '110', '110', '110', 97, 0, 1),
(2423, 'Livina', 'Livina', 'Livina', 97, 0, 1),
(2424, 'Z', 'Z', 'Z', 97, 0, 1),
(2425, 'Pulsar', 'Pulsar', 'Pulsar', 97, 0, 1),
(2426, 'Rasheen', 'Rasheen', 'Rasheen', 97, 0, 1),
(2427, 'Presea', 'Presea', 'Presea', 97, 0, 1),
(2428, 'Note', 'Note', 'Note', 97, 0, 1),
(2429, '300 ZX', '300 ZX', '300 ZX', 97, 0, 1),
(2430, 'Leopard', 'Leopard', 'Leopard', 97, 0, 1),
(2431, 'Pintara', 'Pintara', 'Pintara', 97, 0, 1),
(2432, 'Chappo', 'Chappo', 'Chappo', 97, 0, 1),
(2433, 'M', 'M', 'M', 97, 0, 1),
(2434, 'Gloria', 'Gloria', 'Gloria', 97, 0, 1),
(2435, '200 SX Silvia', '200 SX Silvia', '200 SX Silvia', 97, 0, 1),
(2436, 'AZ-1', 'AZ-1', 'AZ-1', 97, 0, 1),
(2437, 'MM', 'MM', 'MM', 97, 0, 1),
(2438, 'Rogue', 'Rogue', 'Rogue', 97, 0, 1),
(2439, 'Prairie', 'Prairie', 'Prairie', 97, 0, 1),
(2440, '400 R', '400 R', '400 R', 97, 0, 1),
(2441, 'Vanette', 'Vanette', 'Vanette', 97, 0, 1),
(2442, 'Mid4', 'Mid4', 'Mid4', 97, 0, 1),
(2443, 'R 391', 'R 391', 'R 391', 97, 0, 1),
(2444, 'GT-R', 'GT-R', 'GT-R', 97, 0, 1),
(2445, 'Cube', 'Cube', 'Cube', 97, 0, 1),
(2446, 'Avenir', 'Avenir', 'Avenir', 97, 0, 1),
(2447, '1400', '1400', '1400', 97, 0, 1),
(2448, 'Fairlady', 'Fairlady', 'Fairlady', 97, 0, 1),
(2449, 'Sport', 'Sport', 'Sport', 97, 0, 1),
(2450, 'El Grand', 'El Grand', 'El Grand', 97, 0, 1),
(2451, 'Interstar', 'Interstar', 'Interstar', 97, 0, 1),
(2452, '100 NX', '100 NX', '100 NX', 97, 0, 1),
(2453, '211', '211', '211', 97, 0, 1),
(2454, 'Platina', 'Platina', 'Platina', 97, 0, 1),
(2455, '270 R', '270 R', '270 R', 97, 0, 1),
(2456, 'E20', 'E20', 'E20', 97, 0, 1),
(2457, 'AA-X', 'AA-X', 'AA-X', 97, 0, 1),
(2458, 'Alpha', 'Alpha', 'Alpha', 97, 0, 1),
(2459, 'Grand Livina', 'Grand Livina', 'Grand Livina', 97, 0, 1),
(2460, '370Z', '370Z', '370Z', 97, 0, 1),
(2461, 'Sports', 'Sports', 'Sports', 97, 0, 1),
(2462, 'Moco', 'Moco', 'Moco', 97, 0, 1),
(2463, 'Zaroot', 'Zaroot', 'Zaroot', 97, 0, 1),
(2464, 'AXY', 'AXY', 'AXY', 97, 0, 1),
(2465, 'Fusion', 'Fusion', 'Fusion', 97, 0, 1),
(2466, 'SUT', 'SUT', 'SUT', 97, 0, 1),
(2467, 'CQ-X', 'CQ-X', 'CQ-X', 97, 0, 1),
(2468, 'DS-2', 'DS-2', 'DS-2', 97, 0, 1),
(2469, 'Trailrunner', 'Trailrunner', 'Trailrunner', 97, 0, 1),
(2470, 'C 52', 'C 52', 'C 52', 97, 0, 1),
(2471, 'HyperMini', 'HyperMini', 'HyperMini', 97, 0, 1),
(2472, 'Ideo', 'Ideo', 'Ideo', 97, 0, 1),
(2473, 'Juke', 'Juke', 'Juke', 97, 0, 1),
(2474, 'Leaf', 'Leaf', 'Leaf', 97, 0, 1),
(2475, 'Murano CrossCabriolet', 'Murano CrossCabriolet', 'Murano CrossCabriolet', 97, 0, 1),
(2476, 'NV', 'NV', 'NV', 97, 0, 1),
(2477, 'Pixo', 'Pixo', 'Pixo', 97, 0, 1),
(2478, 'Versa Note', 'Versa Note', 'Versa Note', 97, 0, 1),
(2479, 'NV200', 'NV200', 'NV200', 97, 0, 1),
(2480, 'M12', 'M12', 'M12', 98, 0, 1),
(2481, 'M14', 'M14', 'M14', 98, 0, 1),
(2482, 'M10', 'M10', 'M10', 98, 0, 1),
(2483, 'Prinz', 'Prinz', 'Prinz', 99, 0, 1),
(2484, 'Ro 80', 'Ro 80', 'Ro 80', 99, 0, 1),
(2485, 'Wankel Spider', 'Wankel Spider', 'Wankel Spider', 99, 0, 1),
(2486, '1000', '1000', '1000', 99, 0, 1),
(2487, 'Autonova', 'Autonova', 'Autonova', 99, 0, 1),
(2488, 'Prinz I', 'Prinz I', 'Prinz I', 99, 0, 1),
(2489, '1200', '1200', '1200', 99, 0, 1),
(2490, '1000 C', '1000 C', '1000 C', 99, 0, 1),
(2491, 'Sport', 'Sport', 'Sport', 99, 0, 1),
(2492, '1000 LS', '1000 LS', '1000 LS', 99, 0, 1),
(2493, 'Prinz IV', 'Prinz IV', 'Prinz IV', 99, 0, 1),
(2494, 'Eighty-Eight', 'Eighty-Eight', 'Eighty-Eight', 100, 0, 1),
(2495, 'Achieva', 'Achieva', 'Achieva', 100, 0, 1),
(2496, 'Omega', 'Omega', 'Omega', 100, 0, 1),
(2497, 'Cutlass', 'Cutlass', 'Cutlass', 100, 0, 1),
(2498, 'Toronado', 'Toronado', 'Toronado', 100, 0, 1),
(2499, 'Intrigue', 'Intrigue', 'Intrigue', 100, 0, 1),
(2500, 'Alero', 'Alero', 'Alero', 100, 0, 1),
(2501, 'Silhouette', 'Silhouette', 'Silhouette', 100, 0, 1),
(2502, '442', '442', '442', 100, 0, 1),
(2503, 'Aurora', 'Aurora', 'Aurora', 100, 0, 1),
(2504, 'Ninety-Eight', 'Ninety-Eight', 'Ninety-Eight', 100, 0, 1),
(2505, '66', '66', '66', 100, 0, 1),
(2506, 'Bravada', 'Bravada', 'Bravada', 100, 0, 1),
(2507, 'Recon', 'Recon', 'Recon', 100, 0, 1),
(2508, '98', '98', '98', 100, 0, 1),
(2509, 'Vista Cruiser', 'Vista Cruiser', 'Vista Cruiser', 100, 0, 1),
(2510, 'Custom Cruiser', 'Custom Cruiser', 'Custom Cruiser', 100, 0, 1),
(2511, 'Starfire', 'Starfire', 'Starfire', 100, 0, 1),
(2512, 'Anthem', 'Anthem', 'Anthem', 100, 0, 1),
(2513, 'Trofeo', 'Trofeo', 'Trofeo', 100, 0, 1),
(2514, 'SS', 'SS', 'SS', 100, 0, 1),
(2515, 'Delta 88', 'Delta 88', 'Delta 88', 100, 0, 1),
(2516, 'Profile', 'Profile', 'Profile', 100, 0, 1),
(2517, 'Jetfire', 'Jetfire', 'Jetfire', 100, 0, 1),
(2518, 'O4', 'O4', 'O4', 100, 0, 1),
(2519, '88', '88', '88', 100, 0, 1),
(2520, 'Aerotech', 'Aerotech', 'Aerotech', 100, 0, 1),
(2521, 'Incas', 'Incas', 'Incas', 100, 0, 1),
(2522, '442 Indy Pace Car', '442 Indy Pace Car', '442 Indy Pace Car', 100, 0, 1),
(2523, 'LSS', 'LSS', 'LSS', 100, 0, 1),
(2524, 'Vivaro', 'Vivaro', 'Vivaro', 101, 0, 1),
(2525, 'Vectra', 'Vectra', 'Vectra', 101, 0, 1),
(2526, 'Astra', 'Astra', 'Astra', 101, 0, 1),
(2527, 'Omega', 'Omega', 'Omega', 101, 0, 1),
(2528, 'Agila', 'Agila', 'Agila', 101, 0, 1),
(2529, 'Manta', 'Manta', 'Manta', 101, 0, 1),
(2530, 'Commodore', 'Commodore', 'Commodore', 101, 0, 1),
(2531, 'Zafira', 'Zafira', 'Zafira', 101, 0, 1),
(2532, 'Meriva', 'Meriva', 'Meriva', 101, 0, 1),
(2533, 'Kadett', 'Kadett', 'Kadett', 101, 0, 1),
(2534, 'Corsa', 'Corsa', 'Corsa', 101, 0, 1),
(2535, 'Tigra', 'Tigra', 'Tigra', 101, 0, 1),
(2536, 'Monza', 'Monza', 'Monza', 101, 0, 1),
(2537, 'Senator', 'Senator', 'Senator', 101, 0, 1),
(2538, 'GT', 'GT', 'GT', 101, 0, 1),
(2539, 'Signum', 'Signum', 'Signum', 101, 0, 1),
(2540, 'Rekord', 'Rekord', 'Rekord', 101, 0, 1),
(2541, 'Movano', 'Movano', 'Movano', 101, 0, 1),
(2542, 'Kapitan', 'Kapitan', 'Kapitan', 101, 0, 1),
(2543, 'Calibra', 'Calibra', 'Calibra', 101, 0, 1),
(2544, 'Ascona', 'Ascona', 'Ascona', 101, 0, 1),
(2545, 'Record', 'Record', 'Record', 101, 0, 1),
(2546, 'Olympia', 'Olympia', 'Olympia', 101, 0, 1),
(2547, 'Filo', 'Filo', 'Filo', 101, 0, 1),
(2548, 'Combo', 'Combo', 'Combo', 101, 0, 1),
(2549, 'Kraftfahrzeug', 'Kraftfahrzeug', 'Kraftfahrzeug', 101, 0, 1),
(2550, 'Antara', 'Antara', 'Antara', 101, 0, 1),
(2551, 'Admiral', 'Admiral', 'Admiral', 101, 0, 1),
(2552, 'Frontera', 'Frontera', 'Frontera', 101, 0, 1),
(2553, 'Speedster', 'Speedster', 'Speedster', 101, 0, 1),
(2554, 'M', 'M', 'M', 101, 0, 1),
(2555, 'Diplomat', 'Diplomat', 'Diplomat', 101, 0, 1),
(2556, 'P 1200', 'P 1200', 'P 1200', 101, 0, 1),
(2557, 'Monterey', 'Monterey', 'Monterey', 101, 0, 1),
(2558, 'Trixx', 'Trixx', 'Trixx', 101, 0, 1),
(2559, 'Concept M', 'Concept M', 'Concept M', 101, 0, 1),
(2560, 'Vita', 'Vita', 'Vita', 101, 0, 1),
(2561, 'Lotus Omega', 'Lotus Omega', 'Lotus Omega', 101, 0, 1),
(2562, 'Frogster', 'Frogster', 'Frogster', 101, 0, 1),
(2563, 'Insignia', 'Insignia', 'Insignia', 101, 0, 1),
(2564, 'Ampera', 'Ampera', 'Ampera', 101, 0, 1),
(2565, '12', '12', '12', 102, 0, 1),
(2566, 'Carribean', 'Carribean', 'Carribean', 102, 0, 1),
(2567, 'Patrician', 'Patrician', 'Patrician', 102, 0, 1),
(2568, 'Zonda', 'Zonda', 'Zonda', 103, 0, 1),
(2569, 'Huayra', 'Huayra', 'Huayra', 103, 0, 1),
(2570, 'AIV', 'AIV', 'AIV', 104, 0, 1),
(2571, 'Esperante', 'Esperante', 'Esperante', 104, 0, 1),
(2572, 'Q9', 'Q9', 'Q9', 104, 0, 1),
(2573, '405', '405', '405', 105, 0, 1),
(2574, '307', '307', '307', 105, 0, 1),
(2575, '505', '505', '505', 105, 0, 1),
(2576, '205', '205', '205', 105, 0, 1),
(2577, '406', '406', '406', 105, 0, 1),
(2578, '305', '305', '305', 105, 0, 1),
(2579, '306', '306', '306', 105, 0, 1),
(2580, '206', '206', '206', 105, 0, 1),
(2581, 'Partner', 'Partner', 'Partner', 105, 0, 1),
(2582, '605', '605', '605', 105, 0, 1),
(2583, '407', '407', '407', 105, 0, 1),
(2584, '404', '404', '404', 105, 0, 1),
(2585, '203', '203', '203', 105, 0, 1),
(2586, '504', '504', '504', 105, 0, 1),
(2587, '1007', '1007', '1007', 105, 0, 1),
(2588, '207', '207', '207', 105, 0, 1),
(2589, 'Expert', 'Expert', 'Expert', 105, 0, 1),
(2590, '309', '309', '309', 105, 0, 1),
(2591, 'RC', 'RC', 'RC', 105, 0, 1),
(2592, 'Kart Up', 'Kart Up', 'Kart Up', 105, 0, 1),
(2593, '107', '107', '107', 105, 0, 1),
(2594, '607', '607', '607', 105, 0, 1),
(2595, '807', '807', '807', 105, 0, 1),
(2596, '202', '202', '202', 105, 0, 1),
(2597, '104', '104', '104', 105, 0, 1),
(2598, '403', '403', '403', 105, 0, 1),
(2599, '304', '304', '304', 105, 0, 1),
(2600, '106', '106', '106', 105, 0, 1),
(2601, '604', '604', '604', 105, 0, 1),
(2602, 'Oxia', 'Oxia', 'Oxia', 105, 0, 1),
(2603, '204', '204', '204', 105, 0, 1),
(2604, 'Promethee', 'Promethee', 'Promethee', 105, 0, 1),
(2605, '806', '806', '806', 105, 0, 1),
(2606, 'Touareg', 'Touareg', 'Touareg', 105, 0, 1),
(2607, '504D', '504D', '504D', 105, 0, 1),
(2608, 'Escapade', 'Escapade', 'Escapade', 105, 0, 1),
(2609, '907', '907', '907', 105, 0, 1),
(2610, 'Vroomster', 'Vroomster', 'Vroomster', 105, 0, 1),
(2611, '308', '308', '308', 105, 0, 1),
(2612, 'Sesame', 'Sesame', 'Sesame', 105, 0, 1),
(2613, 'Proxima', 'Proxima', 'Proxima', 105, 0, 1),
(2614, 'Nautilus', 'Nautilus', 'Nautilus', 105, 0, 1),
(2615, 'Boxer', 'Boxer', 'Boxer', 105, 0, 1),
(2616, 'Tulip', 'Tulip', 'Tulip', 105, 0, 1),
(2617, 'Peugette', 'Peugette', 'Peugette', 105, 0, 1),
(2618, 'H2O', 'H2O', 'H2O', 105, 0, 1),
(2619, 'iOn', 'iOn', 'iOn', 105, 0, 1),
(2620, 'Quasar', 'Quasar', 'Quasar', 105, 0, 1),
(2621, 'Type 202', 'Type 202', 'Type 202', 105, 0, 1),
(2622, '508', '508', '508', 105, 0, 1),
(2623, '4007', '4007', '4007', 105, 0, 1),
(2624, '5008', '5008', '5008', 105, 0, 1),
(2625, '408', '408', '408', 105, 0, 1),
(2626, '3008', '3008', '3008', 105, 0, 1),
(2627, '4008', '4008', '4008', 105, 0, 1),
(2628, 'RCZ', 'RCZ', 'RCZ', 105, 0, 1),
(2629, 'Birdcage', 'Birdcage', 'Birdcage', 106, 0, 1),
(2630, 'Coupe', 'Coupe', 'Coupe', 106, 0, 1),
(2631, 'Start', 'Start', 'Start', 106, 0, 1),
(2632, 'Argento', 'Argento', 'Argento', 106, 0, 1),
(2633, 'Hit', 'Hit', 'Hit', 106, 0, 1),
(2634, 'Rossa', 'Rossa', 'Rossa', 106, 0, 1),
(2635, 'Enjoy', 'Enjoy', 'Enjoy', 106, 0, 1),
(2636, 'Metrocubo', 'Metrocubo', 'Metrocubo', 106, 0, 1),
(2637, '33', '33', '33', 106, 0, 1),
(2638, 'Eta', 'Eta', 'Eta', 106, 0, 1),
(2639, 'Voyager', 'Voyager', 'Voyager', 107, 0, 1),
(2640, 'Valiant', 'Valiant', 'Valiant', 107, 0, 1),
(2641, 'Acclaim', 'Acclaim', 'Acclaim', 107, 0, 1),
(2642, 'Horizon', 'Horizon', 'Horizon', 107, 0, 1),
(2643, 'Road Runner', 'Road Runner', 'Road Runner', 107, 0, 1),
(2644, 'Volare', 'Volare', 'Volare', 107, 0, 1),
(2645, 'Cambridge', 'Cambridge', 'Cambridge', 107, 0, 1),
(2646, 'Caravelle', 'Caravelle', 'Caravelle', 107, 0, 1),
(2647, 'Gran Fury', 'Gran Fury', 'Gran Fury', 107, 0, 1),
(2648, 'GTX', 'GTX', 'GTX', 107, 0, 1),
(2649, 'Sundance', 'Sundance', 'Sundance', 107, 0, 1),
(2650, 'Neon', 'Neon', 'Neon', 107, 0, 1),
(2651, 'Fury', 'Fury', 'Fury', 107, 0, 1),
(2652, 'Trail Duster', 'Trail Duster', 'Trail Duster', 107, 0, 1),
(2653, 'Breeze', 'Breeze', 'Breeze', 107, 0, 1),
(2654, 'Colt', 'Colt', 'Colt', 107, 0, 1),
(2655, 'Laser', 'Laser', 'Laser', 107, 0, 1),
(2656, 'Prowler', 'Prowler', 'Prowler', 107, 0, 1),
(2657, 'Turismo', 'Turismo', 'Turismo', 107, 0, 1),
(2658, 'Barracuda', 'Barracuda', 'Barracuda', 107, 0, 1),
(2659, 'Reliant', 'Reliant', 'Reliant', 107, 0, 1),
(2660, 'Belvedere', 'Belvedere', 'Belvedere', 107, 0, 1),
(2661, 'Pronto Cruiser', 'Pronto Cruiser', 'Pronto Cruiser', 107, 0, 1),
(2662, 'Pronto Spyder', 'Pronto Spyder', 'Pronto Spyder', 107, 0, 1),
(2663, 'Superbird', 'Superbird', 'Superbird', 107, 0, 1),
(2664, 'VIP', 'VIP', 'VIP', 107, 0, 1),
(2665, 'Firebird', 'Firebird', 'Firebird', 108, 0, 1),
(2666, 'G6', 'G6', 'G6', 108, 0, 1),
(2667, 'Sunfire', 'Sunfire', 'Sunfire', 108, 0, 1),
(2668, 'Vibe', 'Vibe', 'Vibe', 108, 0, 1),
(2669, 'Bonneville', 'Bonneville', 'Bonneville', 108, 0, 1),
(2670, 'GTO', 'GTO', 'GTO', 108, 0, 1),
(2671, 'Phoenix', 'Phoenix', 'Phoenix', 108, 0, 1),
(2672, '1000', '1000', '1000', 108, 0, 1),
(2673, 'Tempest', 'Tempest', 'Tempest', 108, 0, 1),
(2674, 'Grand Prix', 'Grand Prix', 'Grand Prix', 108, 0, 1),
(2675, 'Torrent', 'Torrent', 'Torrent', 108, 0, 1),
(2676, 'Lemans', 'Lemans', 'Lemans', 108, 0, 1),
(2677, '6000', '6000', '6000', 108, 0, 1),
(2678, 'Solstice', 'Solstice', 'Solstice', 108, 0, 1),
(2679, 'Montana', 'Montana', 'Montana', 108, 0, 1),
(2680, 'Grand Am', 'Grand Am', 'Grand Am', 108, 0, 1),
(2681, 'Trans Sport', 'Trans Sport', 'Trans Sport', 108, 0, 1),
(2682, 'Fiero', 'Fiero', 'Fiero', 108, 0, 1),
(2683, 'Grand Safari', 'Grand Safari', 'Grand Safari', 108, 0, 1),
(2684, 'G3', 'G3', 'G3', 108, 0, 1),
(2685, 'Trans Am', 'Trans Am', 'Trans Am', 108, 0, 1),
(2686, 'Stinger', 'Stinger', 'Stinger', 108, 0, 1),
(2687, 'Sunbird', 'Sunbird', 'Sunbird', 108, 0, 1),
(2688, 'G5', 'G5', 'G5', 108, 0, 1),
(2689, 'Aztek', 'Aztek', 'Aztek', 108, 0, 1),
(2690, 'Grande Parisienne', 'Grande Parisienne', 'Grande Parisienne', 108, 0, 1),
(2691, 'Salsa', 'Salsa', 'Salsa', 108, 0, 1),
(2692, 'Star Chief', 'Star Chief', 'Star Chief', 108, 0, 1),
(2693, 'G8', 'G8', 'G8', 108, 0, 1),
(2694, 'Rageous', 'Rageous', 'Rageous', 108, 0, 1),
(2695, 'SV 6', 'SV 6', 'SV 6', 108, 0, 1),
(2696, 'Ventura II', 'Ventura II', 'Ventura II', 108, 0, 1),
(2697, 'Banshee', 'Banshee', 'Banshee', 108, 0, 1),
(2698, 'GPX', 'GPX', 'GPX', 108, 0, 1),
(2699, 'Catalina', 'Catalina', 'Catalina', 108, 0, 1),
(2700, 'Piranha', 'Piranha', 'Piranha', 108, 0, 1),
(2701, 'Firehawk', 'Firehawk', 'Firehawk', 108, 0, 1),
(2702, 'Ventura', 'Ventura', 'Ventura', 108, 0, 1),
(2703, 'Boxster', 'Boxster', 'Boxster', 109, 0, 1),
(2704, '911', '911', '911', 109, 0, 1),
(2705, '906', '906', '906', 109, 0, 1),
(2706, 'RGT', 'RGT', 'RGT', 109, 0, 1),
(2707, 'Pan Americana', 'Pan Americana', 'Pan Americana', 109, 0, 1),
(2708, '968', '968', '968', 109, 0, 1),
(2709, '996', '996', '996', 109, 0, 1),
(2710, '928', '928', '928', 109, 0, 1),
(2711, '356', '356', '356', 109, 0, 1),
(2712, 'Cayenne', 'Cayenne', 'Cayenne', 109, 0, 1),
(2713, '3400', '3400', '3400', 109, 0, 1),
(2714, '993', '993', '993', 109, 0, 1),
(2715, '912', '912', '912', 109, 0, 1),
(2716, '550 A', '550 A', '550 A', 109, 0, 1),
(2717, '930', '930', '930', 109, 0, 1),
(2718, '904', '904', '904', 109, 0, 1),
(2719, 'GT2', 'GT2', 'GT2', 109, 0, 1),
(2720, '944', '944', '944', 109, 0, 1),
(2721, 'Cayman', 'Cayman', 'Cayman', 109, 0, 1),
(2722, '964', '964', '964', 109, 0, 1),
(2723, 'Carrera GT', 'Carrera GT', 'Carrera GT', 109, 0, 1),
(2724, '914', '914', '914', 109, 0, 1),
(2725, '908', '908', '908', 109, 0, 1),
(2726, '924', '924', '924', 109, 0, 1),
(2727, '965', '965', '965', 109, 0, 1),
(2728, '804', '804', '804', 109, 0, 1),
(2729, '962', '962', '962', 109, 0, 1),
(2730, '907', '907', '907', 109, 0, 1),
(2731, '910', '910', '910', 109, 0, 1),
(2732, 'Karisma', 'Karisma', 'Karisma', 109, 0, 1),
(2733, '917', '917', '917', 109, 0, 1),
(2734, '959', '959', '959', 109, 0, 1),
(2735, '718', '718', '718', 109, 0, 1),
(2736, 'DP', 'DP', 'DP', 109, 0, 1),
(2737, '936', '936', '936', 109, 0, 1),
(2738, 'Mega Cabriolet Biturbo', 'Mega Cabriolet Biturbo', 'Mega Cabriolet Biturbo', 109, 0, 1),
(2739, 'GT3', 'GT3', 'GT3', 109, 0, 1),
(2740, '935', '935', '935', 109, 0, 1),
(2741, '1300', '1300', '1300', 109, 0, 1),
(2742, 'Kremer 935 K3', 'Kremer 935 K3', 'Kremer 935 K3', 109, 0, 1),
(2743, 'Tapiro', 'Tapiro', 'Tapiro', 109, 0, 1),
(2744, 'Panamera', 'Panamera', 'Panamera', 109, 0, 1),
(2745, 'Boxter', 'Boxter', 'Boxter', 109, 0, 1),
(2746, 'Macan', 'Macan', 'Macan', 109, 0, 1),
(2747, '918 Spyder', '918 Spyder', '918 Spyder', 109, 0, 1),
(2748, 'Saloon', 'Saloon', 'Saloon', 110, 0, 1),
(2749, 'Impian', 'Impian', 'Impian', 110, 0, 1),
(2750, 'Tiara', 'Tiara', 'Tiara', 110, 0, 1),
(2751, '400', '400', '400', 110, 0, 1),
(2752, 'Perdana', 'Perdana', 'Perdana', 110, 0, 1),
(2753, 'Persona', 'Persona', 'Persona', 110, 0, 1),
(2754, '300', '300', '300', 110, 0, 1),
(2755, 'Savvy', 'Savvy', 'Savvy', 110, 0, 1),
(2756, 'Juara', 'Juara', 'Juara', 110, 0, 1),
(2757, 'Arena', 'Arena', 'Arena', 110, 0, 1),
(2758, 'Gen-2', 'Gen-2', 'Gen-2', 110, 0, 1),
(2759, 'Satria', 'Satria', 'Satria', 110, 0, 1),
(2760, 'Gen', 'Gen', 'Gen', 110, 0, 1),
(2761, '1500', '1500', '1500', 111, 0, 1),
(2762, '2500', '2500', '2500', 111, 0, 1),
(2763, '3500', '3500', '3500', 111, 0, 1),
(2764, 'CV Tradesman', 'CV Tradesman', 'CV Tradesman', 111, 0, 1),
(2765, 'Promaster Cargo Van', 'Promaster Cargo Van', 'Promaster Cargo Van', 111, 0, 1),
(2766, 'Promaster Window Van', 'Promaster Window Van', 'Promaster Window Van', 111, 0, 1),
(2767, 'ProMaster City', 'ProMaster City', 'ProMaster City', 111, 0, 1),
(2768, 'Sabre Six', 'Sabre Six', 'Sabre Six', 112, 0, 1),
(2769, 'Scimitar', 'Scimitar', 'Scimitar', 112, 0, 1),
(2770, 'Kitten', 'Kitten', 'Kitten', 112, 0, 1),
(2771, 'SE6', 'SE6', 'SE6', 112, 0, 1),
(2772, 'Rebel', 'Rebel', 'Rebel', 112, 0, 1),
(2773, 'Sabre 4', 'Sabre 4', 'Sabre 4', 112, 0, 1),
(2774, 'GTC', 'GTC', 'GTC', 112, 0, 1),
(2775, 'Bug', 'Bug', 'Bug', 112, 0, 1),
(2776, 'Regal', 'Regal', 'Regal', 112, 0, 1),
(2777, 'SE7', 'SE7', 'SE7', 112, 0, 1),
(2778, 'Espace', 'Espace', 'Espace', 113, 0, 1),
(2779, 'Clio', 'Clio', 'Clio', 113, 0, 1),
(2780, 'Scenic', 'Scenic', 'Scenic', 113, 0, 1),
(2781, 'Juva', 'Juva', 'Juva', 113, 0, 1),
(2782, 'Megane', 'Megane', 'Megane', 113, 0, 1),
(2783, 'Laguna', 'Laguna', 'Laguna', 113, 0, 1),
(2784, '18', '18', '18', 113, 0, 1),
(2785, 'Fifties', 'Fifties', 'Fifties', 113, 0, 1),
(2786, 'Scenic II', 'Scenic II', 'Scenic II', 113, 0, 1),
(2787, 'Floride', 'Floride', 'Floride', 113, 0, 1),
(2788, '9', '9', '9', 113, 0, 1),
(2789, '21', '21', '21', 113, 0, 1),
(2790, 'Kangoo', 'Kangoo', 'Kangoo', 113, 0, 1),
(2791, '10', '10', '10', 113, 0, 1),
(2792, 'Grand Espace', 'Grand Espace', 'Grand Espace', 113, 0, 1),
(2793, 'Vel Satis', 'Vel Satis', 'Vel Satis', 113, 0, 1),
(2794, 'Rodeo', 'Rodeo', 'Rodeo', 113, 0, 1),
(2795, '30', '30', '30', 113, 0, 1),
(2796, '14', '14', '14', 113, 0, 1),
(2797, 'Zoom', 'Zoom', 'Zoom', 113, 0, 1),
(2798, 'Spider', 'Spider', 'Spider', 113, 0, 1),
(2799, '4', '4', '4', 113, 0, 1),
(2800, 'Modus', 'Modus', 'Modus', 113, 0, 1),
(2801, '5', '5', '5', 113, 0, 1),
(2802, '19', '19', '19', 113, 0, 1),
(2803, 'Super 5', 'Super 5', 'Super 5', 113, 0, 1),
(2804, 'Safrane', 'Safrane', 'Safrane', 113, 0, 1),
(2805, '15', '15', '15', 113, 0, 1),
(2806, 'Logan', 'Logan', 'Logan', 113, 0, 1),
(2807, '11', '11', '11', 113, 0, 1),
(2808, 'Grand Scenic', 'Grand Scenic', 'Grand Scenic', 113, 0, 1),
(2809, 'Fuego', 'Fuego', 'Fuego', 113, 0, 1),
(2810, 'Colorale', 'Colorale', 'Colorale', 113, 0, 1),
(2811, '17', '17', '17', 113, 0, 1),
(2812, 'Etoile', 'Etoile', 'Etoile', 113, 0, 1),
(2813, '25', '25', '25', 113, 0, 1),
(2814, 'Twingo', 'Twingo', 'Twingo', 113, 0, 1),
(2815, 'Dauphine', 'Dauphine', 'Dauphine', 113, 0, 1),
(2816, 'RE', 'RE', 'RE', 113, 0, 1),
(2817, '20', '20', '20', 113, 0, 1),
(2818, '12', '12', '12', 113, 0, 1),
(2819, 'Fregate', 'Fregate', 'Fregate', 113, 0, 1),
(2820, '8', '8', '8', 113, 0, 1),
(2821, 'Express', 'Express', 'Express', 113, 0, 1),
(2822, 'Siete', 'Siete', 'Siete', 113, 0, 1),
(2823, 'Caravelle', 'Caravelle', 'Caravelle', 113, 0, 1),
(2824, 'Avantime', 'Avantime', 'Avantime', 113, 0, 1),
(2825, 'Trafic', 'Trafic', 'Trafic', 113, 0, 1),
(2826, 'Megan', 'Megan', 'Megan', 113, 0, 1),
(2827, 'Be Bop', 'Be Bop', 'Be Bop', 113, 0, 1),
(2828, '6', '6', '6', 113, 0, 1),
(2829, 'Alpine', 'Alpine', 'Alpine', 113, 0, 1),
(2830, 'RS 11', 'RS 11', 'RS 11', 113, 0, 1),
(2831, 'Dauphine Gordini', 'Dauphine Gordini', 'Dauphine Gordini', 113, 0, 1),
(2832, 'Wind', 'Wind', 'Wind', 113, 0, 1),
(2833, 'Helem', 'Helem', 'Helem', 113, 0, 1),
(2834, 'Argos', 'Argos', 'Argos', 113, 0, 1),
(2835, 'Koleos', 'Koleos', 'Koleos', 113, 0, 1),
(2836, 'Racoon', 'Racoon', 'Racoon', 113, 0, 1),
(2837, 'Talisman', 'Talisman', 'Talisman', 113, 0, 1),
(2838, 'TXE', 'TXE', 'TXE', 113, 0, 1),
(2839, 'Zo', 'Zo', 'Zo', 113, 0, 1),
(2840, 'Ludo', 'Ludo', 'Ludo', 113, 0, 1),
(2841, 'Sport Spider', 'Sport Spider', 'Sport Spider', 113, 0, 1),
(2842, 'Fluence', 'Fluence', 'Fluence', 113, 0, 1),
(2843, 'R5', 'R5', 'R5', 113, 0, 1),
(2844, 'Ellypse', 'Ellypse', 'Ellypse', 113, 0, 1),
(2845, 'Zoe', 'Zoe', 'Zoe', 113, 0, 1),
(2846, 'Espider', 'Espider', 'Espider', 113, 0, 1),
(2847, 'P55', 'P55', 'P55', 113, 0, 1),
(2848, 'Latitude', 'Latitude', 'Latitude', 113, 0, 1),
(2849, 'Duster', 'Duster', 'Duster', 113, 0, 1),
(2850, 'Sandero', 'Sandero', 'Sandero', 113, 0, 1),
(2851, 'Symbol', 'Symbol', 'Symbol', 113, 0, 1),
(2852, 'Thalia', 'Thalia', 'Thalia', 113, 0, 1),
(2853, 'Twizy', 'Twizy', 'Twizy', 113, 0, 1),
(2854, 'One-Point-Five', 'One-Point-Five', 'One-Point-Five', 114, 0, 1),
(2855, '4', '4', '4', 114, 0, 1),
(2856, 'Two Point Six', 'Two Point Six', 'Two Point Six', 114, 0, 1),
(2857, 'Kestrel', 'Kestrel', 'Kestrel', 114, 0, 1),
(2858, 'RM A', 'RM A', 'RM A', 114, 0, 1),
(2859, 'MR II', 'MR II', 'MR II', 114, 0, 1),
(2860, 'Pathfinder', 'Pathfinder', 'Pathfinder', 114, 0, 1),
(2861, '1.5', '1.5', '1.5', 114, 0, 1),
(2862, '2.6', '2.6', '2.6', 114, 0, 1),
(2863, 'Apr-68', 'Apr-68', 'Apr-68', 114, 0, 1),
(2864, 'Elf', 'Elf', 'Elf', 114, 0, 1),
(2865, 'Silver Shadow', 'Silver Shadow', 'Silver Shadow', 115, 0, 1),
(2866, 'Phantom Drophead Coupe', 'Phantom Drophead Coupe', 'Phantom Drophead Coupe', 115, 0, 1),
(2867, 'Silver Cloud', 'Silver Cloud', 'Silver Cloud', 115, 0, 1),
(2868, 'Corniche', 'Corniche', 'Corniche', 115, 0, 1),
(2869, 'Silver Wraith', 'Silver Wraith', 'Silver Wraith', 115, 0, 1),
(2870, 'Silver Seraph', 'Silver Seraph', 'Silver Seraph', 115, 0, 1),
(2871, 'Silver Spur', 'Silver Spur', 'Silver Spur', 115, 0, 1),
(2872, 'Phantom', 'Phantom', 'Phantom', 115, 0, 1),
(2873, 'Silver Spirit', 'Silver Spirit', 'Silver Spirit', 115, 0, 1),
(2874, 'Silver Dawn', 'Silver Dawn', 'Silver Dawn', 115, 0, 1),
(2875, 'Park Ward', 'Park Ward', 'Park Ward', 115, 0, 1),
(2876, 'Silver Spirit II', 'Silver Spirit II', 'Silver Spirit II', 115, 0, 1),
(2877, 'Silver Cloud II', 'Silver Cloud II', 'Silver Cloud II', 115, 0, 1),
(2878, 'Camargue', 'Camargue', 'Camargue', 115, 0, 1),
(2879, '100', '100', '100', 115, 0, 1),
(2880, 'Ghost', 'Ghost', 'Ghost', 115, 0, 1),
(2881, 'Wraith', 'Wraith', 'Wraith', 115, 0, 1),
(2882, 'Ghost Series II', 'Ghost Series II', 'Ghost Series II', 115, 0, 1),
(2883, 'P4', 'P4', 'P4', 116, 0, 1),
(2884, '45', '45', '45', 116, 0, 1),
(2885, '75', '75', '75', 116, 0, 1),
(2886, 'Metro', 'Metro', 'Metro', 116, 0, 1),
(2887, '25', '25', '25', 116, 0, 1),
(2888, 'P5B', 'P5B', 'P5B', 116, 0, 1),
(2889, 'Mini', 'Mini', 'Mini', 116, 0, 1),
(2890, '3.5', '3.5', '3.5', 116, 0, 1),
(2891, 'P6', 'P6', 'P6', 116, 0, 1),
(2892, '2600', '2600', '2600', 116, 0, 1),
(2893, 'P2', 'P2', 'P2', 116, 0, 1),
(2894, '200', '200', '200', 116, 0, 1),
(2895, 'Streetwise', 'Streetwise', 'Streetwise', 116, 0, 1),
(2896, '400', '400', '400', 116, 0, 1),
(2897, '600', '600', '600', 116, 0, 1),
(2898, '220', '220', '220', 116, 0, 1),
(2899, 'P5', 'P5', 'P5', 116, 0, 1),
(2900, '800', '800', '800', 116, 0, 1),
(2901, '3.5 Litre', '3.5 Litre', '3.5 Litre', 116, 0, 1),
(2902, 'Vitesse', 'Vitesse', 'Vitesse', 116, 0, 1),
(2903, '100 1.4 D', '100 1.4 D', '100 1.4 D', 116, 0, 1),
(2904, 'Land Rover Discovery', 'Land Rover Discovery', 'Land Rover Discovery', 116, 0, 1),
(2905, '216', '216', '216', 116, 0, 1),
(2906, 'Range Rover', 'Range Rover', 'Range Rover', 116, 0, 1),
(2907, '620i', '620i', '620i', 116, 0, 1),
(2908, '2000', '2000', '2000', 116, 0, 1),
(2909, '414i', '414i', '414i', 116, 0, 1),
(2910, '420', '420', '420', 116, 0, 1),
(2911, '100', '100', '100', 116, 0, 1),
(2912, '3500', '3500', '3500', 116, 0, 1),
(2913, '214', '214', '214', 116, 0, 1),
(2914, 'City', 'City', 'City', 116, 0, 1),
(2915, '825', '825', '825', 116, 0, 1),
(2916, 'Montego', 'Montego', 'Montego', 116, 0, 1),
(2917, '820', '820', '820', 116, 0, 1),
(2918, '825i', '825i', '825i', 116, 0, 1),
(2919, '416i', '416i', '416i', 116, 0, 1),
(2920, 'MGF', 'MGF', 'MGF', 116, 0, 1),
(2921, '3-Sep', '3-Sep', '3-Sep', 117, 0, 1),
(2922, '9-2x', '9-2x', '9-2x', 117, 0, 1),
(2923, '99', '99', '99', 117, 0, 1),
(2924, '5-Sep', '5-Sep', '5-Sep', 117, 0, 1),
(2925, '90', '90', '90', 117, 0, 1),
(2926, '9000', '9000', '9000', 117, 0, 1),
(2927, 'Sonett', 'Sonett', 'Sonett', 117, 0, 1),
(2928, 'Sonett III', 'Sonett III', 'Sonett III', 117, 0, 1),
(2929, 'Sonett II', 'Sonett II', 'Sonett II', 117, 0, 1),
(2930, '900', '900', '900', 117, 0, 1),
(2931, '92', '92', '92', 117, 0, 1),
(2932, '93', '93', '93', 117, 0, 1),
(2933, '95', '95', '95', 117, 0, 1),
(2934, '9-7X', '9-7X', '9-7X', 117, 0, 1),
(2935, '9-X', '9-X', '9-X', 117, 0, 1),
(2936, '94', '94', '94', 117, 0, 1),
(2937, '92B', '92B', '92B', 117, 0, 1),
(2938, '900i', '900i', '900i', 117, 0, 1),
(2939, '750', '750', '750', 117, 0, 1),
(2940, '96', '96', '96', 117, 0, 1),
(2941, 'MC', 'MC', 'MC', 117, 0, 1),
(2942, '9-4X', '9-4X', '9-4X', 117, 0, 1),
(2943, 'S7', 'S7', 'S7', 118, 0, 1),
(2944, 'SM5', 'SM5', 'SM5', 119, 0, 1),
(2945, 'SM3', 'SM3', 'SM3', 119, 0, 1),
(2946, 'SM', 'SM', 'SM', 119, 0, 1),
(2947, 'Outlook', 'Outlook', 'Outlook', 120, 0, 1),
(2948, 'Vue', 'Vue', 'Vue', 120, 0, 1),
(2949, 'ION', 'ION', 'ION', 120, 0, 1),
(2950, 'Relay', 'Relay', 'Relay', 120, 0, 1),
(2951, 'SC', 'SC', 'SC', 120, 0, 1),
(2952, 'Sky', 'Sky', 'Sky', 120, 0, 1),
(2953, 'Aura', 'Aura', 'Aura', 120, 0, 1),
(2954, 'LW', 'LW', 'LW', 120, 0, 1),
(2955, 'L', 'L', 'L', 120, 0, 1),
(2956, 'SL', 'SL', 'SL', 120, 0, 1),
(2957, 'Astra', 'Astra', 'Astra', 120, 0, 1),
(2958, 'Sports Coupe', 'Sports Coupe', 'Sports Coupe', 120, 0, 1),
(2959, 'Sedan', 'Sedan', 'Sedan', 120, 0, 1),
(2960, 'LS', 'LS', 'LS', 120, 0, 1),
(2961, 'Curve', 'Curve', 'Curve', 120, 0, 1),
(2962, 'T2B', 'T2B', 'T2B', 121, 0, 1),
(2963, 'xA', 'xA', 'xA', 121, 0, 1),
(2964, 'xB', 'xB', 'xB', 121, 0, 1),
(2965, 'xD', 'xD', 'xD', 121, 0, 1),
(2966, 'tC', 'tC', 'tC', 121, 0, 1),
(2967, 'FR-S', 'FR-S', 'FR-S', 121, 0, 1),
(2968, 'iQ', 'iQ', 'iQ', 121, 0, 1),
(2969, 'FR-S Convertible', 'FR-S Convertible', 'FR-S Convertible', 121, 0, 1),
(2970, '1400', '1400', '1400', 122, 0, 1),
(2971, 'Alhambra', 'Alhambra', 'Alhambra', 122, 0, 1),
(2972, 'Toledo', 'Toledo', 'Toledo', 122, 0, 1),
(2973, 'Ibiza', 'Ibiza', 'Ibiza', 122, 0, 1),
(2974, 'Inca Kombi', 'Inca Kombi', 'Inca Kombi', 122, 0, 1),
(2975, 'Altea', 'Altea', 'Altea', 122, 0, 1),
(2976, '124', '124', '124', 122, 0, 1),
(2977, 'Leon', 'Leon', 'Leon', 122, 0, 1),
(2978, '1500', '1500', '1500', 122, 0, 1),
(2979, 'Cordoba', 'Cordoba', 'Cordoba', 122, 0, 1),
(2980, 'Marbella', 'Marbella', 'Marbella', 122, 0, 1),
(2981, 'Ronda', 'Ronda', 'Ronda', 122, 0, 1),
(2982, '133', '133', '133', 122, 0, 1),
(2983, 'Ritmo', 'Ritmo', 'Ritmo', 122, 0, 1),
(2984, '600', '600', '600', 122, 0, 1),
(2985, '131', '131', '131', 122, 0, 1),
(2986, '1430', '1430', '1430', 122, 0, 1),
(2987, 'Formula', 'Formula', 'Formula', 122, 0, 1),
(2988, '127', '127', '127', 122, 0, 1),
(2989, 'Bolero', 'Bolero', 'Bolero', 122, 0, 1),
(2990, 'Arosa', 'Arosa', 'Arosa', 122, 0, 1),
(2991, 'Salsa', 'Salsa', 'Salsa', 122, 0, 1),
(2992, 'Malaga', 'Malaga', 'Malaga', 122, 0, 1),
(2993, 'Tango', 'Tango', 'Tango', 122, 0, 1),
(2994, 'Exeo', 'Exeo', 'Exeo', 122, 0, 1),
(2995, '1100', '1100', '1100', 123, 0, 1),
(2996, 'Aronde', 'Aronde', 'Aronde', 123, 0, 1),
(2997, '1000', '1000', '1000', 123, 0, 1),
(2998, '1300', '1300', '1300', 123, 0, 1),
(2999, '6', '6', '6', 123, 0, 1),
(3000, '8', '8', '8', 123, 0, 1),
(3001, 'Plein Ceil', 'Plein Ceil', 'Plein Ceil', 123, 0, 1),
(3002, '1301', '1301', '1301', 123, 0, 1),
(3003, 'Vedette', 'Vedette', 'Vedette', 123, 0, 1),
(3004, '1307', '1307', '1307', 123, 0, 1),
(3005, '1309', '1309', '1309', 123, 0, 1),
(3006, '2 Litres', '2 Litres', '2 Litres', 123, 0, 1),
(3007, '1200S', '1200S', '1200S', 123, 0, 1),
(3008, 'Ariane', 'Ariane', 'Ariane', 123, 0, 1),
(3009, 'Oceane', 'Oceane', 'Oceane', 123, 0, 1),
(3010, 'Horizon', 'Horizon', 'Horizon', 123, 0, 1),
(3011, '11', '11', '11', 123, 0, 1),
(3012, '5', '5', '5', 123, 0, 1),
(3013, 'Type 11 Monoplace', 'Type 11 Monoplace', 'Type 11 Monoplace', 123, 0, 1),
(3014, '1500', '1500', '1500', 123, 0, 1),
(3015, '1501', '1501', '1501', 123, 0, 1),
(3016, '1308', '1308', '1308', 123, 0, 1),
(3017, 'Vogue II', 'Vogue II', 'Vogue II', 124, 0, 1),
(3018, 'SM 1500', 'SM 1500', 'SM 1500', 124, 0, 1),
(3019, 'Hunter', 'Hunter', 'Hunter', 124, 0, 1),
(3020, 'Vogue III', 'Vogue III', 'Vogue III', 124, 0, 1),
(3021, 'Gazelle', 'Gazelle', 'Gazelle', 124, 0, 1),
(3022, 'Fabia', 'Fabia', 'Fabia', 125, 0, 1),
(3023, 'Octavia', 'Octavia', 'Octavia', 125, 0, 1),
(3024, 'Superb', 'Superb', 'Superb', 125, 0, 1),
(3025, '1200', '1200', '1200', 125, 0, 1),
(3026, 'Felicia', 'Felicia', 'Felicia', 125, 0, 1),
(3027, 'Rapid R', 'Rapid R', 'Rapid R', 125, 0, 1),
(3028, '1202', '1202', '1202', 125, 0, 1),
(3029, '440', '440', '440', 125, 0, 1),
(3030, 'Roomster', 'Roomster', 'Roomster', 125, 0, 1),
(3031, 'Yeti', 'Yeti', 'Yeti', 125, 0, 1),
(3032, 'L', 'L', 'L', 125, 0, 1),
(3033, 'Polular 995', 'Polular 995', 'Polular 995', 125, 0, 1),
(3034, '110 L', '110 L', '110 L', 125, 0, 1),
(3035, 'Montreux', 'Montreux', 'Montreux', 125, 0, 1),
(3036, 'Praktik', 'Praktik', 'Praktik', 125, 0, 1),
(3037, 'Popular', 'Popular', 'Popular', 125, 0, 1),
(3038, 'Favorit', 'Favorit', 'Favorit', 125, 0, 1),
(3039, 'S 110 R', 'S 110 R', 'S 110 R', 125, 0, 1),
(3040, '1000 MB', '1000 MB', '1000 MB', 125, 0, 1),
(3041, 'ForTwo', 'ForTwo', 'ForTwo', 126, 0, 1),
(3042, 'ForFour', 'ForFour', 'ForFour', 126, 0, 1),
(3043, 'Cabrio Passion', 'Cabrio Passion', 'Cabrio Passion', 126, 0, 1),
(3044, 'Roadster', 'Roadster', 'Roadster', 126, 0, 1),
(3045, 'Coupe', 'Coupe', 'Coupe', 126, 0, 1),
(3046, 'Ultimate 112', 'Ultimate 112', 'Ultimate 112', 126, 0, 1),
(3047, 'Brabus', 'Brabus', 'Brabus', 126, 0, 1),
(3048, 'C8', 'C8', 'C8', 127, 0, 1),
(3049, 'Musso', 'Musso', 'Musso', 128, 0, 1),
(3050, 'Kyron', 'Kyron', 'Kyron', 128, 0, 1),
(3051, 'Rexton', 'Rexton', 'Rexton', 128, 0, 1),
(3052, 'Korando', 'Korando', 'Korando', 128, 0, 1),
(3053, 'Chairman H', 'Chairman H', 'Chairman H', 128, 0, 1),
(3054, 'Stavic', 'Stavic', 'Stavic', 128, 0, 1),
(3055, 'Rodius', 'Rodius', 'Rodius', 128, 0, 1),
(3056, 'Actyon', 'Actyon', 'Actyon', 128, 0, 1),
(3057, 'W Coupe', 'W Coupe', 'W Coupe', 128, 0, 1),
(3058, 'Chairman W', 'Chairman W', 'Chairman W', 128, 0, 1),
(3059, 'Aero', 'Aero', 'Aero', 129, 0, 1),
(3060, 'Tuatara', 'Tuatara', 'Tuatara', 129, 0, 1),
(3061, 'Ultimate Aero', 'Ultimate Aero', 'Ultimate Aero', 129, 0, 1),
(3062, '126', '126', '126', 130, 0, 1),
(3063, 'Haflinger', 'Haflinger', 'Haflinger', 130, 0, 1),
(3064, '650T', '650T', '650T', 130, 0, 1),
(3065, '700C', '700C', '700C', 130, 0, 1),
(3066, '500D', '500D', '500D', 130, 0, 1),
(3067, '2000', '2000', '2000', 130, 0, 1),
(3068, 'G-series', 'G-series', 'G-series', 130, 0, 1),
(3069, '500', '500', '500', 130, 0, 1),
(3070, '220', '220', '220', 130, 0, 1),
(3071, 'Champion', 'Champion', 'Champion', 131, 0, 1),
(3072, 'Commander', 'Commander', 'Commander', 131, 0, 1),
(3073, 'Silver Hawk', 'Silver Hawk', 'Silver Hawk', 131, 0, 1),
(3074, 'Sky Hawk', 'Sky Hawk', 'Sky Hawk', 131, 0, 1),
(3075, 'Avanti', 'Avanti', 'Avanti', 131, 0, 1),
(3076, 'President State', 'President State', 'President State', 131, 0, 1),
(3077, 'Outback Sport', 'Outback Sport', 'Outback Sport', 132, 0, 1),
(3078, 'Outback', 'Outback', 'Outback', 132, 0, 1),
(3079, 'Impreza', 'Impreza', 'Impreza', 132, 0, 1),
(3080, 'FF-1', 'FF-1', 'FF-1', 132, 0, 1),
(3081, 'Pleo', 'Pleo', 'Pleo', 132, 0, 1),
(3082, 'Legacy', 'Legacy', 'Legacy', 132, 0, 1),
(3083, 'Forester', 'Forester', 'Forester', 132, 0, 1),
(3084, 'Vivio', 'Vivio', 'Vivio', 132, 0, 1),
(3085, 'Leone', 'Leone', 'Leone', 132, 0, 1),
(3086, 'Alfa', 'Alfa', 'Alfa', 132, 0, 1),
(3087, 'XT', 'XT', 'XT', 132, 0, 1),
(3088, 'Baja', 'Baja', 'Baja', 132, 0, 1),
(3089, 'Rex', 'Rex', 'Rex', 132, 0, 1),
(3090, 'G3X', 'G3X', 'G3X', 132, 0, 1),
(3091, 'Justy', 'Justy', 'Justy', 132, 0, 1),
(3092, '1400', '1400', '1400', 132, 0, 1),
(3093, 'R2', 'R2', 'R2', 132, 0, 1),
(3094, 'B9 Tribeca', 'B9 Tribeca', 'B9 Tribeca', 132, 0, 1),
(3095, 'DL', 'DL', 'DL', 132, 0, 1),
(3096, 'SVX', 'SVX', 'SVX', 132, 0, 1),
(3097, 'Mini Jumbo', 'Mini Jumbo', 'Mini Jumbo', 132, 0, 1),
(3098, 'Tribeca', 'Tribeca', 'Tribeca', 132, 0, 1),
(3099, '360', '360', '360', 132, 0, 1),
(3100, 'Coupe', 'Coupe', 'Coupe', 132, 0, 1),
(3101, 'K 111', 'K 111', 'K 111', 132, 0, 1),
(3102, 'R-2', 'R-2', 'R-2', 132, 0, 1),
(3103, 'WX 01', 'WX 01', 'WX 01', 132, 0, 1),
(3104, '1.8', '1.8', '1.8', 132, 0, 1),
(3105, 'B', 'B', 'B', 132, 0, 1),
(3106, 'STX', 'STX', 'STX', 132, 0, 1),
(3107, 'Traviq', 'Traviq', 'Traviq', 132, 0, 1),
(3108, 'HM-01', 'HM-01', 'HM-01', 132, 0, 1),
(3109, 'XV', 'XV', 'XV', 132, 0, 1),
(3110, 'BRZ', 'BRZ', 'BRZ', 132, 0, 1),
(3111, 'XV Crosstrek', 'XV Crosstrek', 'XV Crosstrek', 132, 0, 1),
(3112, 'WRX', 'WRX', 'WRX', 132, 0, 1),
(3113, 'Impreza WRX', 'Impreza WRX', 'Impreza WRX', 132, 0, 1),
(3114, '2 Litres', '2 Litres', '2 Litres', 133, 0, 1),
(3115, 'Rapier', 'Rapier', 'Rapier', 133, 0, 1),
(3116, 'Alpine', 'Alpine', 'Alpine', 133, 0, 1),
(3117, '10', '10', '10', 133, 0, 1),
(3118, 'Vogue', 'Vogue', 'Vogue', 133, 0, 1),
(3119, 'Venezia', 'Venezia', 'Venezia', 133, 0, 1),
(3120, 'Imp', 'Imp', 'Imp', 133, 0, 1),
(3121, 'Chamois', 'Chamois', 'Chamois', 133, 0, 1),
(3122, 'Tiger', 'Tiger', 'Tiger', 133, 0, 1),
(3123, '2-Litre', '2-Litre', '2-Litre', 133, 0, 1),
(3124, 'Samurai', 'Samurai', 'Samurai', 134, 0, 1),
(3125, 'Baleno', 'Baleno', 'Baleno', 134, 0, 1),
(3126, 'Jimny', 'Jimny', 'Jimny', 134, 0, 1),
(3127, 'Fronte', 'Fronte', 'Fronte', 134, 0, 1),
(3128, 'Liana', 'Liana', 'Liana', 134, 0, 1),
(3129, 'Twin', 'Twin', 'Twin', 134, 0, 1),
(3130, 'Grand Vitara', 'Grand Vitara', 'Grand Vitara', 134, 0, 1),
(3131, 'Alto', 'Alto', 'Alto', 134, 0, 1),
(3132, 'XL6', 'XL6', 'XL6', 134, 0, 1),
(3133, 'XL7', 'XL7', 'XL7', 134, 0, 1),
(3134, 'Ignis', 'Ignis', 'Ignis', 134, 0, 1),
(3135, 'Cappuccino', 'Cappuccino', 'Cappuccino', 134, 0, 1),
(3136, 'Swift', 'Swift', 'Swift', 134, 0, 1),
(3137, 'Light', 'Light', 'Light', 134, 0, 1),
(3138, 'Cervo', 'Cervo', 'Cervo', 134, 0, 1),
(3139, 'Vitara', 'Vitara', 'Vitara', 134, 0, 1),
(3140, 'LJ 50', 'LJ 50', 'LJ 50', 134, 0, 1),
(3141, 'Sea Forenza Wagon', 'Sea Forenza Wagon', 'Sea Forenza Wagon', 134, 0, 1),
(3142, 'SJ 410', 'SJ 410', 'SJ 410', 134, 0, 1),
(3143, 'Wagon R+', 'Wagon R+', 'Wagon R+', 134, 0, 1),
(3144, 'Aerio', 'Aerio', 'Aerio', 134, 0, 1),
(3145, 'Equator', 'Equator', 'Equator', 134, 0, 1),
(3146, 'LJ 20', 'LJ 20', 'LJ 20', 134, 0, 1),
(3147, 'EV Sport', 'EV Sport', 'EV Sport', 134, 0, 1),
(3148, 'SX4', 'SX4', 'SX4', 134, 0, 1),
(3149, 'Forenza', 'Forenza', 'Forenza', 134, 0, 1),
(3150, 'F1', 'F1', 'F1', 134, 0, 1),
(3151, 'Verona', 'Verona', 'Verona', 134, 0, 1),
(3152, 'Sidekick', 'Sidekick', 'Sidekick', 134, 0, 1),
(3153, 'Reno', 'Reno', 'Reno', 134, 0, 1),
(3154, 'Lapin', 'Lapin', 'Lapin', 134, 0, 1),
(3155, 'SJ 413', 'SJ 413', 'SJ 413', 134, 0, 1),
(3156, 'Covie', 'Covie', 'Covie', 134, 0, 1),
(3157, 'Escudo', 'Escudo', 'Escudo', 134, 0, 1),
(3158, 'C2', 'C2', 'C2', 134, 0, 1),
(3159, 'SC 100 GX', 'SC 100 GX', 'SC 100 GX', 134, 0, 1),
(3160, 'Esteem', 'Esteem', 'Esteem', 134, 0, 1),
(3161, 'X90', 'X90', 'X90', 134, 0, 1),
(3162, 'SX', 'SX', 'SX', 134, 0, 1),
(3163, 'X2', 'X2', 'X2', 134, 0, 1),
(3164, 'GSX R4', 'GSX R4', 'GSX R4', 134, 0, 1),
(3165, 'Kizashi', 'Kizashi', 'Kizashi', 134, 0, 1),
(3166, 'Splash', 'Splash', 'Splash', 134, 0, 1),
(3167, '1510', '1510', '1510', 135, 0, 1),
(3168, 'T 26', 'T 26', 'T 26', 135, 0, 1),
(3169, 'Horizon', 'Horizon', 'Horizon', 135, 0, 1),
(3170, 'Samba', 'Samba', 'Samba', 135, 0, 1),
(3171, 'Baby', 'Baby', 'Baby', 135, 0, 1),
(3172, 'Sport', 'Sport', 'Sport', 135, 0, 1),
(3173, 'Tagora', 'Tagora', 'Tagora', 135, 0, 1),
(3174, '2500', '2500', '2500', 135, 0, 1),
(3175, 'Sunbeam-Lotus', 'Sunbeam-Lotus', 'Sunbeam-Lotus', 135, 0, 1),
(3176, 'Saoutchik', 'Saoutchik', 'Saoutchik', 135, 0, 1),
(3177, 'Lago America', 'Lago America', 'Lago America', 135, 0, 1),
(3178, 'Solara', 'Solara', 'Solara', 135, 0, 1),
(3179, 'Indica', 'Indica', 'Indica', 136, 0, 1),
(3180, 'Indigo', 'Indigo', 'Indigo', 136, 0, 1),
(3181, 'Estate', 'Estate', 'Estate', 136, 0, 1),
(3182, 'E', 'E', 'E', 136, 0, 1),
(3183, 'Safari', 'Safari', 'Safari', 136, 0, 1),
(3184, 'Mint', 'Mint', 'Mint', 136, 0, 1),
(3185, 'E220', 'E220', 'E220', 136, 0, 1),
(3186, 'Aria', 'Aria', 'Aria', 136, 0, 1),
(3187, 'Sumo', 'Sumo', 'Sumo', 136, 0, 1),
(3188, 'B-Line', 'B-Line', 'B-Line', 136, 0, 1),
(3189, 'Nano', 'Nano', 'Nano', 136, 0, 1),
(3190, 'T107', 'T107', 'T107', 137, 0, 1),
(3191, 'T603', 'T603', 'T603', 137, 0, 1),
(3192, 'T87', 'T87', 'T87', 137, 0, 1),
(3193, 'Tatraplan', 'Tatraplan', 'Tatraplan', 137, 0, 1),
(3194, 'T613', 'T613', 'T613', 137, 0, 1),
(3195, 'T700', 'T700', 'T700', 137, 0, 1),
(3196, 'T600', 'T600', 'T600', 137, 0, 1),
(3197, 'MTX', 'MTX', 'MTX', 137, 0, 1),
(3198, 'Roadster', 'Roadster', 'Roadster', 138, 0, 1),
(3199, 'Corolla', 'Corolla', 'Corolla', 139, 0, 1),
(3200, 'RAV4', 'RAV4', 'RAV4', 139, 0, 1),
(3201, 'Celica', 'Celica', 'Celica', 139, 0, 1),
(3202, 'MR2', 'MR2', 'MR2', 139, 0, 1),
(3203, 'Camry', 'Camry', 'Camry', 139, 0, 1),
(3204, 'Will', 'Will', 'Will', 139, 0, 1),
(3205, 'Starlet', 'Starlet', 'Starlet', 139, 0, 1),
(3206, 'Avensis', 'Avensis', 'Avensis', 139, 0, 1),
(3207, 'Corona', 'Corona', 'Corona', 139, 0, 1),
(3208, 'RunX', 'RunX', 'RunX', 139, 0, 1),
(3209, '4Runner', '4Runner', '4Runner', 139, 0, 1),
(3210, 'Previa', 'Previa', 'Previa', 139, 0, 1),
(3211, 'Land Cruiser', 'Land Cruiser', 'Land Cruiser', 139, 0, 1),
(3212, 'Crown', 'Crown', 'Crown', 139, 0, 1),
(3213, 'Yaris', 'Yaris', 'Yaris', 139, 0, 1),
(3214, 'Tacoma', 'Tacoma', 'Tacoma', 139, 0, 1),
(3215, 'Sienna', 'Sienna', 'Sienna', 139, 0, 1),
(3216, 'Condor', 'Condor', 'Condor', 139, 0, 1),
(3217, 'Matrix', 'Matrix', 'Matrix', 139, 0, 1),
(3218, 'Carina', 'Carina', 'Carina', 139, 0, 1),
(3219, 'Tundra', 'Tundra', 'Tundra', 139, 0, 1),
(3220, 'Avalon', 'Avalon', 'Avalon', 139, 0, 1),
(3221, 'Highlander', 'Highlander', 'Highlander', 139, 0, 1),
(3222, 'Supra', 'Supra', 'Supra', 139, 0, 1),
(3223, 'SA', 'SA', 'SA', 139, 0, 1),
(3224, 'Prius', 'Prius', 'Prius', 139, 0, 1),
(3225, 'Century', 'Century', 'Century', 139, 0, 1),
(3226, 'Hilux', 'Hilux', 'Hilux', 139, 0, 1),
(3227, 'Caldina', 'Caldina', 'Caldina', 139, 0, 1),
(3228, 'Allion', 'Allion', 'Allion', 139, 0, 1),
(3229, 'Sprinter', 'Sprinter', 'Sprinter', 139, 0, 1),
(3230, 'Paseo', 'Paseo', 'Paseo', 139, 0, 1),
(3231, 'Sequoia', 'Sequoia', 'Sequoia', 139, 0, 1),
(3232, 'Tazz', 'Tazz', 'Tazz', 139, 0, 1),
(3233, 'Avanza', 'Avanza', 'Avanza', 139, 0, 1),
(3234, 'FJ Cruiser', 'FJ Cruiser', 'FJ Cruiser', 139, 0, 1),
(3235, 'Publica', 'Publica', 'Publica', 139, 0, 1),
(3236, 'Aygo', 'Aygo', 'Aygo', 139, 0, 1),
(3237, 'Tercel', 'Tercel', 'Tercel', 139, 0, 1),
(3238, 'Soarer', 'Soarer', 'Soarer', 139, 0, 1),
(3239, 'Venza', 'Venza', 'Venza', 139, 0, 1),
(3240, 'Mark II', 'Mark II', 'Mark II', 139, 0, 1),
(3241, 'Bandeirante', 'Bandeirante', 'Bandeirante', 139, 0, 1),
(3242, 'Aristo', 'Aristo', 'Aristo', 139, 0, 1),
(3243, 'FXS', 'FXS', 'FXS', 139, 0, 1),
(3244, 'Vitz', 'Vitz', 'Vitz', 139, 0, 1),
(3245, 'Master RR', 'Master RR', 'Master RR', 139, 0, 1),
(3246, 'Auris', 'Auris', 'Auris', 139, 0, 1),
(3247, '2000GT', '2000GT', '2000GT', 139, 0, 1),
(3248, 'ES 3', 'ES 3', 'ES 3', 139, 0, 1),
(3249, 'Cressida', 'Cressida', 'Cressida', 139, 0, 1),
(3250, 'Lite Ace', 'Lite Ace', 'Lite Ace', 139, 0, 1),
(3251, 'HMV', 'HMV', 'HMV', 139, 0, 1),
(3252, 'Altezza', 'Altezza', 'Altezza', 139, 0, 1),
(3253, 'Blizzard', 'Blizzard', 'Blizzard', 139, 0, 1),
(3254, 'Hi-Ace', 'Hi-Ace', 'Hi-Ace', 139, 0, 1),
(3255, 'Chaser', 'Chaser', 'Chaser', 139, 0, 1),
(3256, 'Quantum', 'Quantum', 'Quantum', 139, 0, 1),
(3257, 'Opa', 'Opa', 'Opa', 139, 0, 1),
(3258, 'Lexcen', 'Lexcen', 'Lexcen', 139, 0, 1),
(3259, 'Venture', 'Venture', 'Venture', 139, 0, 1),
(3260, 'Echo', 'Echo', 'Echo', 139, 0, 1),
(3261, 'Stallion', 'Stallion', 'Stallion', 139, 0, 1),
(3262, 'Corsa', 'Corsa', 'Corsa', 139, 0, 1),
(3263, 'Ipsum', 'Ipsum', 'Ipsum', 139, 0, 1),
(3264, 'Sport 800', 'Sport 800', 'Sport 800', 139, 0, 1),
(3265, '105', '105', '105', 139, 0, 1),
(3266, 'Verossa', 'Verossa', 'Verossa', 139, 0, 1),
(3267, 'RSC', 'RSC', 'RSC', 139, 0, 1),
(3268, 'Picnic', 'Picnic', 'Picnic', 139, 0, 1),
(3269, 'Solara', 'Solara', 'Solara', 139, 0, 1),
(3270, 'Model F', 'Model F', 'Model F', 139, 0, 1),
(3271, 'Ateva', 'Ateva', 'Ateva', 139, 0, 1),
(3272, 'Cresta', 'Cresta', 'Cresta', 139, 0, 1),
(3273, 'Caserta', 'Caserta', 'Caserta', 139, 0, 1),
(3274, 'Fortuner', 'Fortuner', 'Fortuner', 139, 0, 1),
(3275, 'GT1', 'GT1', 'GT1', 139, 0, 1),
(3276, 'XYR', 'XYR', 'XYR', 139, 0, 1),
(3277, 'MR-S', 'MR-S', 'MR-S', 139, 0, 1),
(3278, 'MRJ', 'MRJ', 'MRJ', 139, 0, 1),
(3279, 'Sera', 'Sera', 'Sera', 139, 0, 1),
(3280, 'Dyna', 'Dyna', 'Dyna', 139, 0, 1),
(3281, 'Sparky', 'Sparky', 'Sparky', 139, 0, 1),
(3282, 'Celsior', 'Celsior', 'Celsior', 139, 0, 1),
(3283, 'Mega Cruiser', 'Mega Cruiser', 'Mega Cruiser', 139, 0, 1),
(3284, 'FCHV 5', 'FCHV 5', 'FCHV 5', 139, 0, 1),
(3285, 'Ractis', 'Ractis', 'Ractis', 139, 0, 1),
(3286, 'Retro Cruiser', 'Retro Cruiser', 'Retro Cruiser', 139, 0, 1),
(3287, 'Super', 'Super', 'Super', 139, 0, 1),
(3288, 'AA', 'AA', 'AA', 139, 0, 1),
(3289, '1000', '1000', '1000', 139, 0, 1),
(3290, 'BB', 'BB', 'BB', 139, 0, 1),
(3291, 'Brevis', 'Brevis', 'Brevis', 139, 0, 1),
(3292, 'Pod', 'Pod', 'Pod', 139, 0, 1),
(3293, 'F-1', 'F-1', 'F-1', 139, 0, 1),
(3294, 'Conquest', 'Conquest', 'Conquest', 139, 0, 1),
(3295, 'Progress NC 300', 'Progress NC 300', 'Progress NC 300', 139, 0, 1),
(3296, 'Windom', 'Windom', 'Windom', 139, 0, 1),
(3297, 'Coaster', 'Coaster', 'Coaster', 139, 0, 1),
(3298, 'Prius C', 'Prius C', 'Prius C', 139, 0, 1);
INSERT INTO `property_category` (`id`, `name`, `ar`, `ku`, `car_brand_id`, `car_year`, `published`) VALUES
(3299, 'Prius V', 'Prius V', 'Prius V', 139, 0, 1),
(3300, 'iQ', 'iQ', 'iQ', 139, 0, 1),
(3301, 'Avalon Hybrid', 'Avalon Hybrid', 'Avalon Hybrid', 139, 0, 1),
(3302, 'Camry Hybrid', 'Camry Hybrid', 'Camry Hybrid', 139, 0, 1),
(3303, 'Highlander Hybrid', 'Highlander Hybrid', 'Highlander Hybrid', 139, 0, 1),
(3304, 'Prius Plug-in', 'Prius Plug-in', 'Prius Plug-in', 139, 0, 1),
(3305, 'RAV4 EV', 'RAV4 EV', 'RAV4 EV', 139, 0, 1),
(3306, 'P 70', 'P 70', 'P 70', 140, 0, 1),
(3307, 'P 601', 'P 601', 'P 601', 140, 0, 1),
(3308, 'Universal', 'Universal', 'Universal', 140, 0, 1),
(3309, 'P 50', 'P 50', 'P 50', 140, 0, 1),
(3310, '2000', '2000', '2000', 141, 0, 1),
(3311, 'Roadster', 'Roadster', 'Roadster', 141, 0, 1),
(3312, 'TR6', 'TR6', 'TR6', 141, 0, 1),
(3313, 'Dolomite', 'Dolomite', 'Dolomite', 141, 0, 1),
(3314, 'Spitfire', 'Spitfire', 'Spitfire', 141, 0, 1),
(3315, 'TR7', 'TR7', 'TR7', 141, 0, 1),
(3316, 'GT6', 'GT6', 'GT6', 141, 0, 1),
(3317, 'Vitesse', 'Vitesse', 'Vitesse', 141, 0, 1),
(3318, 'Toledo', 'Toledo', 'Toledo', 141, 0, 1),
(3319, 'Herald', 'Herald', 'Herald', 141, 0, 1),
(3320, 'Renown', 'Renown', 'Renown', 141, 0, 1),
(3321, '1500', '1500', '1500', 141, 0, 1),
(3322, 'Mayflower', 'Mayflower', 'Mayflower', 141, 0, 1),
(3323, 'TR3', 'TR3', 'TR3', 141, 0, 1),
(3324, '1300', '1300', '1300', 141, 0, 1),
(3325, '10 Break', '10 Break', '10 Break', 141, 0, 1),
(3326, 'TR8', 'TR8', 'TR8', 141, 0, 1),
(3327, 'Stag', 'Stag', 'Stag', 141, 0, 1),
(3328, 'TR4', 'TR4', 'TR4', 141, 0, 1),
(3329, 'TR2', 'TR2', 'TR2', 141, 0, 1),
(3330, 'TR5', 'TR5', 'TR5', 141, 0, 1),
(3331, 'Dove GTR4', 'Dove GTR4', 'Dove GTR4', 141, 0, 1),
(3332, '1800', '1800', '1800', 141, 0, 1),
(3333, 'Acclaim', 'Acclaim', 'Acclaim', 141, 0, 1),
(3334, '2.5', '2.5', '2.5', 141, 0, 1),
(3335, 'Chimaera', 'Chimaera', 'Chimaera', 142, 0, 1),
(3336, 'SE', 'SE', 'SE', 142, 0, 1),
(3337, 'Tuscan', 'Tuscan', 'Tuscan', 142, 0, 1),
(3338, '3000', '3000', '3000', 142, 0, 1),
(3339, 'Speed 12', 'Speed 12', 'Speed 12', 142, 0, 1),
(3340, 'Cerbera', 'Cerbera', 'Cerbera', 142, 0, 1),
(3341, 'T 350', 'T 350', 'T 350', 142, 0, 1),
(3342, 'Type S', 'Type S', 'Type S', 142, 0, 1),
(3343, 'Griffith', 'Griffith', 'Griffith', 142, 0, 1),
(3344, 'Vixen', 'Vixen', 'Vixen', 142, 0, 1),
(3345, 'Tamora', 'Tamora', 'Tamora', 142, 0, 1),
(3346, 'Grantura', 'Grantura', 'Grantura', 142, 0, 1),
(3347, 'M', 'M', 'M', 142, 0, 1),
(3348, 'Tasmin', 'Tasmin', 'Tasmin', 142, 0, 1),
(3349, 'S2', 'S2', 'S2', 142, 0, 1),
(3350, 'Cerbera Speed 12', 'Cerbera Speed 12', 'Cerbera Speed 12', 142, 0, 1),
(3351, 'Sagaris', 'Sagaris', 'Sagaris', 142, 0, 1),
(3352, 'Tuscan Speed Six', 'Tuscan Speed Six', 'Tuscan Speed Six', 142, 0, 1),
(3353, 'S', 'S', 'S', 142, 0, 1),
(3354, 'Speed Eight', 'Speed Eight', 'Speed Eight', 142, 0, 1),
(3355, '400', '400', '400', 142, 0, 1),
(3356, '350i', '350i', '350i', 142, 0, 1),
(3357, 'V8 S', 'V8 S', 'V8 S', 142, 0, 1),
(3358, '7', '7', '7', 142, 0, 1),
(3359, '2500', '2500', '2500', 142, 0, 1),
(3360, 'T 440 R', 'T 440 R', 'T 440 R', 142, 0, 1),
(3361, 'Trident', 'Trident', 'Trident', 142, 0, 1),
(3362, '1600', '1600', '1600', 142, 0, 1),
(3363, 'Taimar', 'Taimar', 'Taimar', 142, 0, 1),
(3364, '390', '390', '390', 142, 0, 1),
(3365, '420', '420', '420', 142, 0, 1),
(3366, 'Frontera', 'Frontera', 'Frontera', 143, 0, 1),
(3367, 'Agila', 'Agila', 'Agila', 143, 0, 1),
(3368, 'Omega', 'Omega', 'Omega', 143, 0, 1),
(3369, 'Carlton', 'Carlton', 'Carlton', 143, 0, 1),
(3370, 'Cavalier', 'Cavalier', 'Cavalier', 143, 0, 1),
(3371, 'Vectra', 'Vectra', 'Vectra', 143, 0, 1),
(3372, 'VX220', 'VX220', 'VX220', 143, 0, 1),
(3373, 'Meriva', 'Meriva', 'Meriva', 143, 0, 1),
(3374, 'Astra', 'Astra', 'Astra', 143, 0, 1),
(3375, 'Wyvern', 'Wyvern', 'Wyvern', 143, 0, 1),
(3376, 'Chevette', 'Chevette', 'Chevette', 143, 0, 1),
(3377, 'Royale', 'Royale', 'Royale', 143, 0, 1),
(3378, 'Victor', 'Victor', 'Victor', 143, 0, 1),
(3379, 'Nova', 'Nova', 'Nova', 143, 0, 1),
(3380, 'Corsa', 'Corsa', 'Corsa', 143, 0, 1),
(3381, 'Signum', 'Signum', 'Signum', 143, 0, 1),
(3382, 'Viscount', 'Viscount', 'Viscount', 143, 0, 1),
(3383, 'Calibra', 'Calibra', 'Calibra', 143, 0, 1),
(3384, 'Zafira', 'Zafira', 'Zafira', 143, 0, 1),
(3385, 'Monaro', 'Monaro', 'Monaro', 143, 0, 1),
(3386, 'Firenza', 'Firenza', 'Firenza', 143, 0, 1),
(3387, 'Velox', 'Velox', 'Velox', 143, 0, 1),
(3388, 'Belmont', 'Belmont', 'Belmont', 143, 0, 1),
(3389, 'Viva', 'Viva', 'Viva', 143, 0, 1),
(3390, 'Cresta', 'Cresta', 'Cresta', 143, 0, 1),
(3391, 'Tigra', 'Tigra', 'Tigra', 143, 0, 1),
(3392, 'Magnum', 'Magnum', 'Magnum', 143, 0, 1),
(3393, 'VX4', 'VX4', 'VX4', 143, 0, 1),
(3394, 'Ventora', 'Ventora', 'Ventora', 143, 0, 1),
(3395, 'Maxx', 'Maxx', 'Maxx', 143, 0, 1),
(3396, 'Sintra', 'Sintra', 'Sintra', 143, 0, 1),
(3397, 'VX Lightning', 'VX Lightning', 'VX Lightning', 143, 0, 1),
(3398, 'M12', 'M12', 'M12', 144, 0, 1),
(3399, 'Wiegert', 'Wiegert', 'Wiegert', 144, 0, 1),
(3400, 'RD 180', 'RD 180', 'RD 180', 144, 0, 1),
(3401, '400', '400', '400', 145, 0, 1),
(3402, 'Cabriolet', 'Cabriolet', 'Cabriolet', 145, 0, 1),
(3403, 'Atlantique', 'Atlantique', 'Atlantique', 145, 0, 1),
(3404, 'Coupe', 'Coupe', 'Coupe', 145, 0, 1),
(3405, 'Caddy', 'Caddy', 'Caddy', 146, 0, 1),
(3406, 'Passat', 'Passat', 'Passat', 146, 0, 1),
(3407, 'Touareg', 'Touareg', 'Touareg', 146, 0, 1),
(3408, 'Polo', 'Polo', 'Polo', 146, 0, 1),
(3409, 'Golf', 'Golf', 'Golf', 146, 0, 1),
(3410, 'Caravelle', 'Caravelle', 'Caravelle', 146, 0, 1),
(3411, 'New Beetle', 'New Beetle', 'New Beetle', 146, 0, 1),
(3412, 'Beetle', 'Beetle', 'Beetle', 146, 0, 1),
(3413, 'Jetta', 'Jetta', 'Jetta', 146, 0, 1),
(3414, 'Sharan', 'Sharan', 'Sharan', 146, 0, 1),
(3415, 'Phaeton', 'Phaeton', 'Phaeton', 146, 0, 1),
(3416, 'Bora', 'Bora', 'Bora', 146, 0, 1),
(3417, 'Karmann-Ghia', 'Karmann-Ghia', 'Karmann-Ghia', 146, 0, 1),
(3418, '1600', '1600', '1600', 146, 0, 1),
(3419, 'Lupo', 'Lupo', 'Lupo', 146, 0, 1),
(3420, 'Scirocco', 'Scirocco', 'Scirocco', 146, 0, 1),
(3421, 'Citi', 'Citi', 'Citi', 146, 0, 1),
(3422, 'K 70', 'K 70', 'K 70', 146, 0, 1),
(3423, 'Eos', 'Eos', 'Eos', 146, 0, 1),
(3424, 'Quantum', 'Quantum', 'Quantum', 146, 0, 1),
(3425, 'Touran', 'Touran', 'Touran', 146, 0, 1),
(3426, '181', '181', '181', 146, 0, 1),
(3427, 'Microbus', 'Microbus', 'Microbus', 146, 0, 1),
(3428, '1302', '1302', '1302', 146, 0, 1),
(3429, 'Vento', 'Vento', 'Vento', 146, 0, 1),
(3430, 'Rabbit', 'Rabbit', 'Rabbit', 146, 0, 1),
(3431, 'Pickup', 'Pickup', 'Pickup', 146, 0, 1),
(3432, 'Kombi', 'Kombi', 'Kombi', 146, 0, 1),
(3433, 'Multivan', 'Multivan', 'Multivan', 146, 0, 1),
(3434, 'SP2', 'SP2', 'SP2', 146, 0, 1),
(3435, 'Fox', 'Fox', 'Fox', 146, 0, 1),
(3436, 'Parati', 'Parati', 'Parati', 146, 0, 1),
(3437, 'Concept T', 'Concept T', 'Concept T', 146, 0, 1),
(3438, 'T5', 'T5', 'T5', 146, 0, 1),
(3439, 'Routan', 'Routan', 'Routan', 146, 0, 1),
(3440, 'Gol', 'Gol', 'Gol', 146, 0, 1),
(3441, 'LT 35 HR Panel Van', 'LT 35 HR Panel Van', 'LT 35 HR Panel Van', 146, 0, 1),
(3442, 'Fusca', 'Fusca', 'Fusca', 146, 0, 1),
(3443, 'Transporter', 'Transporter', 'Transporter', 146, 0, 1),
(3444, 'Corrado', 'Corrado', 'Corrado', 146, 0, 1),
(3445, 'GTI', 'GTI', 'GTI', 146, 0, 1),
(3446, 'Tiguan', 'Tiguan', 'Tiguan', 146, 0, 1),
(3447, '1500', '1500', '1500', 146, 0, 1),
(3448, 'Derby', 'Derby', 'Derby', 146, 0, 1),
(3449, '411', '411', '411', 146, 0, 1),
(3450, 'Eurovan', 'Eurovan', 'Eurovan', 146, 0, 1),
(3451, 'Santana', 'Santana', 'Santana', 146, 0, 1),
(3452, 'Iltis', 'Iltis', 'Iltis', 146, 0, 1),
(3453, '1 Litre', '1 Litre', '1 Litre', 146, 0, 1),
(3454, '1303', '1303', '1303', 146, 0, 1),
(3455, 'Magellan', 'Magellan', 'Magellan', 146, 0, 1),
(3456, 'Schwimmwagen', 'Schwimmwagen', 'Schwimmwagen', 146, 0, 1),
(3457, 'SP', 'SP', 'SP', 146, 0, 1),
(3458, 'Cabriolet', 'Cabriolet', 'Cabriolet', 146, 0, 1),
(3459, 'AAC', 'AAC', 'AAC', 146, 0, 1),
(3460, 'CC', 'CC', 'CC', 146, 0, 1),
(3461, 'W12', 'W12', 'W12', 146, 0, 1),
(3462, 'Commercial', 'Commercial', 'Commercial', 146, 0, 1),
(3463, 'Concept C', 'Concept C', 'Concept C', 146, 0, 1),
(3464, 'GLI', 'GLI', 'GLI', 146, 0, 1),
(3465, 'Hac', 'Hac', 'Hac', 146, 0, 1),
(3466, 'Type 3 Squareback', 'Type 3 Squareback', 'Type 3 Squareback', 146, 0, 1),
(3467, 'Sedan', 'Sedan', 'Sedan', 146, 0, 1),
(3468, 'GTD', 'GTD', 'GTD', 146, 0, 1),
(3469, 'up', 'up', 'up', 146, 0, 1),
(3470, 'Jetta SportWagen', 'Jetta SportWagen', 'Jetta SportWagen', 146, 0, 1),
(3471, 'Beetle Convertible', 'Beetle Convertible', 'Beetle Convertible', 146, 0, 1),
(3472, 'Jetta GLI', 'Jetta GLI', 'Jetta GLI', 146, 0, 1),
(3473, 'Jetta Hybrid', 'Jetta Hybrid', 'Jetta Hybrid', 146, 0, 1),
(3474, 'Golf GTI', 'Golf GTI', 'Golf GTI', 146, 0, 1),
(3475, 'Golf SportWagen', 'Golf SportWagen', 'Golf SportWagen', 146, 0, 1),
(3476, 'e-Golf', 'e-Golf', 'e-Golf', 146, 0, 1),
(3477, 'Golf R', 'Golf R', 'Golf R', 146, 0, 1),
(3478, 'XC90', 'XC90', 'XC90', 147, 0, 1),
(3479, 'V50', 'V50', 'V50', 147, 0, 1),
(3480, 'S80', 'S80', 'S80', 147, 0, 1),
(3481, 'S40', 'S40', 'S40', 147, 0, 1),
(3482, 'S60', 'S60', 'S60', 147, 0, 1),
(3483, 'C70', 'C70', 'C70', 147, 0, 1),
(3484, '360', '360', '360', 147, 0, 1),
(3485, 'V70', 'V70', 'V70', 147, 0, 1),
(3486, 'P 1800', 'P 1800', 'P 1800', 147, 0, 1),
(3487, '480', '480', '480', 147, 0, 1),
(3488, 'V90', 'V90', 'V90', 147, 0, 1),
(3489, 'XC70', 'XC70', 'XC70', 147, 0, 1),
(3490, '145', '145', '145', 147, 0, 1),
(3491, 'PV 801-10', 'PV 801-10', 'PV 801-10', 147, 0, 1),
(3492, '850', '850', '850', 147, 0, 1),
(3493, '244', '244', '244', 147, 0, 1),
(3494, '440', '440', '440', 147, 0, 1),
(3495, 'V40', 'V40', 'V40', 147, 0, 1),
(3496, '960', '960', '960', 147, 0, 1),
(3497, '245', '245', '245', 147, 0, 1),
(3498, '260', '260', '260', 147, 0, 1),
(3499, '740', '740', '740', 147, 0, 1),
(3500, '460', '460', '460', 147, 0, 1),
(3501, '120', '120', '120', 147, 0, 1),
(3502, '220', '220', '220', 147, 0, 1),
(3503, '240', '240', '240', 147, 0, 1),
(3504, 'C30', 'C30', 'C30', 147, 0, 1),
(3505, '265', '265', '265', 147, 0, 1),
(3506, 'S90', 'S90', 'S90', 147, 0, 1),
(3507, '760', '760', '760', 147, 0, 1),
(3508, 'Duett', 'Duett', 'Duett', 147, 0, 1),
(3509, 'P 1900', 'P 1900', 'P 1900', 147, 0, 1),
(3510, 'P 210 Duett', 'P 210 Duett', 'P 210 Duett', 147, 0, 1),
(3511, '780', '780', '780', 147, 0, 1),
(3512, '66', '66', '66', 147, 0, 1),
(3513, 'S70', 'S70', 'S70', 147, 0, 1),
(3514, 'PV', 'PV', 'PV', 147, 0, 1),
(3515, '343', '343', '343', 147, 0, 1),
(3516, '164', '164', '164', 147, 0, 1),
(3517, 'SCC', 'SCC', 'SCC', 147, 0, 1),
(3518, 'PV 60', 'PV 60', 'PV 60', 147, 0, 1),
(3519, '144', '144', '144', 147, 0, 1),
(3520, '140', '140', '140', 147, 0, 1),
(3521, '940', '940', '940', 147, 0, 1),
(3522, 'Hatric', 'Hatric', 'Hatric', 147, 0, 1),
(3523, '1800', '1800', '1800', 147, 0, 1),
(3524, '264', '264', '264', 147, 0, 1),
(3525, 'YCC', 'YCC', 'YCC', 147, 0, 1),
(3526, 'PV 544 1.8', 'PV 544 1.8', 'PV 544 1.8', 147, 0, 1),
(3527, '122', '122', '122', 147, 0, 1),
(3528, '242', '242', '242', 147, 0, 1),
(3529, 'XC60', 'XC60', 'XC60', 147, 0, 1),
(3530, 'X670', 'X670', 'X670', 147, 0, 1),
(3531, 'V60', 'V60', 'V60', 147, 0, 1),
(3532, 'V60 Cross Country', 'V60 Cross Country', 'V60 Cross Country', 147, 0, 1),
(3533, '311', '311', '311', 148, 0, 1),
(3534, '312', '312', '312', 148, 0, 1),
(3535, '353', '353', '353', 148, 0, 1),
(3536, '1.3 l Tourist', '1.3 l Tourist', '1.3 l Tourist', 148, 0, 1),
(3537, 'Sports Convertible', 'Sports Convertible', 'Sports Convertible', 148, 0, 1),
(3538, 'ZEI', 'ZEI', 'ZEI', 149, 0, 1),
(3539, 'XTR 2', 'XTR 2', 'XTR 2', 149, 0, 1),
(3540, 'Dauphine', 'Dauphine', 'Dauphine', 150, 0, 1),
(3541, 'Interlagos', 'Interlagos', 'Interlagos', 150, 0, 1),
(3542, 'Rural', 'Rural', 'Rural', 150, 0, 1),
(3543, 'Aero-Willys 2600', 'Aero-Willys 2600', 'Aero-Willys 2600', 150, 0, 1),
(3544, 'Jeep', 'Jeep', 'Jeep', 150, 0, 1),
(3545, 'Aero', 'Aero', 'Aero', 150, 0, 1),
(3546, '9', '9', '9', 151, 0, 1),
(3547, '6', '6', '6', 151, 0, 1),
(3548, 'Zeta', 'Zeta', 'Zeta', 152, 0, 1),
(3549, 'Raptor', 'Raptor', 'Raptor', 152, 0, 1),
(3550, 'Zuma', 'Zuma', 'Zuma', 152, 0, 1),
(3551, 'Ferrari 3Z', 'Ferrari 3Z', 'Ferrari 3Z', 152, 0, 1),
(3552, 'Bravo', 'Bravo', 'Bravo', 152, 0, 1),
(3553, 'Hyena', 'Hyena', 'Hyena', 152, 0, 1),
(3554, '1500', '1500', '1500', 153, 0, 1),
(3555, 'Yugo', 'Yugo', 'Yugo', 153, 0, 1),
(3556, '2101', '2101', '2101', 153, 0, 1),
(3557, '65', '65', '65', 153, 0, 1),
(3558, '1300', '1300', '1300', 153, 0, 1),
(3559, '750', '750', '750', 153, 0, 1),
(3560, '850 K', '850 K', '850 K', 153, 0, 1),
(3561, '102', '102', '102', 153, 0, 1),
(3562, '103', '103', '103', 153, 0, 1),
(3563, '132', '132', '132', 153, 0, 1),
(3564, '966', '966', '966', 154, 0, 1),
(3565, 'Slavuta', 'Slavuta', 'Slavuta', 154, 0, 1),
(3566, 'Wagon', 'Wagon', 'Wagon', 154, 0, 1),
(3567, 'Tavrija', 'Tavrija', 'Tavrija', 154, 0, 1),
(3568, 'Jalta', 'Jalta', 'Jalta', 154, 0, 1),
(3569, 'ST1', 'ST1', 'ST1', 155, 0, 1),
(3570, '114', '114', '114', 156, 0, 1),
(3571, '117', '117', '117', 156, 0, 1),
(3572, '4104', '4104', '4104', 156, 0, 1);

-- --------------------------------------------------------

--
-- Table structure for table `property_img`
--

CREATE TABLE `property_img` (
  `id` int(11) NOT NULL,
  `property_id` int(11) NOT NULL,
  `img_name` varchar(255) NOT NULL
) ENGINE=InnoDB DEFAULT CHARSET=latin1;

--
-- Dumping data for table `property_img`
--

INSERT INTO `property_img` (`id`, `property_id`, `img_name`) VALUES
(1, 1, '1564481212.8602019-maruti_swift.jpg'),
(2, 2, '1564481277.scorpio.jpeg'),
(3, 3, '1564555733.scorpio.jpeg'),
(25, 7, '1564564838.8602019-maruti_swift.jpg'),
(26, 4, '1564642089.scorpio.jpeg'),
(27, 5, '1564996050.8602019-maruti_swift.jpg'),
(28, 6, '1564996158.8602019-maruti_swift.jpg'),
(41, 13, '1565682293.download.jpeg'),
(42, 14, '1565700651.download-(1).jpeg'),
(43, 16, '1566540734.ic_bus.png'),
(44, 1, '1566541533.bicycle5.jpeg'),
(46, 17, '1566544011.bicycle5.jpeg'),
(47, 18, '1566557357.download.jpeg'),
(48, 19, '1566907805.McLaren.jpg'),
(49, 19, '1566907805.bugati.jpg'),
(50, 20, '1566907959.bugati.jpg'),
(51, 20, '1566907959.download.jpg'),
(52, 20, '1566907959.images.jpg'),
(58, 22, '1568268731.images-(3).jpeg'),
(59, 22, '1568268731.mclaren-mso-600lt-coupe.jpg'),
(60, 22, '1568268731.images-(2).jpeg'),
(63, 23, '1568272815.images-(3).jpeg'),
(64, 23, '1568272815.images-(2).jpeg'),
(65, 23, '1568272816.images.jpeg'),
(66, 24, '1568273052.images-(1).jpeg'),
(67, 25, '1568273443.images.jpeg'),
(68, 26, '1568273739.images-(3).jpeg'),
(69, 27, '1568274494.images-(3).jpeg'),
(70, 28, '1568275013.images-(3).jpeg'),
(71, 29, '1568275131.1568271759366.jpg'),
(72, 30, '1568275204.1568195406431.jpg'),
(73, 31, '1568365245.mclaren-mso-600lt-coupe.jpg'),
(74, 32, '1568368431.images-(2).jpeg'),
(75, 32, '1568368644.images.jpeg'),
(76, 31, '1568368666.images.jpeg'),
(77, 33, '1568368796.maruti-suzuki-baleno.jpg'),
(78, 34, '1568368827.1568196952203.jpg'),
(79, 35, '1568368972.images-(3).jpeg'),
(80, 36, '1568369081.images-(2).jpeg'),
(81, 37, '1568369217.images-(1).jpeg'),
(82, 36, '1568369439.images-(2).jpeg'),
(83, 38, '1568369621.images-(2).jpeg'),
(84, 39, '1568445582.home-2-about.png'),
(85, 40, '1568459475.images-(2).jpeg'),
(86, 40, '1568459592.images.jpeg'),
(87, 21, '1568460274.home-2-about.png'),
(88, 41, '1568614958.camera5.jpeg'),
(89, 41, '1568614959.speaker2.jpg'),
(90, 42, '1568627368.IMG-20190806-WA0001.jpg'),
(91, 42, '1568627661.IMG-20190809-WA0000.jpg'),
(92, 43, '1568721582.maruti-suzuki-baleno.jpg'),
(93, 44, '1568722288.home-2-about.png'),
(94, 45, '1568792375.photo-1514316703755-dca7d7d9d882.jpeg'),
(95, 45, '1568792375.photo-1511919884226-fd3cad34687c.jpeg'),
(96, 46, '1568798848.mclaren-mso-600lt-coupe.jpg'),
(97, 47, '1568801558.mclaren-mso-600lt-coupe.jpg'),
(98, 48, '1568874331.download.jpg'),
(111, 51, '1568981835.en1.jpg'),
(112, 51, '1568981835.en2.jpg'),
(113, 51, '1568981835.en3.jpg'),
(149, 54, '1569056190.vn1.png'),
(153, 50, '1569056657.bz3.jpg'),
(154, 50, '1569056657.bz4.jpg'),
(155, 55, '1569234160.mclaren-mso-600lt-coupe.jpg'),
(156, 56, '1569317924.user6.jpeg'),
(157, 57, '1569318925.wallet7.jpeg'),
(158, 47, '1569320681.images-(2).jpeg'),
(159, 58, '1569329290.wallet7.jpeg'),
(161, 59, '1569386935.maruti-suzuki-baleno.jpg'),
(162, 59, '1569386935.photo-1511919884226-fd3cad34687c.jpeg'),
(163, 59, '1569386935.photo-1514316703755-dca7d7d9d882.jpeg'),
(206, 54, '1569402411.vn2.jpg'),
(207, 54, '1569402411.vn3.jpg'),
(226, 58, '1569407150.android.png'),
(238, 58, '1569408003.bottle3.jpg'),
(239, 60, '1569480925.mclaren-mso-600lt-coupe.jpg'),
(240, 60, '1569480925.images-(2).jpeg'),
(241, 61, '1569490225.home-2-about.png'),
(242, 62, '1569491857.home-2-about.png'),
(243, 63, '1569577875.bm2.jpg'),
(244, 64, '1569579424.bm3.jpg'),
(246, 66, '1569583654.bm3.jpg'),
(247, 67, '1569838298.images-(3).jpeg'),
(248, 67, '1569838308.images-(2).jpeg'),
(249, 68, '1569936142.banner2.jpg'),
(250, 68, '1569936142.bottle1.jpeg'),
(251, 68, '1569936142.camera5.jpeg'),
(252, 69, '1570002686.laptop1.jpeg'),
(253, 69, '1570002686.speaker1.jpeg'),
(254, 69, '1570002686.cooker2.jpeg'),
(255, 70, '1570012012.images-(3).jpeg'),
(256, 70, '1570012028.images-(2).jpeg'),
(257, 71, '1570012532.images-(3).jpeg'),
(258, 71, '1570012549.images-(3).jpeg'),
(259, 72, '1570178631.images-(3).jpeg'),
(260, 72, '1570189045.ic_launch.png'),
(261, 73, '1570189789.images-(2).jpeg');

-- --------------------------------------------------------

--
-- Table structure for table `property_types`
--

CREATE TABLE `property_types` (
  `id` int(11) NOT NULL,
  `name` varchar(255) NOT NULL,
  `ar` varchar(255) CHARACTER SET utf8 NOT NULL,
  `ku` varchar(255) CHARACTER SET utf8 NOT NULL,
  `published` tinyint(4) NOT NULL
) ENGINE=InnoDB DEFAULT CHARSET=latin1;

--
-- Dumping data for table `property_types`
--

INSERT INTO `property_types` (`id`, `name`, `ar`, `ku`, `published`) VALUES
(1, 'For Buy & Sale', 'للبيع والبيع', 'خرید و فروخت کے لئے۔', 1),
(2, 'For Rent', 'للإيجار', 'For Rent', 1);

-- --------------------------------------------------------

--
-- Table structure for table `pro_feature`
--

CREATE TABLE `pro_feature` (
  `id` int(11) NOT NULL,
  `pro_id` int(11) NOT NULL,
  `feature_id` int(11) NOT NULL
) ENGINE=InnoDB DEFAULT CHARSET=utf8;

--
-- Dumping data for table `pro_feature`
--

INSERT INTO `pro_feature` (`id`, `pro_id`, `feature_id`) VALUES
(128, 0, 2),
(129, 0, 3),
(490, 187, 1),
(491, 187, 2),
(492, 187, 3),
(493, 187, 4),
(494, 187, 5),
(495, 187, 6),
(496, 187, 7),
(497, 187, 8),
(498, 187, 9),
(499, 187, 10),
(880, 57, 1),
(881, 57, 2),
(882, 57, 3),
(883, 57, 4),
(884, 57, 5),
(885, 57, 6),
(886, 57, 7),
(887, 57, 8),
(888, 57, 9),
(889, 57, 10);

-- --------------------------------------------------------

--
-- Table structure for table `settings`
--

CREATE TABLE `settings` (
  `id` int(10) UNSIGNED NOT NULL,
  `secure_secret` varchar(255) COLLATE utf8_unicode_ci NOT NULL,
  `online_url` varchar(255) COLLATE utf8_unicode_ci NOT NULL,
  `access_code` varchar(255) COLLATE utf8_unicode_ci NOT NULL,
  `merchantTxnref` varchar(255) COLLATE utf8_unicode_ci NOT NULL,
  `merchantId` varchar(255) COLLATE utf8_unicode_ci NOT NULL
) ENGINE=MyISAM DEFAULT CHARSET=utf8 COLLATE=utf8_unicode_ci;

-- --------------------------------------------------------

--
-- Table structure for table `setting_payment`
--

CREATE TABLE `setting_payment` (
  `id` int(11) NOT NULL,
  `stripe_key` longtext NOT NULL,
  `published_key` longtext NOT NULL
) ENGINE=InnoDB DEFAULT CHARSET=latin1;

--
-- Dumping data for table `setting_payment`
--

INSERT INTO `setting_payment` (`id`, `stripe_key`, `published_key`) VALUES
(1, 'sk_test_qKFL1d1wFqDp4DaVlL6gZzzr00eHSfRz5K', 'pk_test_zQm8B5ZcNuC0zdNyOdRxT5bt00mUd7EHk8');

-- --------------------------------------------------------

--
-- Table structure for table `shipping_address`
--

CREATE TABLE `shipping_address` (
  `id` int(11) NOT NULL,
  `fname` varchar(255) NOT NULL,
  `lname` varchar(255) NOT NULL,
  `company` varchar(255) NOT NULL,
  `address` varchar(255) NOT NULL,
  `email` varchar(255) NOT NULL,
  `phone` varchar(255) NOT NULL
) ENGINE=InnoDB DEFAULT CHARSET=latin1;

--
-- Dumping data for table `shipping_address`
--

INSERT INTO `shipping_address` (`id`, `fname`, `lname`, `company`, `address`, `email`, `phone`) VALUES
(1, 'test', 'test', 'test', 'test', 'test@gmail.comn', '9632587410'),
(2, 'ggdsg', 'dsgdsg', 'gsdg', 'gdsgsgsd', 'gdsgd', 'gsdgsd'),
(3, 'bfbhfd', 'hfdhd', 'hdh', 'hdfhd', 'hdfhd', 'dfh'),
(4, 'bfbhfd', 'hfdhd', 'hdh', 'hdfhd', 'hdfhd', 'dfh'),
(5, 'gsgds', 'ggsdg', 'sdgd', 'gsdg', 'dsgsd', 'gdsgd'),
(6, 'dfsaf', 'fsfasf', 'fsaf', 'faf', 'faf', 'fasfa'),
(7, 'dfda', 'fasfsaf', 'fsa', 'fsafaf', 'fsafs', 'fas'),
(8, 'fasdfsaf', 'safaf', 'afa', 'fsaff', 'afsafa', 'ffafa'),
(9, 'wew', 'v', 'vdfa', 'fasfaf', 'asfaf', 'afas'),
(10, 'dsgsg', 'gsd', 'gdsgsg', 'sgsg', 'sgsg', 'sgs'),
(11, 'dfh', 'hshs', 'hsh', 'sh', 'hsdfh', 'shs'),
(12, 'hdfh', 'hsh', 'shshs', 'hsh', 'hdshs', 'ghsgsg'),
(13, 'fd', 'fdf', 'd', 'fd', 'fd', 'fd'),
(14, 'tw', 'twe', 'tewtwt', 'twt', 'wetew', 't'),
(15, 'gdsg', 'gg', 'gsg', 'gsg', 'gsg', 'gsgs'),
(16, 'dfh', 'hshs', 'hsh', 'sh', 'hsdfh', 'shs'),
(17, 'GFDSG', 'DAGADGA', 'GDSGD', 'GADGA', 'GAGA', 'GA'),
(18, 'vdzg', 'fgsa', 'afaf', 'fasf', 'test@gmail.com', 'afas'),
(19, 'rewr', 'fasfa', 'fasf', 'fasfsa', 'fasfa@hotmail.com', 'fasfasf');

-- --------------------------------------------------------

--
-- Table structure for table `showroom_city`
--

CREATE TABLE `showroom_city` (
  `id` int(11) NOT NULL,
  `admin_id` int(11) NOT NULL,
  `city_id` int(11) NOT NULL
) ENGINE=InnoDB DEFAULT CHARSET=latin1;

--
-- Dumping data for table `showroom_city`
--

INSERT INTO `showroom_city` (`id`, `admin_id`, `city_id`) VALUES
(1, 30, 11),
(2, 30, 12),
(3, 30, 14),
(4, 30, 11),
(5, 30, 12),
(6, 30, 13),
(7, 45, 12),
(8, 45, 14),
(9, 44, 12),
(10, 44, 14),
(11, 44, 15),
(12, 1, 11),
(13, 1, 13),
(14, 1, 11),
(15, 1, 13),
(16, 44, 12),
(17, 44, 14),
(18, 44, 15),
(19, 44, 12),
(20, 44, 14),
(21, 44, 15),
(22, 1, 11),
(23, 1, 13),
(24, 1, 15),
(25, 45, 11),
(26, 45, 12),
(27, 45, 14),
(28, 1, 11),
(29, 1, 12),
(30, 1, 13),
(31, 1, 15),
(32, 45, 11),
(33, 45, 12),
(34, 45, 14),
(35, 45, 11),
(36, 45, 12),
(37, 45, 13),
(38, 45, 14),
(39, 44, 11),
(40, 44, 12),
(41, 44, 14),
(42, 44, 15),
(43, 31, 11),
(44, 31, 12),
(45, 31, 13),
(46, 30, 11),
(47, 30, 12),
(48, 30, 11),
(49, 30, 12),
(50, 43, 12),
(51, 43, 13),
(52, 43, 12),
(53, 29, 11),
(54, 29, 13),
(55, 29, 11),
(56, 45, 11),
(57, 45, 12),
(58, 45, 13);

-- --------------------------------------------------------

--
-- Table structure for table `store_city`
--

CREATE TABLE `store_city` (
  `id` int(11) NOT NULL,
  `admin_id` int(11) NOT NULL,
  `city_id` int(11) NOT NULL
) ENGINE=InnoDB DEFAULT CHARSET=latin1;

--
-- Dumping data for table `store_city`
--

INSERT INTO `store_city` (`id`, `admin_id`, `city_id`) VALUES
(1, 44, 11),
(2, 44, 12),
(3, 44, 14);

-- --------------------------------------------------------

--
-- Table structure for table `top_property`
--

CREATE TABLE `top_property` (
  `id` int(11) NOT NULL,
  `propertyId` int(11) NOT NULL,
  `fromdate` date NOT NULL,
  `todate` date NOT NULL,
  `date` timestamp NOT NULL DEFAULT CURRENT_TIMESTAMP ON UPDATE CURRENT_TIMESTAMP
) ENGINE=InnoDB DEFAULT CHARSET=latin1;

--
-- Dumping data for table `top_property`
--

INSERT INTO `top_property` (`id`, `propertyId`, `fromdate`, `todate`, `date`) VALUES
(1, 2, '2019-08-09', '2019-08-22', '2019-10-07 05:50:04'),
(2, 3, '2019-09-19', '2019-09-29', '2019-10-07 05:50:04'),
(3, 6, '2019-10-01', '2019-10-03', '2019-10-07 05:50:05');

-- --------------------------------------------------------

--
-- Table structure for table `upload_id`
--

CREATE TABLE `upload_id` (
  `id` int(11) NOT NULL,
  `c_agentId` int(11) NOT NULL,
  `image` varchar(255) NOT NULL
) ENGINE=InnoDB DEFAULT CHARSET=latin1;

--
-- Dumping data for table `upload_id`
--

INSERT INTO `upload_id` (`id`, `c_agentId`, `image`) VALUES
(15, 9, '1566207496.Maruti-Suzuki-Baleno-Right-Front-Three-Quarter-147420.jpg'),
(16, 10, '1566207937.Maruti-Suzuki-Baleno-Right-Front-Three-Quarter-147420.jpg'),
(17, 11, '1566207998.Maruti-Suzuki-Baleno-Right-Front-Three-Quarter-147420.jpg'),
(18, 13, '1568617782.bugati.jpg'),
(19, 13, '1568617782.download.jpg'),
(20, 13, '1568617782.images.jpg'),
(21, 14, '1568625395.IMG-20190916-WA0011.jpg'),
(22, 15, '1568625578.test.png'),
(23, 16, '1568625797.IMG-20190916-WA0011.jpg'),
(24, 17, '1568625812.test.png'),
(25, 20, '1568626193.test.png'),
(26, 22, '1568626312.IMG-20190916-WA0011.jpg'),
(27, 23, '1568627251.IMG-20190807-WA0001.jpg'),
(28, 26, '1568964650_0_wallet5.jpeg'),
(29, 26, '1568964650_1_wallet1.jpeg'),
(30, 26, '1568964650_2_user6.jpeg'),
(42, 30, '1568964932_2_user4.jpeg'),
(47, 36, '1568973017_0_speaker3.jpeg'),
(48, 36, '1568973017_1_speaker1.jpeg'),
(49, 37, '1568974695_0_wallet7.jpeg'),
(50, 37, '1568974696_1_user6.jpeg'),
(51, 37, '1568974696_2_user4.jpeg'),
(52, 37, '1568974696_3_user2.jpeg'),
(53, 38, '1568975101_0_wallet7.jpeg'),
(54, 38, '1568975101_1_wallet2.jpg'),
(55, 38, '1568975101_2_user7.jpeg'),
(56, 38, '1568975101_3_user6.jpeg'),
(57, 39, '1569059714.mclaren-mso-600lt-coupe.jpg'),
(58, 40, '1569483395.mclaren-mso-600lt-coupe.jpg'),
(59, 41, '1569838028.images-(3).jpeg'),
(60, 42, '1569844083_0_bicycle5.jpeg'),
(61, 42, '1569844083_1_bicycle3.jpg'),
(62, 42, '1569844083_2_bicycle2.jpeg'),
(63, 43, '1569935403_0_android.png'),
(64, 43, '1569935403_1_bicycle2.jpeg'),
(65, 43, '1569935403_4_camera5.jpeg'),
(66, 44, '1570012082.images-(3).jpeg'),
(67, 45, '1570012297.images-(3).jpeg'),
(68, 46, '1570012436.images-(3).jpeg');

-- --------------------------------------------------------

--
-- Table structure for table `userdevicetoken`
--

CREATE TABLE `userdevicetoken` (
  `id` int(11) NOT NULL,
  `device` tinyint(4) NOT NULL,
  `deviceToken` varchar(225) NOT NULL,
  `userId` int(11) NOT NULL
) ENGINE=InnoDB DEFAULT CHARSET=latin1;

--
-- Dumping data for table `userdevicetoken`
--

INSERT INTO `userdevicetoken` (`id`, `device`, `deviceToken`, `userId`) VALUES
(1, 1, '123456', 0),
(2, 1, '1222222', 0),
(3, 1, '2332324', 0),
(4, 1, 'dJxP54Qq3Bk:APA91bH9xAsIjSFy6m6CKRYa1LrNwsvG3NgqN2witvo13qxf_L8QgrMSCNmaMsMmRDCUiMgbT31Ye4lb24Ulk40vwmV8umZLOLEQV32s46gLks77f0mZslj5evv4i2ZV9-T8oW86WbjX', 0),
(5, 1, 'dhpQx22ENzg:APA91bE3yZWgnVvpKyFYOTnvbkKDtutYeE-YnWnfAjkmknB6URbZChPGba-2AvmR0TlzZm1-WgKoqlyk96VfzwiEQyBqYw2qNhsB7fBZkweuRwQfKEt-VHFX_wRDX0dNLDUlDHp8p27-', 0);

-- --------------------------------------------------------

--
-- Table structure for table `usergroups`
--

CREATE TABLE `usergroups` (
  `id` int(11) NOT NULL,
  `typeName` varchar(255) NOT NULL,
  `parentGroup` int(11) NOT NULL
) ENGINE=InnoDB DEFAULT CHARSET=latin1;

--
-- Dumping data for table `usergroups`
--

INSERT INTO `usergroups` (`id`, `typeName`, `parentGroup`) VALUES
(1, 'admin', 0),
(2, 'owner', 0),
(3, 'agent', 0);

-- --------------------------------------------------------

--
-- Table structure for table `users`
--

CREATE TABLE `users` (
  `id` int(11) NOT NULL,
  `name` varchar(255) NOT NULL,
  `lname` varchar(255) NOT NULL,
  `username` varchar(50) NOT NULL,
  `dob` date NOT NULL,
  `gender` int(11) NOT NULL,
  `aged` int(11) NOT NULL,
  `email` varchar(255) NOT NULL,
  `password` varchar(255) DEFAULT NULL,
  `phone` varchar(255) NOT NULL,
  `image` varchar(255) NOT NULL,
  `created_at` timestamp NOT NULL DEFAULT CURRENT_TIMESTAMP ON UPDATE CURRENT_TIMESTAMP,
  `updated_at` timestamp NULL DEFAULT NULL,
  `address` text NOT NULL,
  `device` varchar(255) NOT NULL,
  `deviceToken` varchar(255) NOT NULL
) ENGINE=InnoDB DEFAULT CHARSET=latin1;

--
-- Dumping data for table `users`
--

INSERT INTO `users` (`id`, `name`, `lname`, `username`, `dob`, `gender`, `aged`, `email`, `password`, `phone`, `image`, `created_at`, `updated_at`, `address`, `device`, `deviceToken`) VALUES
(1, 'murat', 'patel', 'murat', '1994-07-07', 1, 0, 'murat@gmail.com', 'e10adc3949ba59abbe56e057f20f883e', '9632587410', '1564557880.silhouette-car-with-key-auto-car-logo-png_33231.jpg', '2019-08-02 11:13:23', '2019-07-25 01:36:50', 'nehrunagar,ahmedabad,gujarat', '', ''),
(2, 'prakash', 's', 'prakash', '1995-08-01', 1, 0, 'testing@gmail.com', 'e10adc3949ba59abbe56e057f20f883e', '', '1564046714.user6.jpeg', '2019-07-31 06:25:59', '2019-07-25 02:06:04', 'jasodanagar', '', ''),
(3, 'Bella', 'g', 'Bella', '0000-00-00', 1, 0, 'bella@gmail.com', 'e10adc3949ba59abbe56e057f20f883e', '', '', '2019-09-28 10:06:07', '2019-07-25 02:06:04', '', '1', '123456'),
(4, 'kavya', 't', 'kavya', '2019-07-15', 2, 0, 'kavya@gmail.com', 'e10adc3949ba59abbe56e057f20f883e', '', '1568633638.bottle1.jpeg', '2019-09-16 11:34:02', '2019-09-16 06:04:02', 'navshari', '', ''),
(5, 'test1', '', 'test1', '0000-00-00', 0, 0, 'test1@gmail.com', 'e10adc3949ba59abbe56e057f20f883e', '', '', '2019-07-29 07:03:04', NULL, '', '', ''),
(6, 'demo', 'demo l', 'demo', '2019-07-30', 1, 0, 'demo@gmail.com', 'e10adc3949ba59abbe56e057f20f883e', '', '1564465854.23703JD_01_1553616680.jpg', '2019-07-30 05:50:54', '2019-07-30 00:20:54', 'sdfgsfg', '', ''),
(7, 'dfh', 'dfh', 'dgfh', '2019-08-23', 1, 1, 'sdf@gmail.com', '202cb962ac59075b964b07152d234b70', '', '', '2019-08-07 05:25:05', '2019-08-06 23:54:29', 'sfgdfgh', '', ''),
(8, 'p', 's', 'ps', '2019-08-27', 1, 0, 'prakash@gmail.com', '3db20af828d7bbfb0b0b6043dea3b24c', '', '', '2019-08-13 05:03:18', '2019-08-12 23:33:18', 'dsgs', '', ''),
(9, 'Amit', 'zala', 'Amit', '1996-08-28', 0, 0, 'amit@gmail.com', 'e35cf7b66449df565f93c607d5a81d09', '9724604987', '1566983061.Screenshot_2019-08-27-08-54-21-69_dac7cc7571c39b392df64923967cf7da.png', '2019-08-28 09:08:37', NULL, 'Mosul, Iraq', '', ''),
(10, 'dolly', 'patel', 'dolly', '1994-08-26', 0, 0, 'dolly@gmail.com', 'e10adc3949ba59abbe56e057f20f883e', '9898989898', '1567052677.Screenshot_2019-08-27-08-54-21-69_dac7cc7571c39b392df64923967cf7da.png', '2019-08-29 04:24:37', NULL, 'Iraq', '', ''),
(11, 'piyu', 'zala', 'piyu', '0000-00-00', 0, 0, 'piyu@gmail.com', 'e10adc3949ba59abbe56e057f20f883e', '1534567893', '1566470544.pfour.jpg', '2019-08-22 10:42:24', NULL, 'Kurdistan, Erbil, Iraq', '', ''),
(12, 'carlocal', 'zfgg', 'carlocal', '2002-09-12', 0, 0, 'carlocal@gmail.com', 'e10adc3949ba59abbe56e057f20f883e', '9865323652', '1570012395.mclaren-mso-600lt-coupe.jpg', '2019-10-04 06:34:24', NULL, 'Mosul, Iraq', '1', 'dhpQx22ENzg:APA91bE3yZWgnVvpKyFYOTnvbkKDtutYeE-YnWnfAjkmknB6URbZChPGba-2AvmR0TlzZm1-WgKoqlyk96VfzwiEQyBqYw2qNhsB7fBZkweuRwQfKEt-VHFX_wRDX0dNLDUlDHp8p27-'),
(13, '', '', 'komal', '0000-00-00', 0, 0, 'komal@gmail.com', 'e10adc3949ba59abbe56e057f20f883e', '', '', '2019-09-12 05:58:42', '2019-09-12 05:58:42', '', '', ''),
(14, '', '', 'Kinjal', '0000-00-00', 0, 0, 'kinjal@gmail.com', 'e10adc3949ba59abbe56e057f20f883e', '', '', '2019-09-12 06:19:28', '2019-09-12 06:19:28', '', '', ''),
(15, 'sandip', 'dalvadi', 'sandip', '1999-07-03', 1, 0, 'sandeep@harmistechnology.com', 'e10adc3949ba59abbe56e057f20f883e', '78755555', '', '2019-09-25 09:24:41', '2019-09-25 03:54:41', 'B 304/2,harmis technology,, Gopal palace jhansi ki rani BRTS bus stop,, near siromani complex', '', ''),
(16, 'carloc', 'patel', 'carloc', '2008-09-16', 0, 0, 'carloc@gmail.com', 'e10adc3949ba59abbe56e057f20f883e', '9898989898', '', '2019-09-16 09:46:09', NULL, 'Iraq', '', ''),
(17, 'Hitesh', 'devaiya', 'hitesh', '1997-08-02', 1, 0, 'hitesh@gmail.com', 'e10adc3949ba59abbe56e057f20f883e', '9523695263', '1569214716.male.jpeg', '2019-09-23 04:59:57', '2019-09-22 23:29:57', '', '', ''),
(18, '', '', 'urvi', '0000-00-00', 0, 0, 'urvi@gmail.com', 'e10adc3949ba59abbe56e057f20f883e', '', '1568889511.user2.jpeg', '2019-09-19 10:38:31', '2019-09-19 04:10:10', '', '', ''),
(19, 'testuser', 'zzzz', 'testuser', '1994-09-23', 0, 0, 'testuser@gmail.com', 'e10adc3949ba59abbe56e057f20f883e', '9865326598', '', '2019-09-23 10:20:13', NULL, 'Baghdad, Iraq', '', ''),
(20, '', '', 'hardik', '0000-00-00', 0, 0, 'harmistechnology@gmail.com', '4ef3c0949f24bc5f2d2f1bac8f2d3454', '', '', '2019-09-24 00:08:29', '2019-09-24 00:08:29', '', '', ''),
(21, 'carlive', 'ssss', 'carlive', '1994-09-26', 0, 0, 'carlive@gmail.com', 'e10adc3949ba59abbe56e057f20f883e', '9898653265', '1569480975.images.jpeg', '2019-09-26 06:56:15', NULL, 'Mosul, Iraq', '', ''),
(22, '', '', 'jay', '0000-00-00', 0, 0, 'jay@gmail.com', 'e10adc3949ba59abbe56e057f20f883e', '', '', '2019-09-26 07:26:57', '2019-09-26 07:26:57', '', '', ''),
(23, '', '', 'ravi', '0000-00-00', 0, 0, 'ravi@gmail.com', 'e10adc3949ba59abbe56e057f20f883e', '', '', '2019-09-26 07:27:42', '2019-09-26 07:27:42', '', '', ''),
(24, 'hitesh1', '', 'hitesh1', '0000-00-00', 0, 0, 'hitesh1@gmail.com', 'e10adc3949ba59abbe56e057f20f883e', '', '', '2019-10-03 02:27:13', '2019-10-03 02:27:13', '', '', '');

-- --------------------------------------------------------

--
-- Table structure for table `zones`
--

CREATE TABLE `zones` (
  `zone_id` int(11) NOT NULL,
  `zone_country_id` int(11) NOT NULL,
  `zone_code` varchar(32) COLLATE utf8_unicode_ci NOT NULL,
  `zone_name` varchar(255) COLLATE utf8_unicode_ci NOT NULL
) ENGINE=InnoDB DEFAULT CHARSET=utf8 COLLATE=utf8_unicode_ci;

--
-- Dumping data for table `zones`
--

INSERT INTO `zones` (`zone_id`, `zone_country_id`, `zone_code`, `zone_name`) VALUES
(1, 223, 'AL', 'Alabama'),
(2, 223, 'AK', 'Alaska'),
(3, 223, 'AS', 'American Samoa'),
(4, 223, 'AZ', 'Arizona'),
(5, 223, 'AR', 'Arkansas'),
(6, 223, 'AF', 'Armed Forces Africa'),
(7, 223, 'AA', 'Armed Forces Americas'),
(8, 223, 'AC', 'Armed Forces Canada'),
(9, 223, 'AE', 'Armed Forces Europe'),
(10, 223, 'AM', 'Armed Forces Middle East'),
(11, 223, 'AP', 'Armed Forces Pacific'),
(12, 223, 'CA', 'California'),
(13, 223, 'CO', 'Colorado'),
(14, 223, 'CT', 'Connecticut'),
(15, 223, 'DE', 'Delaware'),
(16, 223, 'DC', 'District of Columbia'),
(17, 223, 'FM', 'Federated States Of Micronesia'),
(18, 223, 'FL', 'Florida'),
(19, 223, 'GA', 'Georgia'),
(20, 223, 'GU', 'Guam'),
(21, 223, 'HI', 'Hawaii'),
(22, 223, 'ID', 'Idaho'),
(23, 223, 'IL', 'Illinois'),
(24, 223, 'IN', 'Indiana'),
(25, 223, 'IA', 'Iowa'),
(26, 223, 'KS', 'Kansas'),
(27, 223, 'KY', 'Kentucky'),
(28, 223, 'LA', 'Louisiana'),
(29, 223, 'ME', 'Maine'),
(30, 223, 'MH', 'Marshall Islands'),
(31, 223, 'MD', 'Maryland'),
(32, 223, 'MA', 'Massachusetts'),
(33, 223, 'MI', 'Michigan'),
(34, 223, 'MN', 'Minnesota'),
(35, 223, 'MS', 'Mississippi'),
(36, 223, 'MO', 'Missouri'),
(37, 223, 'MT', 'Montana'),
(38, 223, 'NE', 'Nebraska'),
(39, 223, 'NV', 'Nevada'),
(40, 223, 'NH', 'New Hampshire'),
(41, 223, 'NJ', 'New Jersey'),
(42, 223, 'NM', 'New Mexico'),
(43, 223, 'NY', 'New York'),
(44, 223, 'NC', 'North Carolina'),
(45, 223, 'ND', 'North Dakota'),
(46, 223, 'MP', 'Northern Mariana Islands'),
(47, 223, 'OH', 'Ohio'),
(48, 223, 'OK', 'Oklahoma'),
(49, 223, 'OR', 'Oregon'),
(50, 223, 'PW', 'Palau'),
(51, 223, 'PA', 'Pennsylvania'),
(52, 223, 'PR', 'Puerto Rico'),
(53, 223, 'RI', 'Rhode Island'),
(54, 223, 'SC', 'South Carolina'),
(55, 223, 'SD', 'South Dakota'),
(56, 223, 'TN', 'Tennessee'),
(57, 223, 'TX', 'Texas'),
(58, 223, 'UT', 'Utah'),
(59, 223, 'VT', 'Vermont'),
(60, 223, 'VI', 'Virgin Islands'),
(61, 223, 'VA', 'Virginia'),
(62, 223, 'WA', 'Washington'),
(63, 223, 'WV', 'West Virginia'),
(64, 223, 'WI', 'Wisconsin'),
(65, 223, 'WY', 'Wyoming'),
(66, 38, 'AB', 'Alberta'),
(67, 38, 'BC', 'British Columbia'),
(68, 38, 'MB', 'Manitoba'),
(69, 38, 'NF', 'Newfoundland'),
(70, 38, 'NB', 'New Brunswick'),
(71, 38, 'NS', 'Nova Scotia'),
(72, 38, 'NT', 'Northwest Territories'),
(73, 38, 'NU', 'Nunavut'),
(74, 38, 'ON', 'Ontario'),
(75, 38, 'PE', 'Prince Edward Island'),
(76, 38, 'QC', 'Quebec'),
(77, 38, 'SK', 'Saskatchewan'),
(78, 38, 'YT', 'Yukon Territory'),
(79, 81, 'NDS', 'Niedersachsen'),
(80, 81, 'BAW', 'Baden-Württemberg'),
(81, 81, 'BAY', 'Bayern'),
(82, 81, 'BER', 'Berlin'),
(83, 81, 'BRG', 'Brandenburg'),
(84, 81, 'BRE', 'Bremen'),
(85, 81, 'HAM', 'Hamburg'),
(86, 81, 'HES', 'Hessen'),
(87, 81, 'MEC', 'Mecklenburg-Vorpommern'),
(88, 81, 'NRW', 'Nordrhein-Westfalen'),
(89, 81, 'RHE', 'Rheinland-Pfalz'),
(90, 81, 'SAR', 'Saarland'),
(91, 81, 'SAS', 'Sachsen'),
(92, 81, 'SAC', 'Sachsen-Anhalt'),
(93, 81, 'SCN', 'Schleswig-Holstein'),
(94, 81, 'THE', 'Thüringen'),
(95, 14, 'WI', 'Wien'),
(96, 14, 'NO', 'Niederösterreich'),
(97, 14, 'OO', 'Oberösterreich'),
(98, 14, 'SB', 'Salzburg'),
(99, 14, 'KN', 'Kärnten'),
(100, 14, 'ST', 'Steiermark'),
(101, 14, 'TI', 'Tirol'),
(102, 14, 'BL', 'Burgenland'),
(103, 14, 'VB', 'Voralberg'),
(104, 204, 'AG', 'Aargau'),
(105, 204, 'AI', 'Appenzell Innerrhoden'),
(106, 204, 'AR', 'Appenzell Ausserrhoden'),
(107, 204, 'BE', 'Bern'),
(108, 204, 'BL', 'Basel-Landschaft'),
(109, 204, 'BS', 'Basel-Stadt'),
(110, 204, 'FR', 'Freiburg'),
(111, 204, 'GE', 'Genf'),
(112, 204, 'GL', 'Glarus'),
(113, 204, 'JU', 'Graubünden'),
(114, 204, 'JU', 'Jura'),
(115, 204, 'LU', 'Luzern'),
(116, 204, 'NE', 'Neuenburg'),
(117, 204, 'NW', 'Nidwalden'),
(118, 204, 'OW', 'Obwalden'),
(119, 204, 'SG', 'St. Gallen'),
(120, 204, 'SH', 'Schaffhausen'),
(121, 204, 'SO', 'Solothurn'),
(122, 204, 'SZ', 'Schwyz'),
(123, 204, 'TG', 'Thurgau'),
(124, 204, 'TI', 'Tessin'),
(125, 204, 'UR', 'Uri'),
(126, 204, 'VD', 'Waadt'),
(127, 204, 'VS', 'Wallis'),
(128, 204, 'ZG', 'Zug'),
(129, 204, 'ZH', 'Zürich'),
(130, 195, 'A Coruña', 'A Coruña'),
(131, 195, 'Alava', 'Alava'),
(132, 195, 'Albacete', 'Albacete'),
(133, 195, 'Alicante', 'Alicante'),
(134, 195, 'Almeria', 'Almeria'),
(135, 195, 'Asturias', 'Asturias'),
(136, 195, 'Avila', 'Avila'),
(137, 195, 'Badajoz', 'Badajoz'),
(138, 195, 'Baleares', 'Baleares'),
(139, 195, 'Barcelona', 'Barcelona'),
(140, 195, 'Burgos', 'Burgos'),
(141, 195, 'Caceres', 'Caceres'),
(142, 195, 'Cadiz', 'Cadiz'),
(143, 195, 'Cantabria', 'Cantabria'),
(144, 195, 'Castellon', 'Castellon'),
(145, 195, 'Ceuta', 'Ceuta'),
(146, 195, 'Ciudad Real', 'Ciudad Real'),
(147, 195, 'Cordoba', 'Cordoba'),
(148, 195, 'Cuenca', 'Cuenca'),
(149, 195, 'Girona', 'Girona'),
(150, 195, 'Granada', 'Granada'),
(151, 195, 'Guadalajara', 'Guadalajara'),
(152, 195, 'Guipuzcoa', 'Guipuzcoa'),
(153, 195, 'Huelva', 'Huelva'),
(154, 195, 'Huesca', 'Huesca'),
(155, 195, 'Jaen', 'Jaen'),
(156, 195, 'La Rioja', 'La Rioja'),
(157, 195, 'Las Palmas', 'Las Palmas'),
(158, 195, 'Leon', 'Leon'),
(159, 195, 'Lleida', 'Lleida'),
(160, 195, 'Lugo', 'Lugo'),
(161, 195, 'Madrid', 'Madrid'),
(162, 195, 'Malaga', 'Malaga'),
(163, 195, 'Melilla', 'Melilla'),
(164, 195, 'Murcia', 'Murcia'),
(165, 195, 'Navarra', 'Navarra'),
(166, 195, 'Ourense', 'Ourense'),
(167, 195, 'Palencia', 'Palencia'),
(168, 195, 'Pontevedra', 'Pontevedra'),
(169, 195, 'Salamanca', 'Salamanca'),
(170, 195, 'Santa Cruz de Tenerife', 'Santa Cruz de Tenerife'),
(171, 195, 'Segovia', 'Segovia'),
(172, 195, 'Sevilla', 'Sevilla'),
(173, 195, 'Soria', 'Soria'),
(174, 195, 'Tarragona', 'Tarragona'),
(175, 195, 'Teruel', 'Teruel'),
(176, 195, 'Toledo', 'Toledo'),
(177, 195, 'Valencia', 'Valencia'),
(178, 195, 'Valladolid', 'Valladolid'),
(179, 195, 'Vizcaya', 'Vizcaya'),
(180, 195, 'Zamora', 'Zamora'),
(181, 195, 'Zaragoza', 'Zaragoza'),
(182, 99, 'GJ', 'Gujarat'),
(183, 99, 'MH', 'Mharashtra');

--
-- Indexes for dumped tables
--

--
-- Indexes for table `123specification`
--
ALTER TABLE `123specification`
  ADD PRIMARY KEY (`id`);

--
-- Indexes for table `aboutus`
--
ALTER TABLE `aboutus`
  ADD PRIMARY KEY (`id`);

--
-- Indexes for table `administrators`
--
ALTER TABLE `administrators`
  ADD PRIMARY KEY (`myid`),
  ADD UNIQUE KEY `administrators_email_unique` (`email`),
  ADD KEY `email` (`email`);

--
-- Indexes for table `ads`
--
ALTER TABLE `ads`
  ADD PRIMARY KEY (`id`);

--
-- Indexes for table `car_accessories`
--
ALTER TABLE `car_accessories`
  ADD PRIMARY KEY (`id`);

--
-- Indexes for table `car_accessories_img`
--
ALTER TABLE `car_accessories_img`
  ADD PRIMARY KEY (`id`);

--
-- Indexes for table `car_brand`
--
ALTER TABLE `car_brand`
  ADD PRIMARY KEY (`id`);

--
-- Indexes for table `car_year`
--
ALTER TABLE `car_year`
  ADD PRIMARY KEY (`id`);

--
-- Indexes for table `city`
--
ALTER TABLE `city`
  ADD PRIMARY KEY (`id`);

--
-- Indexes for table `contact_admin`
--
ALTER TABLE `contact_admin`
  ADD PRIMARY KEY (`id`);

--
-- Indexes for table `contact_agent`
--
ALTER TABLE `contact_agent`
  ADD PRIMARY KEY (`id`);

--
-- Indexes for table `contact_us`
--
ALTER TABLE `contact_us`
  ADD PRIMARY KEY (`id`);

--
-- Indexes for table `countries`
--
ALTER TABLE `countries`
  ADD PRIMARY KEY (`countries_id`);

--
-- Indexes for table `driverLicense`
--
ALTER TABLE `driverLicense`
  ADD PRIMARY KEY (`id`);

--
-- Indexes for table `fueltype`
--
ALTER TABLE `fueltype`
  ADD PRIMARY KEY (`id`);

--
-- Indexes for table `get_touch`
--
ALTER TABLE `get_touch`
  ADD PRIMARY KEY (`id`);

--
-- Indexes for table `homeslide`
--
ALTER TABLE `homeslide`
  ADD PRIMARY KEY (`id`);

--
-- Indexes for table `migrations`
--
ALTER TABLE `migrations`
  ADD PRIMARY KEY (`id`);

--
-- Indexes for table `notification`
--
ALTER TABLE `notification`
  ADD PRIMARY KEY (`id`);

--
-- Indexes for table `orders`
--
ALTER TABLE `orders`
  ADD PRIMARY KEY (`Order_ID`);

--
-- Indexes for table `paymentGatway`
--
ALTER TABLE `paymentGatway`
  ADD PRIMARY KEY (`id`);

--
-- Indexes for table `pdf_report`
--
ALTER TABLE `pdf_report`
  ADD PRIMARY KEY (`id`);

--
-- Indexes for table `Place_Order`
--
ALTER TABLE `Place_Order`
  ADD PRIMARY KEY (`Place_Order_ID`);

--
-- Indexes for table `procategory`
--
ALTER TABLE `procategory`
  ADD PRIMARY KEY (`id`);

--
-- Indexes for table `properties`
--
ALTER TABLE `properties`
  ADD PRIMARY KEY (`id`);

--
-- Indexes for table `property_category`
--
ALTER TABLE `property_category`
  ADD PRIMARY KEY (`id`);

--
-- Indexes for table `property_img`
--
ALTER TABLE `property_img`
  ADD PRIMARY KEY (`id`);

--
-- Indexes for table `property_types`
--
ALTER TABLE `property_types`
  ADD PRIMARY KEY (`id`);

--
-- Indexes for table `pro_feature`
--
ALTER TABLE `pro_feature`
  ADD PRIMARY KEY (`id`);

--
-- Indexes for table `setting_payment`
--
ALTER TABLE `setting_payment`
  ADD PRIMARY KEY (`id`);

--
-- Indexes for table `shipping_address`
--
ALTER TABLE `shipping_address`
  ADD PRIMARY KEY (`id`);

--
-- Indexes for table `showroom_city`
--
ALTER TABLE `showroom_city`
  ADD PRIMARY KEY (`id`);

--
-- Indexes for table `store_city`
--
ALTER TABLE `store_city`
  ADD PRIMARY KEY (`id`);

--
-- Indexes for table `top_property`
--
ALTER TABLE `top_property`
  ADD PRIMARY KEY (`id`);

--
-- Indexes for table `upload_id`
--
ALTER TABLE `upload_id`
  ADD PRIMARY KEY (`id`);

--
-- Indexes for table `userdevicetoken`
--
ALTER TABLE `userdevicetoken`
  ADD PRIMARY KEY (`id`);

--
-- Indexes for table `usergroups`
--
ALTER TABLE `usergroups`
  ADD PRIMARY KEY (`id`);

--
-- Indexes for table `users`
--
ALTER TABLE `users`
  ADD PRIMARY KEY (`id`);

--
-- Indexes for table `zones`
--
ALTER TABLE `zones`
  ADD PRIMARY KEY (`zone_id`);

--
-- AUTO_INCREMENT for dumped tables
--

--
-- AUTO_INCREMENT for table `123specification`
--
ALTER TABLE `123specification`
  MODIFY `id` int(11) NOT NULL AUTO_INCREMENT, AUTO_INCREMENT=6;
--
-- AUTO_INCREMENT for table `aboutus`
--
ALTER TABLE `aboutus`
  MODIFY `id` int(11) NOT NULL AUTO_INCREMENT, AUTO_INCREMENT=2;
--
-- AUTO_INCREMENT for table `administrators`
--
ALTER TABLE `administrators`
  MODIFY `myid` int(10) UNSIGNED NOT NULL AUTO_INCREMENT, AUTO_INCREMENT=46;
--
-- AUTO_INCREMENT for table `ads`
--
ALTER TABLE `ads`
  MODIFY `id` int(11) NOT NULL AUTO_INCREMENT, AUTO_INCREMENT=3;
--
-- AUTO_INCREMENT for table `car_accessories`
--
ALTER TABLE `car_accessories`
  MODIFY `id` int(11) NOT NULL AUTO_INCREMENT, AUTO_INCREMENT=14;
--
-- AUTO_INCREMENT for table `car_accessories_img`
--
ALTER TABLE `car_accessories_img`
  MODIFY `id` int(11) NOT NULL AUTO_INCREMENT, AUTO_INCREMENT=39;
--
-- AUTO_INCREMENT for table `car_brand`
--
ALTER TABLE `car_brand`
  MODIFY `id` int(11) NOT NULL AUTO_INCREMENT, AUTO_INCREMENT=157;
--
-- AUTO_INCREMENT for table `car_year`
--
ALTER TABLE `car_year`
  MODIFY `id` int(11) NOT NULL AUTO_INCREMENT, AUTO_INCREMENT=74;
--
-- AUTO_INCREMENT for table `city`
--
ALTER TABLE `city`
  MODIFY `id` int(11) NOT NULL AUTO_INCREMENT, AUTO_INCREMENT=22;
--
-- AUTO_INCREMENT for table `contact_admin`
--
ALTER TABLE `contact_admin`
  MODIFY `id` int(11) NOT NULL AUTO_INCREMENT, AUTO_INCREMENT=5;
--
-- AUTO_INCREMENT for table `contact_agent`
--
ALTER TABLE `contact_agent`
  MODIFY `id` int(11) NOT NULL AUTO_INCREMENT, AUTO_INCREMENT=47;
--
-- AUTO_INCREMENT for table `contact_us`
--
ALTER TABLE `contact_us`
  MODIFY `id` int(11) NOT NULL AUTO_INCREMENT, AUTO_INCREMENT=2;
--
-- AUTO_INCREMENT for table `countries`
--
ALTER TABLE `countries`
  MODIFY `countries_id` int(11) NOT NULL AUTO_INCREMENT, AUTO_INCREMENT=240;
--
-- AUTO_INCREMENT for table `driverLicense`
--
ALTER TABLE `driverLicense`
  MODIFY `id` int(11) NOT NULL AUTO_INCREMENT, AUTO_INCREMENT=64;
--
-- AUTO_INCREMENT for table `fueltype`
--
ALTER TABLE `fueltype`
  MODIFY `id` int(11) NOT NULL AUTO_INCREMENT, AUTO_INCREMENT=4;
--
-- AUTO_INCREMENT for table `get_touch`
--
ALTER TABLE `get_touch`
  MODIFY `id` int(11) NOT NULL AUTO_INCREMENT, AUTO_INCREMENT=2;
--
-- AUTO_INCREMENT for table `homeslide`
--
ALTER TABLE `homeslide`
  MODIFY `id` int(11) NOT NULL AUTO_INCREMENT, AUTO_INCREMENT=5;
--
-- AUTO_INCREMENT for table `migrations`
--
ALTER TABLE `migrations`
  MODIFY `id` int(10) UNSIGNED NOT NULL AUTO_INCREMENT, AUTO_INCREMENT=2;
--
-- AUTO_INCREMENT for table `notification`
--
ALTER TABLE `notification`
  MODIFY `id` int(11) NOT NULL AUTO_INCREMENT, AUTO_INCREMENT=17;
--
-- AUTO_INCREMENT for table `orders`
--
ALTER TABLE `orders`
  MODIFY `Order_ID` int(11) NOT NULL AUTO_INCREMENT, AUTO_INCREMENT=52;
--
-- AUTO_INCREMENT for table `paymentGatway`
--
ALTER TABLE `paymentGatway`
  MODIFY `id` int(11) NOT NULL AUTO_INCREMENT, AUTO_INCREMENT=9;
--
-- AUTO_INCREMENT for table `pdf_report`
--
ALTER TABLE `pdf_report`
  MODIFY `id` int(11) NOT NULL AUTO_INCREMENT, AUTO_INCREMENT=4;
--
-- AUTO_INCREMENT for table `Place_Order`
--
ALTER TABLE `Place_Order`
  MODIFY `Place_Order_ID` int(11) NOT NULL AUTO_INCREMENT, AUTO_INCREMENT=65;
--
-- AUTO_INCREMENT for table `procategory`
--
ALTER TABLE `procategory`
  MODIFY `id` int(11) NOT NULL AUTO_INCREMENT, AUTO_INCREMENT=12;
--
-- AUTO_INCREMENT for table `properties`
--
ALTER TABLE `properties`
  MODIFY `id` int(11) NOT NULL AUTO_INCREMENT, AUTO_INCREMENT=74;
--
-- AUTO_INCREMENT for table `property_category`
--
ALTER TABLE `property_category`
  MODIFY `id` int(11) NOT NULL AUTO_INCREMENT, AUTO_INCREMENT=3573;
--
-- AUTO_INCREMENT for table `property_img`
--
ALTER TABLE `property_img`
  MODIFY `id` int(11) NOT NULL AUTO_INCREMENT, AUTO_INCREMENT=262;
--
-- AUTO_INCREMENT for table `property_types`
--
ALTER TABLE `property_types`
  MODIFY `id` int(11) NOT NULL AUTO_INCREMENT, AUTO_INCREMENT=3;
--
-- AUTO_INCREMENT for table `pro_feature`
--
ALTER TABLE `pro_feature`
  MODIFY `id` int(11) NOT NULL AUTO_INCREMENT, AUTO_INCREMENT=890;
--
-- AUTO_INCREMENT for table `setting_payment`
--
ALTER TABLE `setting_payment`
  MODIFY `id` int(11) NOT NULL AUTO_INCREMENT, AUTO_INCREMENT=2;
--
-- AUTO_INCREMENT for table `shipping_address`
--
ALTER TABLE `shipping_address`
  MODIFY `id` int(11) NOT NULL AUTO_INCREMENT, AUTO_INCREMENT=20;
--
-- AUTO_INCREMENT for table `showroom_city`
--
ALTER TABLE `showroom_city`
  MODIFY `id` int(11) NOT NULL AUTO_INCREMENT, AUTO_INCREMENT=59;
--
-- AUTO_INCREMENT for table `store_city`
--
ALTER TABLE `store_city`
  MODIFY `id` int(11) NOT NULL AUTO_INCREMENT, AUTO_INCREMENT=4;
--
-- AUTO_INCREMENT for table `top_property`
--
ALTER TABLE `top_property`
  MODIFY `id` int(11) NOT NULL AUTO_INCREMENT, AUTO_INCREMENT=4;
--
-- AUTO_INCREMENT for table `upload_id`
--
ALTER TABLE `upload_id`
  MODIFY `id` int(11) NOT NULL AUTO_INCREMENT, AUTO_INCREMENT=69;
--
-- AUTO_INCREMENT for table `userdevicetoken`
--
ALTER TABLE `userdevicetoken`
  MODIFY `id` int(11) NOT NULL AUTO_INCREMENT, AUTO_INCREMENT=6;
--
-- AUTO_INCREMENT for table `usergroups`
--
ALTER TABLE `usergroups`
  MODIFY `id` int(11) NOT NULL AUTO_INCREMENT, AUTO_INCREMENT=4;
--
-- AUTO_INCREMENT for table `users`
--
ALTER TABLE `users`
  MODIFY `id` int(11) NOT NULL AUTO_INCREMENT, AUTO_INCREMENT=25;
--
-- AUTO_INCREMENT for table `zones`
--
ALTER TABLE `zones`
  MODIFY `zone_id` int(11) NOT NULL AUTO_INCREMENT, AUTO_INCREMENT=184;
/*!40101 SET CHARACTER_SET_CLIENT=@OLD_CHARACTER_SET_CLIENT */;
/*!40101 SET CHARACTER_SET_RESULTS=@OLD_CHARACTER_SET_RESULTS */;
/*!40101 SET COLLATION_CONNECTION=@OLD_COLLATION_CONNECTION */;
